专业工程代码,专业工程名称,附录编号,附录名称,分部编码,分部名称,项目编码,项目名称,项目特征,计量单位,工程量计算规则,工作内容,所属表格,原文页码,备注,trade_code
01,房屋建筑与装饰工程,A,土石方工程,010101,单独土石方,010101001,挖单独土方,土类别,m³,按原始地貌与预 设标高之间的挖填 尺寸，以体积计算,"1.开挖
2.装车
3.场内运输
4.障碍物清除",表 A.1.1 单独土石方,,,01
01,房屋建筑与装饰工程,A,土石方工程,010101,单独土石方,010101002,挖单独石方,岩石类别,m³,按原始地貌与预 设标高之间的挖填 尺寸，以体积计算,"1.开挖
2.装车
3.场内运输
4.障碍物清除",表 A.1.1 单独土石方,,,01
01,房屋建筑与装饰工程,A,土石方工程,010101,单独土石方,010101003,单独土 石方回填,"1.材料品种
2 . 密实度",m³,按原始地貌与预 设标高之间的挖填 尺寸，以体积计算,"1.运输 2.回填
3.压实",表 A.1.1 单独土石方,,,01
01,房屋建筑与装饰工程,A,土石方工程,010102,基础土石方,010102001,挖基坑土方,"1.土类别
2.开挖深度
3.基底处理方式",m³,按设计图示基础 (含垫层)底面积另 加工作面面积，乘 以挖土深度，以体 积计算,"1.开挖、放坡(若有)、 挡土板围护(若有)
2.装车
3.场内运输
4.清底修边
5.基底夯实
6.基底钎探",表 A.2.1 基础土石方,,,01
01,房屋建筑与装饰工程,A,土石方工程,010102,基础土石方,010102002,挖沟槽土方,"1.土类别
2.开挖深度
3.基底处理方式",m³,"1.基础沟槽土方 按照设计图示基础 (含垫层)底面积另 加工作面面积，乘 以挖土深度，以体 积计算
2.管沟土方按设 计图示管底基础 (含垫层)底面积另 加工作面面积，乘 以挖土深度，以体 积计算；无管底基 础及垫层时，按管 外径的水平投影面 积另加工作面面
积，乘以挖土深度， 以体积计算。管道 线路上各类井的土 方并人管沟土方内 计算","1.开挖、放坡(若有)、 挡土板围护(若有)
2.装车
3.场内运输
4.清底修边
5.基底夯实
6.基底钎探",表 A.2.1 基础土石方,,,01
01,房屋建筑与装饰工程,A,土石方工程,010102,基础土石方,010102003,挖冻土,冻土厚度,m³,按设计图示开挖 面积乘以厚度，以 体积计算,"1.开挖
2.装车
3.场内运输",表 A.2.1 基础土石方,,,01
01,房屋建筑与装饰工程,A,土石方工程,010102,基础土石方,010102004,挖淤泥流砂,开挖深度,m³,"按设计图示位
置、界限，以体积 计算","1.开挖
2.装车
3.场内运输",表 A.2.1 基础土石方,,,01
01,房屋建筑与装饰工程,A,土石方工程,010102,基础土石方,010102005,挖基坑石方,"1.开挖深度
2.岩石类别",m³,按设计图示基础 (含垫层)底面积另 加工作面面积，乘 以挖石深度，以体 积计算,"1.开挖、放坡(若有)、 挡土板围护(若有)
2.装车
3.场内运输
4.检底修边",表 A.2.1 基础土石方,,,01
01,房屋建筑与装饰工程,A,土石方工程,010102,基础土石方,010102006,挖沟槽石方,"1.开挖深度
2.岩石类别",m,"1.基础沟槽石方 按照设计图示基础 (含垫层)底面积另 加工作面面积，乘 以挖石深度，以体 积计算
2.管沟石方按设
计图示管底基础 (含垫层)底面积另 加工作面面积，乘 以挖石深度，以体 积计算；无管底基 础及垫层时，按管 外径的水平投影面 积另加工作面面
积，乘以挖石深度， 以体积计算。管道 线路上各类井的石 方并入管沟石方内 计算","1.开挖、放坡(若有)、 挡土板围护(若有)
2.装车
3.场内运输
4.检底修边",表 A.2.1 基础土石方,,,01
01,房屋建筑与装饰工程,A,土石方工程,010102,基础土石方,010102007,回填方,"1.填方部位
2.材料品种
3.密实度",m,"按设计图示尺寸 以体积计算
1.基础回填，按 设计图示基础(含
垫层)底面积另加 工作面面积，乘以 回填深度，减去回 填范围内建筑物
(构筑物)、基础(含 垫层)、管道，以体 积计算
2.房心回填，按 回填区的净体积 计算","1.运输 2.回填
3.压实",表 A.2.1 基础土石方,,,01
01,房屋建筑与装饰工程,A,土石方工程,010103,平整场地及其他,010103001,平整场地,土石类别,m²,按设计图示尺寸 以建筑物首层建筑 面积计算。建筑物 地下室结构外边线 突出首层结构外边 线时，其突出部分 的建筑面积合并 计算,"1.土方挖、填、运
2.场地找平",表 A.3.1 平整场地及其他,,,01
01,房屋建筑与装饰工程,A,土石方工程,010103,平整场地及其他,010103002,余方弃置,土石类别,m³,"按挖方清单项目 工程量减回填清单 项目工程量(可利 用),以体积计算","1.装卸 2.外运
3.消纳",表 A.3.1 平整场地及其他,,,01
01,房屋建筑与装饰工程,B,地基处理与边坡支护工程,010201,地基处理,010201001,换填垫层,"1.换填材料种类及 配比
2.换填方式及压实 系数
3.掺加剂(料)品种",m,按设计图示尺寸 以体积计算,"1.铺设土工材料(若 有),分层铺填
2.碾压、振密或夯实",表 B.1.1 地基处理,,,01
01,房屋建筑与装饰工程,B,地基处理与边坡支护工程,010201,地基处理,010201002,预压地基,"1.预压方式
2.排水竖井种类、 断面尺寸、排列 方式、间距、深度
3.预压荷载、时间
4.砂垫层厚度",m²,按设计图示处理 范围以面积计算,"1.设置排水竖井、盲 沟、滤水管
2.铺设砂垫层、密 封膜
3.堆载、卸载或抽气 设备安拆、抽真
空、挖除砂垫层",表 B.1.1 地基处理,,,01
01,房屋建筑与装饰工程,B,地基处理与边坡支护工程,010201,地基处理,010201003,强夯地基,"1.夯击能量
2.夯击遍数及方式
3.夯击点布置形 式、间距
4.地耐力要求
5.夯填材料种类",m²,按设计图示处理 范围以面积计算,"1.铺设夯填材料
2.强夯",表 B.1.1 地基处理,,,01
01,房屋建筑与装饰工程,B,地基处理与边坡支护工程,010201,地基处理,010201004,"振冲密实地基
(不填料)","1.地层类别
2.振密深度",m²,按设计图示处理 范围以面积计算,"1.振冲加密
2.泥浆排放或场内 运输",表 B.1.1 地基处理,,,01
01,房屋建筑与装饰工程,B,地基处理与边坡支护工程,010201,地基处理,010201005,填料桩 复合地基,"1.地层类别
2.桩形式
3.空桩长度、桩长 4.桩径
5.填充材料种类 及配比",m³,按设计桩截面面 积乘以桩长以体积 计算,"1.成孔、填料、振实 或夯实
2.泥浆排放或场内 运输",表 B.1.1 地基处理,,,01
01,房屋建筑与装饰工程,B,地基处理与边坡支护工程,010201,地基处理,010201006,"水泥粉煤灰
碎石桩复合
地基","1.地层类别
2.空桩长度、桩长 3.桩径
4.混合料强度等级",m³,按设计桩截面面 积乘以桩长以体积 计算,"1.成孔
2.混合料制作、灌 注、养护",表 B.1.1 地基处理,,,01
01,房屋建筑与装饰工程,B,地基处理与边坡支护工程,010201,地基处理,010201007,"水泥土搅拌
桩复合地基","1.地层类别
2.空桩长度、桩长
3.桩截面尺寸
4.做法、搅拌要求
5.水泥强度等级、 掺量",m³,按设计图示桩体 尺寸以体积计算,"1.材料制备
2.预搅下沉，喷浆 (粉)搅拌提升",表 B.1.1 地基处理,,,01
01,房屋建筑与装饰工程,B,地基处理与边坡支护工程,010201,地基处理,010201008,旋喷桩 复合地基,"1.地层类别
2.空桩长度、桩长
3.桩截面尺寸
4.喷射注浆类型
5.水泥强度等级、 掺量",m,按设计图示尺寸 以桩长计算,"1.浆液制备
2.插入喷射管、喷射 注浆
3.拔管、冲洗
4.泥浆排放或场内 运输",表 B.1.1 地基处理,,,01
01,房屋建筑与装饰工程,B,地基处理与边坡支护工程,010201,地基处理,010201009,注浆加固地基,"1.地层类别
2.空钻深度、注浆 深度
3.注浆间距
4.浆液种类及配比
5.水泥强度等级",m,按设计加固地基 尺寸以体积计算,"1.成孔
2.注浆导管制作、 安装
3.浆液制作、压浆",表 B.1.1 地基处理,,,01
01,房屋建筑与装饰工程,B,地基处理与边坡支护工程,010201,地基处理,010201010,褥垫层,"1.材料种类及配比 2.厚度
3.铺设方式及压实 系数",m,按设计图示尺寸 以体积计算,铺设、压实,表 B.1.1 地基处理,,,01
01,房屋建筑与装饰工程,B,地基处理与边坡支护工程,010202,基坑与边坡支护,010202001,地下连续墙,"1.地层类别
2.墙体厚度
3.成槽深度
4.混凝土种类、强 度等级
5.接头形式",m³,按设计图示墙体 尺寸以体积计算,"1.导墙修筑及拆除
2.挖土成槽、固壁、 清底置换
3.混凝土输送、灌注、 养护
4.接头处理
5.泥浆制备、排放或 场内运输",表 B.2.1 基坑与边坡支护,,,01
01,房屋建筑与装饰工程,B,地基处理与边坡支护工程,010202,基坑与边坡支护,010202002,"型钢水泥土
搅拌墙","1.地层类别
2.搅拌桩直径
3.水泥强度等级、 掺量
4.型钢规格型号
5.型钢是否拔出",m³,按设计图示成墙 截面尺寸乘以桩长 以体积计算,"1.导墙修筑及拆除 (若有)
2.材料制备
3.预搅下沉、喷浆、 搅拌提升
4.型钢插、拔
5.型钢拔出后缝隙 注浆(若有)",表 B.2.1 基坑与边坡支护,,,01
01,房屋建筑与装饰工程,B,地基处理与边坡支护工程,010202,基坑与边坡支护,010202003,咬合灌注桩,"1.地层类别
2.桩长、桩径
3.混凝土种类、强 度等级",m,按设计图示尺寸 以桩长计算,"1.导墙修筑及拆除 (若有)
2.套管压入、管内 取土
3.混凝土输送、灌 注、养护
4.套管拔出",表 B.2.1 基坑与边坡支护,,,01
01,房屋建筑与装饰工程,B,地基处理与边坡支护工程,010202,基坑与边坡支护,010202004,木制桩,"1.地层类别
2.材质、规格
3.桩长、尾径
4.桩倾斜度",m,按设计图示尺寸 以桩长计算,"1.工作平台搭设、 拆除
2.桩靴安装
3.沉桩",表 B.2.1 基坑与边坡支护,,,01
01,房屋建筑与装饰工程,B,地基处理与边坡支护工程,010202,基坑与边坡支护,010202005,预制钢筋 混凝土板桩,"1.地层类别
2.送桩深度、桩长
3.桩截面形式、 尺寸
4.混凝土强度等级",m,按设计图示尺寸 以桩长计算,"1.工作平台搭设、 拆除
2.插桩、板桩连接 3.沉桩",表 B.2.1 基坑与边坡支护,,,01
01,房屋建筑与装饰工程,B,地基处理与边坡支护工程,010202,基坑与边坡支护,010202006,型钢桩 、 钢板桩,"1.地层类别
2.截面形式或组 合截面形式
3.钢桩材质规格 和型号
4.送桩深度、桩长
5.是否拔出",t,按设计图示尺寸 以质量计算,"1.工作平台搭设、 拆除
2.插桩、锁口连接
3.沉桩、接桩、拔桩
4.刷防护材料",表 B.2.1 基坑与边坡支护,,,01
01,房屋建筑与装饰工程,B,地基处理与边坡支护工程,010202,基坑与边坡支护,010202007,锚杆(锚索),"1.地层类别
2.锚杆(索)类型、 深度、部位
3.杆体材料品种、 规格、数量
4.预应力值
5.浆液种类、强度 等级",m,按设计图示尺寸 以钻孔深度计算,"1.工作平台搭设、 拆除
2.成孔
3.锚杆(锚索)制作、 插入
4.隔离套管、定位支 架安装
5.浆液制作、注浆
6.预应力锚杆张拉、 锁定",表 B.2.1 基坑与边坡支护,,,01
01,房屋建筑与装饰工程,B,地基处理与边坡支护工程,010202,基坑与边坡支护,010202008,土钉,"1.地层类别
2.土钉类型、深度、 部位
3.杆体材料品种、 规格、数量
4.浆液种类、强度 等级",m,按设计图示尺寸 以土钉置入深度 计算,"1.工作平台搭设、 拆除
2.成孔
3.土钉制作、杆体插 入或打入
4.浆液制作、注浆",表 B.2.1 基坑与边坡支护,,,01
01,房屋建筑与装饰工程,B,地基处理与边坡支护工程,010202,基坑与边坡支护,010202009,喷射混凝土、 水泥砂浆,"1.部位
2.厚度
3.材料种类
4.混凝土(砂浆)
类别、强度等级",m²,按设计图示尺寸 以面积计算,"1.工作平台搭设、 拆除
2.修整边坡
3.混凝土(砂浆)输 送、喷射、养护
4.钻排水孔、安装排 水管",表 B.2.1 基坑与边坡支护,,,01
01,房屋建筑与装饰工程,B,地基处理与边坡支护工程,010202,基坑与边坡支护,010202010,"钢筋混凝土
支撑","1.部位
2.混凝土种类
3.混凝土强度等级",m³,按设计图示尺寸 以体积计算,"1.混凝土输送、浇筑
2.混凝土振捣、养护",表 B.2.1 基坑与边坡支护,,,01
01,房屋建筑与装饰工程,B,地基处理与边坡支护工程,010202,基坑与边坡支护,010202011,"钢筋混凝土
支撑的模板",构件部位,m²,按模板与现浇混 凝土构件的接触面 积计算,"1.模板制作
2.模板及支撑安装
3.刷隔离剂
4.模板及支撑拆除
5.清理模板粘结物 及模内杂物
6.模板及支撑整理、 小修、堆放",表 B.2.1 基坑与边坡支护,,,01
01,房屋建筑与装饰工程,B,地基处理与边坡支护工程,010202,基坑与边坡支护,010202012,"钢筋混凝土
腰梁、冠梁","1.部位
2.混凝土种类
3.混凝土强度等级",m³,按设计图示尺寸 以体积计算,"1.混凝土输送、浇筑
2.混凝土振捣、养护",表 B.2.1 基坑与边坡支护,,,01
01,房屋建筑与装饰工程,B,地基处理与边坡支护工程,010202,基坑与边坡支护,010202013,"钢筋混凝土
腰梁、冠梁的
模板",构件部位,m²,按模板与现浇混 凝土构件的接触面 积计算,"1.模板制作
2.模板及支撑安装
3.刷隔离剂
4.模板及支撑拆除
5.清理模板粘结物 及模内杂物
6.模板及支撑整理、 小修、堆放",表 B.2.1 基坑与边坡支护,,,01
01,房屋建筑与装饰工程,B,地基处理与边坡支护工程,010202,基坑与边坡支护,010202014,钢支撑,"1.部位、连接方式
2.钢材品种、规格",t,"按设计图示尺寸
以质量计算。不扣 除孔眼质量，焊条、 铆钉、螺栓等不另 增加质量","1.构件制作(摊销、 租赁)
2.构件安装
3.探伤
4.刷漆
5.拆除",表 B.2.1 基坑与边坡支护,,,01
01,房屋建筑与装饰工程,B,地基处理与边坡支护工程,010202,基坑与边坡支护,010202015,钢腰梁、冠梁,"1.部位、连接方式
2.钢材品种、规格",t,"按设计图示尺寸
以质量计算。不扣 除孔眼质量，焊条、 铆钉、螺栓等不另 增加质量","1.构件制作(摊销、 租赁)
2.构件安装
3.探伤
4.刷漆
5.拆除",表 B.2.1 基坑与边坡支护,,,01
01,房屋建筑与装饰工程,B,地基处理与边坡支护工程,010202,基坑与边坡支护,010202016,泥浆外运,泥浆来源,m³,按成槽、成孔尺 寸，以体积计算,"1.处置 2.运输
3.消纳",表 B.2.1 基坑与边坡支护,,,01
01,房屋建筑与装饰工程,C,桩 基 工 程,010301,预制桩,010301001,预制钢筋 混凝土实心桩,"1.地层类别
2.送桩深度、桩长
3.桩截面形式、 尺寸
4.混凝土强度等级",m,按设计图示尺寸 以桩长计算,"1.工作平台搭设、 拆除
2.桩机竖拆、移位
3.沉桩、接桩
4.送桩、空孔回填
5.刷防护材料",表 C.1.1 预制桩,,,01
01,房屋建筑与装饰工程,C,桩 基 工 程,010301,预制桩,010301002,预制钢筋 混凝土空心桩,"I.地层类别
2.送桩深度、桩长
3.桩截面形式、 尺寸
4.桩尖类型
5.混凝土强度等级",m,按设计图示尺寸 以桩长计算,"1.工作平台搭设、 拆除
2.桩机竖拆、移位
3.桩尖制作安装
4.沉桩、接桩
5.桩芯取土
6.送桩、空孔回填
7.刷防护材料",表 C.1.1 预制桩,,,01
01,房屋建筑与装饰工程,C,桩 基 工 程,010301,预制桩,010301003,钢管桩,"1.地层类别
2.送桩深度、桩长 3.材质
4.管径、壁厚",t,按设计图示尺寸 以质量计算,"1.工作平台搭设、 拆除
2.桩机竖拆、移位
3.沉桩、接桩
4.管内取土
5.切割钢管、精割 盖帽
6.送桩、空孔回填
7.刷防护材料",表 C.1.1 预制桩,,,01
01,房屋建筑与装饰工程,C,桩 基 工 程,010301,预制桩,010301004,静钻根植桩,"1.地层类别
2.空桩长度、桩长
3.植入桩类型及 截面尺寸
4.植入桩混凝土 种类、强度等级
5.扩底直径及高度
6.桩端水泥浆配比
7.桩周水泥浆配比",m,按设计图示尺寸 以植入桩桩长计算,"1.工作平台搭设、 拆除
2.桩机竖拆、移位
3.成孔、修孔、扩底 4.注浆
5.植桩、接桩
6.送桩、空孔回填
7.刷防护材料
8.泥浆制备、排放或 场内运输",表 C.1.1 预制桩,,,01
01,房屋建筑与装饰工程,C,桩 基 工 程,010301,预制桩,010301005,截(凿)桩头,"1.桩类型
2.桩头截面、高度
3.混凝土强度等级
4.有无钢筋",根,按设计图示数量 计算,"1.截(切割)桩头
2.凿平
3.废料外运、弃置
4.钢筋整理",表 C.1.1 预制桩,,,01
01,房屋建筑与装饰工程,C,桩 基 工 程,010302,灌注桩,010302001,泥浆护壁 成孔灌注桩,"1.地层类别
2.空桩长度、桩长 3.桩径
4.混凝土种类、强
度等级",m³,按设计截面面积 乘以设计桩长以体 积计算，截面局部 扩大部分体积并入 计算,"1.护筒埋设
2.成孔、固壁
3.混凝土输送、灌 注、养护
4.空孔回填
5.泥浆制备、排放或 场内运输",表 C.2.1 灌注桩,,,01
01,房屋建筑与装饰工程,C,桩 基 工 程,010302,灌注桩,010302002,沉管灌注桩,"1.地层类别
2.空桩长度、桩长 3.桩径
4.桩尖类型
5.混凝土种类、强 度等级",m³,按设计截面面积 乘以设计桩长以体 积计算，截面局部 扩大部分体积并入 计算,"1.桩尖制作、安装
2.打(沉)拔钢管
3.混凝土输送、灌 注、养护
4.复打、空孔回填",表 C.2.1 灌注桩,,,01
01,房屋建筑与装饰工程,C,桩 基 工 程,010302,灌注桩,010302003,"干作业机械
成孔灌注桩","1.地层类别
2.空桩长度、桩长 3.桩径
4.扩孔直径、高度
5.混凝土种类、强 度等级",m³,按设计截面面积 乘以设计桩长以体 积计算，截面局部 扩大部分体积并入 计算,"1.成孔、扩孔
2.混凝土输送、灌 注、振捣、养护
3.空孔回填",表 C.2.1 灌注桩,,,01
01,房屋建筑与装饰工程,C,桩 基 工 程,010302,灌注桩,010302004,"爆扩成孔灌
注桩","1.地层类别
2.空桩长度、桩长 3.桩径
4.扩孔直径、高度
5.混凝土种类、强 度等级",m³,按设计截面面积 乘以设计桩长以体 积计算，截面局部 扩大部分体积并入 计算,"1.爆破前成孔
2.爆破扩孔后混凝
土输送、灌注、振 捣、养护
3.空孔回填",表 C.2.1 灌注桩,,,01
01,房屋建筑与装饰工程,C,桩 基 工 程,010302,灌注桩,010302005,钻孔压灌桩,"1.地层类别
2.空钻长度、桩长
3.钻孔直径
4.材料种类、配 比、强度等级",m,按设计图示尺寸 以桩长计算,"1.钻孔
2.浆液制备、注浆、 投放骨料、补浆
3.混凝土输送、压 灌、养护
4.空孔回填",表 C.2.1 灌注桩,,,01
01,房屋建筑与装饰工程,C,桩 基 工 程,010302,灌注桩,010302006,灌注桩后注浆,"1.注浆导管材料、 规格
2.注浆导管长度
3.单孔注浆量
4.水泥强度等级",孔,按设计图示注浆 孔数计算,"1.注浆导管制作、 安装
2.浆液制作、注浆",表 C.2.1 灌注桩,,,01
01,房屋建筑与装饰工程,C,桩 基 工 程,010302,灌注桩,010302007,声测管,"1.材质、规格
2.连接要求",m,按设计图示桩长 乘以管根数计算,"1.制作、管底封堵 2.分段安装、连接
3.注水、管口封堵",表 C.2.1 灌注桩,,,01
01,房屋建筑与装饰工程,D,砌 筑 工 程,010401,砖砌体,010401001,砖基础,"1.砖品种、规格、强 度等级
2.基础类型
3.砂浆强度等级
4.防潮层材料种类",m³,"按设计图示尺寸 以体积计算
扣 除 地 梁 ( 圈
梁)、构造柱所占体
积，不扣除基础大
放脚T形接头处的
重叠部分及嵌入基
础内的钢筋、铁件、
管道、基础砂浆防
潮层和单个面积≤
0.3m²的孔洞所占
体积。附墙垛基础
宽出部分体积并入
计算，靠墙暖气沟
的挑檐不增加体积
墙基础长度：外
墙基础按外墙中心
线、内墙基础按内
墙净长计算","1.砂浆制作
2.砌砖
3.水平防潮层铺设",表 D.1.1 砖砌体,,,01
01,房屋建筑与装饰工程,D,砌 筑 工 程,010401,砖砌体,010401002,实心砖墙,"1.砖品种、规格、强 度等级
2.墙体类型
3.墙体厚度
4.砂浆强度等级",m³,"按设计图示尺寸 以体积计算
扣除门窗洞口、 嵌入墙内的柱、梁、 板及凹进墙内的壁 龛、管槽、暖气槽、 消火栓箱所占体 积，不扣除单个面
积≤0.3m²的孔洞 及墙内檩头、垫木、 木楞头、沿缘木、木 砖、门窗走头、加固 钢筋、木筋、铁件、 管道所占的体积
凸出墙面的墙垛 并入计算。腰线、 挑檐、压顶、窗台 线、虎头砖、门窗套 凸出墙面部分的体 积不并入计算
同材质围墙柱及 围墙压顶并入围墙 体积内计算
墙长度：外墙按 中心线、内墙按净 长计算，框架间墙 不区分内外墙均按 净长计算","1.砂浆制作
2.砌砖
3.刮缝
4.墙体顶缝、侧缝填 塞处理",表 D.1.1 砖砌体,,,01
01,房屋建筑与装饰工程,D,砌 筑 工 程,010401,砖砌体,010401003,多孔砖墙,"1.砖品种、规格、强 度等级
2.墙体类型
3.墙体厚度
4.砂浆强度等级",m³,"按设计图示尺寸 以体积计算
扣除门窗洞口、 嵌入墙内的柱、梁、 板及凹进墙内的壁 龛、管槽、暖气槽、 消火栓箱所占体 积，不扣除单个面
积≤0.3m²的孔洞 及墙内檩头、垫木、 木楞头、沿缘木、木 砖、门窗走头、加固 钢筋、木筋、铁件、 管道所占的体积
凸出墙面的墙垛 并入计算。腰线、 挑檐、压顶、窗台 线、虎头砖、门窗套 凸出墙面部分的体 积不并入计算
同材质围墙柱及 围墙压顶并入围墙 体积内计算
墙长度：外墙按 中心线、内墙按净 长计算，框架间墙 不区分内外墙均按 净长计算","1.砂浆制作
2.砌砖
3.刮缝
4.墙体顶缝、侧缝填 塞处理",表 D.1.1 砖砌体,,,01
01,房屋建筑与装饰工程,D,砌 筑 工 程,010401,砖砌体,010401004,空心砖墙,"1.砖品种、规格、强 度等级
2.墙体类型
3.墙体厚度
4.砂浆强度等级",m³,"按设计图示尺寸 以体积计算
扣除门窗洞口、 嵌入墙内的柱、梁、 板及凹进墙内的壁 龛、管槽、暖气槽、 消火栓箱所占体 积，不扣除单个面
积≤0.3m²的孔洞 及墙内檩头、垫木、 木楞头、沿缘木、木 砖、门窗走头、加固 钢筋、木筋、铁件、 管道所占的体积
凸出墙面的墙垛 并入计算。腰线、 挑檐、压顶、窗台 线、虎头砖、门窗套 凸出墙面部分的体 积不并入计算
同材质围墙柱及 围墙压顶并入围墙 体积内计算
墙长度：外墙按 中心线、内墙按净 长计算，框架间墙 不区分内外墙均按 净长计算","1.砂浆制作
2.砌砖
3.刮缝
4.墙体顶缝、侧缝填 塞处理",表 D.1.1 砖砌体,,,01
01,房屋建筑与装饰工程,D,砌 筑 工 程,010401,砖砌体,010401005,实心砖柱,"1.砖品种、规格、强 度等级
2.柱截面尺寸
3.砂浆强度等级",m³,"按设计图示尺寸
以体积计算。扣除 混凝土及钢筋混凝 土梁垫、梁头、板头 所占体积","1.砂浆制作 2.砌砖
3.刮缝",表 D.1.1 砖砌体,,,01
01,房屋建筑与装饰工程,D,砌 筑 工 程,010401,砖砌体,010401006,多孔砖柱,"1.砖品种、规格、强 度等级
2.柱截面尺寸
3.砂浆强度等级",m³,"按设计图示尺寸
以体积计算。扣除 混凝土及钢筋混凝 土梁垫、梁头、板头 所占体积","1.砂浆制作 2.砌砖
3.刮缝",表 D.1.1 砖砌体,,,01
01,房屋建筑与装饰工程,D,砌 筑 工 程,010401,砖砌体,010401007,砖检查井,"1.井截面、深度
2.砖品种、规格、强 度等级
3.垫层材料种类、 厚度
4 . 底板厚度及混 凝土强度等级
5.井盖材质
6.砂浆强度等级
7.防潮层材料种类",座,按设计图示数量 计算,"1.砂浆制作
2.铺设垫层
3.底板混凝土输送、 浇筑、振捣、养护
4.砌砖、井盖安装
5.刮缝
6.井池底、壁抹灰
7.抹防潮层",表 D.1.1 砖砌体,,,01
01,房屋建筑与装饰工程,D,砌 筑 工 程,010401,砖砌体,010401008,零星砌砖,"1.零星砌砖名称、 部位
2.砖品种、规格、强 度等级
3.砂浆强度等级",m³,按设计图示尺寸 以体积计算,"1.砂浆制作 2.砌砖
3.刮缝",表 D.1.1 砖砌体,,,01
01,房屋建筑与装饰工程,D,砌 筑 工 程,010401,砖砌体,010401009,砖散水、地坪,"1.砖品种、规格、强 度等级
2.垫层材料种类、 厚度
3.散水、地坪厚度
4.面层种类、厚度
5.砂浆强度等级",m²,按设计图示水平 投影面积计算,"1.地基找平、夯实
2.铺设垫层
3.砌砖
4.抹砂浆面层",表 D.1.1 砖砌体,,,01
01,房屋建筑与装饰工程,D,砌 筑 工 程,010401,砖砌体,010401010,砖地沟、明沟,"1.砖品种、规格、强 度等级
2.沟截面尺寸
3.垫层材料种类、 厚度
4 . 底 板 混 凝 土 种 类、强度等级及 厚度
5.砂浆强度等级",m,按设计图示尺寸 以中心线长度计算,"1.铺设垫层
2.底板混凝土输送、 浇筑、振捣、养护
3.砌砖
4.刮缝、抹灰",表 D.1.1 砖砌体,,,01
01,房屋建筑与装饰工程,D,砌 筑 工 程,010401,砖砌体,010401011,贴砌砖墙,"1.砖品种、规格、强 度等级
2.墙体类型
3.墙体厚度
4.砂浆强度等级",m³,按设计图示尺寸 以体积计算,"1.砂浆制作
2.砌砖",表 D.1.1 砖砌体,,,01
01,房屋建筑与装饰工程,D,砌 筑 工 程,010402,砌块砌体,010402001,砌块墙,"1.砌块品种、规格、 强度等级
2.墙体类型
3.墙体厚度
4.砂浆强度等级",m³,"按设计图示尺寸 以体积计算
扣除门窗洞口、 嵌入墙内的柱、梁、
板及凹进墙内的壁 龛、管槽、暖气槽、 消火栓箱所占体 积，不扣除单个面
积≤0.3m²的孔洞 及墙内檩头、垫木、 木楞头、沿缘木、木 砖、门窗走头、加固 钢筋、木筋、铁件、 管道所占的体积
凸出墙面的墙垛 并入计算
同材质围墙柱及 围墙压顶并入围墙 体积内计算
墙长度：外墙按 中心线、内墙按净 长计算，框架间墙 不区分内外墙均按 净长计算","1.砂浆制作
2.砌砖、砌块
3.刮缝
4.墙体顶缝、侧缝填 塞处理",表 D.2.1 砌块砌体,,,01
01,房屋建筑与装饰工程,D,砌 筑 工 程,010402,砌块砌体,010402002,砌块柱,"1.砌块品种、规格、 强度等级
2.柱截面尺寸
3.砂浆强度等级",m³,"按设计图示尺寸
以体积计算。扣除
混凝土及钢筋混凝
土梁垫、梁头、板头
所占体积","1.砂浆制作
2.砌砖、砌块 3.刮缝",表 D.2.1 砌块砌体,,,01
01,房屋建筑与装饰工程,D,砌 筑 工 程,010403,石砌体,010403001,石基础,"1.石料种类、规格
2.基础类型
3.砂浆强度等级
4.防潮层材料种类",m,"按设计图示尺寸 以体积计算
不扣除基础砂浆
防潮层及单个面积
≤0.3m²的孔洞所 占体积，附墙垛基础
宽出部分体积并入 计算，靠墙暖气沟的 挑檐不增加体积
墙基础长度：外墙 基础按中心线、内墙 基础按净长计算","1.砂浆制作
2.吊装
3.砌石
4.防潮层铺设",表 D.3.1 石砌体,,,01
01,房屋建筑与装饰工程,D,砌 筑 工 程,010403,石砌体,010403002,石勒脚,"1.石料种类、规格
2.石表面加工要求
3.勾缝要求
4.砂浆强度等级",m,"按设计图示尺寸
以体积计算。不扣
除单个面积≤0.3m²
的孔洞所占的体积","1.砂浆制作
2.吊装
3.砌石
4.石表面加工 5.勾缝",表 D.3.1 石砌体,,,01
01,房屋建筑与装饰工程,D,砌 筑 工 程,010403,石砌体,010403003,石墙,"1.石料种类、规格
2.石表面加工要求
3.墙体类型
4.勾缝要求
5.砂浆强度等级",m,"按设计图示尺寸 以体积计算
扣除门窗洞口、
嵌入墙内的柱、梁、
板及凹进墙内的壁 龛、管槽、暖气槽、 消 火 栓 箱 所 占 体
积，不扣除单个面
积≤0.3m²的孔洞 及墙内檩头、垫木、 木楞头、沿缘木、木 砖、门窗走头、加固 钢筋、木筋、铁件、 管道所占的体积
凸出墙面的墙垛 并入计算
同材质围墙柱及
围墙压顶并入围墙 体积内计算
墙长度：外墙按
中心线、内墙按净 长计算","1.砂浆制作
2.吊装
3.砌石
4.石表面加工 5.勾缝",表 D.3.1 石砌体,,,01
01,房屋建筑与装饰工程,D,砌 筑 工 程,010403,石砌体,010403004,石挡土墙,"1.石料种类、规格
2.石表面加工要求
3.勾缝要求
4.砂浆强度等级
5.墙(柱)高度",m³,按设计图示尺寸 以体积计算,"1.砂浆制作
2.吊装
3.砌石
4.变形缝、泄水孔、 压顶抹灰
5.滤水层
6.勾缝",表 D.3.1 石砌体,,,01
01,房屋建筑与装饰工程,D,砌 筑 工 程,010403,石砌体,010403005,石柱,"1.石料种类、规格
2.石表面加工要求
3.勾缝要求
4.砂浆强度等级
5.墙(柱)高度",m³,按设计图示尺寸 以体积计算,"1.砂浆制作
2.吊装
3.砌石
4.石表面加工 5.勾缝",表 D.3.1 石砌体,,,01
01,房屋建筑与装饰工程,D,砌 筑 工 程,010403,石砌体,010403006,石栏杆,"1.石料种类、规格
2.栏杆的高度、 厚度
3.石表面加工要求
4.勾缝要求
5.砂浆强度等级",m,按设计图示以长 度计算,"1.砂浆制作
2.吊装
3.砌石
4.石表面加工 5.勾缝",表 D.3.1 石砌体,,,01
01,房屋建筑与装饰工程,D,砌 筑 工 程,010403,石砌体,010403007,石护坡,"1.石料种类、规格
2.垫层材料种类、 厚度
3.护坡厚度、高度
4.石表面加工要求
5.勾缝要求
6.砂浆强度等级",m³,按设计图示尺寸 以体积(不含垫层) 计算,"1.铺设垫层
2.石料加工
3.砂浆制作
4.砌石
5.石表面加工 6.勾缝",表 D.3.1 石砌体,,,01
01,房屋建筑与装饰工程,D,砌 筑 工 程,010403,石砌体,010403008,石台阶,"1.石料种类、规格
2.垫层材料种类、 厚度
3.护坡厚度、高度
4.石表面加工要求
5.勾缝要求
6.砂浆强度等级",m³,按设计图示尺寸 以体积(不含垫层) 计算,"1.铺设垫层
2.石料加工
3.砂浆制作
4.砌石
5.石表面加工 6.勾缝",表 D.3.1 石砌体,,,01
01,房屋建筑与装饰工程,D,砌 筑 工 程,010403,石砌体,010403009,石坡道,"1.石料种类、规格
2.垫层材料种类、 厚度
3.护坡厚度、高度
4.石表面加工要求
5.勾缝要求
6.砂浆强度等级",m³,按设计图示尺寸 以体积(不含垫层) 计算,"1.铺设垫层
2.石料加工
3.砂浆制作
4.砌石
5.石表面加工 6.勾缝",表 D.3.1 石砌体,,,01
01,房屋建筑与装饰工程,D,砌 筑 工 程,010403,石砌体,010403010,石地沟、明沟,"1.石料种类、规格
2.沟截面尺寸
3.垫层材料种类、 厚度
4.底板混凝土种
类、强度等级及 厚度
5.石表面加工要求
6.勾缝要求
7.砂浆强度等级",m,按设计图示尺寸 以中心线长度计算,"1.砂浆制作
2.铺设垫层
3.底板混凝土输送、 浇筑、振捣、养护
4.砌石
5.石表面加工
6.勾缝",表 D.3.1 石砌体,,,01
01,房屋建筑与装饰工程,D,砌 筑 工 程,010404,轻质墙板,010404001,轻质墙板,"1.墙板材质、厚度
2.安装部位
3.连接方式
4.填缝及填充要求",m²,按设计图示尺寸 以面积计算,"1.清理基层、水刷墙 板粘结面
2.调铺砂浆或专用 胶粘剂
3.拼装墙板、粘网格 布条
4.填灌板下细石混 凝土及填充层等 墙板安装操作",表 D.4.1 轻质墙板,,,01
01,房屋建筑与装饰工程,D,砌 筑 工 程,010404,轻质墙板,010404002,"轻质保温
一体墙板","1.墙板材质、厚度
2.保温材料规格、 材质
3.安装部位
4.连接方式
5.填缝及填充要求",m²,按设计图示尺寸 以面积计算,"1.清理基层、水刷墙 板粘结面
2.调铺砂浆或专用 胶粘剂
3.拼装墙板、粘网格 布条
4.填灌板下细石混 凝土及填充层等 墙板安装操作",表 D.4.1 轻质墙板,,,01
01,房屋建筑与装饰工程,E,混凝土及钢筋混凝土工程,010501,基础及楼地面垫层,010501001,基础垫层,"1.基础形式
2.厚度
3.材料品种、强度 要求、配比",m³,按设计图示尺寸 以体积计算。不扣 除伸入垫层的桩头 所占体积,"1.混凝土输送、浇 筑、振捣、养护
2.其他材料的现场 拌和、铺设、找 平、压实",表 E.1.1 基础及楼地面垫层,,,01
01,房屋建筑与装饰工程,E,混凝土及钢筋混凝土工程,010501,基础及楼地面垫层,010501002,楼地面垫层,"1.部位
2.厚度
3.材料品种、强度 要求、配比",m³,按设计图示尺寸 以体积计算。不扣 除伸入垫层的桩头 所占体积,"1.混凝土输送、浇 筑、振捣、养护
2.其他材料的现场 拌和、铺设、找 平、压实",表 E.1.1 基础及楼地面垫层,,,01
01,房屋建筑与装饰工程,E,混凝土及钢筋混凝土工程,010502,现浇混凝土构件,010502001,独立基础,"1.混凝土种类
2.混凝土强度等级
3.基础类型",m³,"按设计图示尺寸 以体积计算。不扣 除伸入桩承台的桩 头所占体积
与筏形基础一起 浇筑的，凸出筏形 基础上下表面的其 他混凝土构件的体 积，并入相应筏形 基础体积内","1.混凝土输送、浇 筑、振捣、养护
2 . 预 留 孔 眼 二 次 灌浆",表 E.2.1 现浇混凝土构件,,,01
01,房屋建筑与装饰工程,E,混凝土及钢筋混凝土工程,010502,现浇混凝土构件,010502002,条形基础,"1.混凝土种类
2.混凝土强度等级
3.基础类型",m³,"按设计图示尺寸 以体积计算。不扣 除伸入桩承台的桩 头所占体积
与筏形基础一起 浇筑的，凸出筏形 基础上下表面的其 他混凝土构件的体 积，并入相应筏形 基础体积内","1.混凝土输送、浇 筑、振捣、养护
2 . 预 留 孔 眼 二 次 灌浆",表 E.2.1 现浇混凝土构件,,,01
01,房屋建筑与装饰工程,E,混凝土及钢筋混凝土工程,010502,现浇混凝土构件,010502003,筏形基础,"1.混凝土种类
2.混凝土强度等级
3.基础类型",m³,"按设计图示尺寸 以体积计算。不扣 除伸入桩承台的桩 头所占体积
与筏形基础一起 浇筑的，凸出筏形 基础上下表面的其 他混凝土构件的体 积，并入相应筏形 基础体积内","1.混凝土输送、浇 筑、振捣、养护
2 . 预 留 孔 眼 二 次 灌浆",表 E.2.1 现浇混凝土构件,,,01
01,房屋建筑与装饰工程,E,混凝土及钢筋混凝土工程,010502,现浇混凝土构件,010502004,设备基础,"1.混凝土种类
2.混凝土强度等级
3.灌浆材料及强 度等级",m³,按设计图示尺寸 以体积计算,"1.混凝土输送、浇 筑、振捣、养护
2 . 预 留 孔 眼 二 次 灌浆",表 E.2.1 现浇混凝土构件,,,01
01,房屋建筑与装饰工程,E,混凝土及钢筋混凝土工程,010502,现浇混凝土构件,010502005,基础联系梁,"1.混凝土种类
2.混凝土强度等级",m,"按设计图示截面 面积乘以梁长以体 积计算
梁长：所联系基 础之间的净长度","1.混凝土输送、浇 筑、振捣、养护
2 . 预 留 孔 眼 二 次 灌浆",表 E.2.1 现浇混凝土构件,,,01
01,房屋建筑与装饰工程,E,混凝土及钢筋混凝土工程,010502,现浇混凝土构件,010502006,钢筋混凝土柱,"1.混凝土种类
2.混凝土强度等级",m,"按设计断面面积 乘以柱高以体积计 算。扣除劲性钢骨 架所占体积，附着 在柱上的牛腿并入 柱体积内
柱高：柱基上表 面至柱顶之间的高 度，其楼层分界线 为各层楼板上表 面，其与柱帽的分 界线为柱帽下表面",混凝土输送、浇筑、 振捣、养护,表 E.2.1 现浇混凝土构件,,,01
01,房屋建筑与装饰工程,E,混凝土及钢筋混凝土工程,010502,现浇混凝土构件,010502007,"劲性钢筋
混凝土柱","1.混凝土种类
2.混凝土强度等级",m,"按设计断面面积 乘以柱高以体积计 算。扣除劲性钢骨 架所占体积，附着 在柱上的牛腿并入 柱体积内
柱高：柱基上表 面至柱顶之间的高 度，其楼层分界线 为各层楼板上表 面，其与柱帽的分 界线为柱帽下表面",混凝土输送、浇筑、 振捣、养护,表 E.2.1 现浇混凝土构件,,,01
01,房屋建筑与装饰工程,E,混凝土及钢筋混凝土工程,010502,现浇混凝土构件,010502008,"钢管
混凝土柱","1.混凝土种类
2.混凝土强度等级
3.填充形式
4.空心率",m,按需浇筑混凝土 的钢管内截面面积 乘以钢管高度以体 积计算,混凝土输送、浇筑、 振捣、养护,表 E.2.1 现浇混凝土构件,,,01
01,房屋建筑与装饰工程,E,混凝土及钢筋混凝土工程,010502,现浇混凝土构件,010502009,地下室外墙,"1.混凝土种类
2.混凝土强度等级
3.墙体厚度",m,"按设计图示尺寸
以体积计算。扣除
门窗洞口及单个面
积>0.3m²的孔洞
所占体积，墙柱、墙
梁及突出墙面部分
并入墙体体积内
墙高：墙基上表
面至墙顶之间的高
度，与板相交时， 内、外墙高度均算 至板顶","1.孔洞预留
2.混凝土输送、浇 筑、振捣、养护",表 E.2.1 现浇混凝土构件,,,01
01,房屋建筑与装饰工程,E,混凝土及钢筋混凝土工程,010502,现浇混凝土构件,010502010,钢筋混凝土墙,"1.混凝土种类
2.混凝土强度等级
3.墙体厚度",m,"按设计图示尺寸
以体积计算。扣除
门窗洞口及单个面
积>0.3m²的孔洞
所占体积，墙柱、墙
梁及突出墙面部分
并入墙体体积内
墙高：墙基上表
面至墙顶之间的高
度，与板相交时， 内、外墙高度均算 至板顶","1.孔洞预留
2.混凝土输送、浇 筑、振捣、养护",表 E.2.1 现浇混凝土构件,,,01
01,房屋建筑与装饰工程,E,混凝土及钢筋混凝土工程,010502,现浇混凝土构件,010502011,"钢筋
混凝土梁","1.混凝土种类
2.混凝土强度等级 3.坡度",m³,"按设计图示尺寸 以体积计算。扣除 劲性钢骨架所占体 积，伸入砌体墙内 的梁头、梁垫并入 梁体积内
梁长：
1 . 梁与柱相交 时 ， 梁长算至柱 侧面
2.主梁与次梁相 交时，次梁长算至 主梁侧面
梁高：
梁顶部与板相交
时，梁高算至板顶；
梁中部、底部与板 相交时，梁高不扣 除板厚",混凝土输送、浇筑、 振捣、养护,表 E.2.1 现浇混凝土构件,,,01
01,房屋建筑与装饰工程,E,混凝土及钢筋混凝土工程,010502,现浇混凝土构件,010502012,劲性钢筋 混凝土梁,"1.混凝土种类
2.混凝土强度等级 3.坡度",m³,"按设计图示尺寸 以体积计算。扣除 劲性钢骨架所占体 积，伸入砌体墙内 的梁头、梁垫并入 梁体积内
梁长：
1 . 梁与柱相交 时 ， 梁长算至柱 侧面
2.主梁与次梁相 交时，次梁长算至 主梁侧面
梁高：
梁顶部与板相交
时，梁高算至板顶；
梁中部、底部与板 相交时，梁高不扣 除板厚",混凝土输送、浇筑、 振捣、养护,表 E.2.1 现浇混凝土构件,,,01
01,房屋建筑与装饰工程,E,混凝土及钢筋混凝土工程,010502,现浇混凝土构件,010502013,实心楼板,"1.混凝土种类
2.混凝土强度等级",m³,"按设计图示尺寸
以体积计算。不扣
除单个面积≤0.3m²
的孔洞所占体积，
伸入砌体墙内的板
头以及板下柱帽并
入板体积内
板与现浇墙、梁 相交时，板尺寸算 至墙、梁侧面",混凝土输送、浇筑、 振捣、养护,表 E.2.1 现浇混凝土构件,,,01
01,房屋建筑与装饰工程,E,混凝土及钢筋混凝土工程,010502,现浇混凝土构件,010502014,空心楼板,"1.混凝土种类
2.混凝土强度等级",m³,"按设计图示尺寸 以体积计算。扣除 内置筒芯、箱体部 分的体积，板下柱 帽并入板体积内
板与现浇墙、梁 相交时，板尺寸算 至墙、梁侧面",混凝土输送、浇筑、 振捣、养护,表 E.2.1 现浇混凝土构件,,,01
01,房屋建筑与装饰工程,E,混凝土及钢筋混凝土工程,010502,现浇混凝土构件,010502015,空心板 内置筒芯,"1.筒芯材质、类型
2.筒芯规格、型号",m,按设计图示放置 筒芯的长度计算,"1.定位、放线、试排
2.筒芯、箱体等内置 材料安装、加固等
3.检查、校正、清理",表 E.2.1 现浇混凝土构件,,,01
01,房屋建筑与装饰工程,E,混凝土及钢筋混凝土工程,010502,现浇混凝土构件,010502016,空心板 内置箱体,"1.箱体材质、类型
2.箱体规格、型号",个,按设计图示放置 箱体的数量计算,"1.定位、放线、试排
2.筒芯、箱体等内置 材料安装、加固等
3.检查、校正、清理",表 E.2.1 现浇混凝土构件,,,01
01,房屋建筑与装饰工程,E,混凝土及钢筋混凝土工程,010502,现浇混凝土构件,010502017,坡屋面板,"1.混凝土种类
2.混凝土强度等级 3.坡度",m,"按设计图示尺寸 以体积计算。不扣 除单个面积≤0.3m² 的孔洞所占体积，
伸入砌体墙内的板 头以及屋脊八字相 交处的加厚混凝土 并入板体积内
坡屋面板与屋面 梁相交时，板尺寸 算至梁侧面",混凝土输送、浇筑、 振捣、养护,表 E.2.1 现浇混凝土构件,,,01
01,房屋建筑与装饰工程,E,混凝土及钢筋混凝土工程,010502,现浇混凝土构件,010502018,坡道板,"1.混凝土种类
2.混凝土强度等级
3.坡道形式",m,按设计图示尺寸 以体积计算。不扣 除单个面积≤0.3m² 的孔洞所占体积,混凝土输送、浇筑、 振捣、养护,表 E.2.1 现浇混凝土构件,,,01
01,房屋建筑与装饰工程,E,混凝土及钢筋混凝土工程,010502,现浇混凝土构件,010502019,其他板,"1.板名称
2.混凝土种类
3.混凝土强度等级",m,"按设计图示尺寸 以构件净体积计 算。依附其上的混 凝土上翻、线条、外 凸造型等并入板体 积内
其他板与楼板、 屋面板水平连接
时，以外墙外边线 为界；与梁水平连 接时，以梁外边线 为界；与梁、楼板竖 向连接时，以梁、楼 板上下表面为界",混凝土输送、浇筑、 振捣、养护,表 E.2.1 现浇混凝土构件,,,01
01,房屋建筑与装饰工程,E,混凝土及钢筋混凝土工程,010502,现浇混凝土构件,010502020,楼梯,"1.混凝土种类
2.混凝土强度等级
3.楼梯形式",m,按设计图示尺寸 以体积计算。嵌入 砌体墙内的部分并 入楼梯体积内,混凝土输送、浇筑、 振捣、养护,表 E.2.1 现浇混凝土构件,,,01
01,房屋建筑与装饰工程,E,混凝土及钢筋混凝土工程,010502,现浇混凝土构件,010502021,构造柱,"1.混凝土种类
2.混凝土强度等级",m³,"按设计断面面积 乘以柱高以体积计 算。与砌体嵌接部 分(马牙槎)并入柱 体积内
柱高：
1.非通长构造柱
高度，自其生根构
件(基础、基础圈
梁、下部梁、下部板
等)的上表面算至
其锚固构件(上部
梁、上部板等)的下
表面
2.通长构造柱高 度自其生根构件的 上表面算至柱顶",混凝土输送、浇筑、 振捣、养护,表 E.2.1 现浇混凝土构件,,,01
01,房屋建筑与装饰工程,E,混凝土及钢筋混凝土工程,010502,现浇混凝土构件,010502022,圈梁,"1.混凝土种类
2.混凝土强度等级",m³,"按设计图示截面 面积乘以梁长以体 积计算。遇洞口变 截面部分并入圈梁 体积内
圈梁与构造柱连 接时，梁长算至构 造柱(不含马牙槎) 的侧面",混凝土输送、浇筑、 振捣、养护,表 E.2.1 现浇混凝土构件,,,01
01,房屋建筑与装饰工程,E,混凝土及钢筋混凝土工程,010502,现浇混凝土构件,010502023,过梁,"1.混凝土种类
2.混凝土强度等级",m³,"按设计图示截面 面积乘以梁长以体 积计算
梁长按设计规定 计算，设计无规定 时，按梁下洞口宽 度两端各加250mm",混凝土输送、浇筑、 振捣、养护,表 E.2.1 现浇混凝土构件,,,01
01,房屋建筑与装饰工程,E,混凝土及钢筋混凝土工程,010502,现浇混凝土构件,010502024,填充混凝土,"1.混凝土种类
2.混凝土强度等级
3.填充部位",m³,按设计图示填充 部位的尺寸，以体 积计算,混凝土输送、浇筑、 振捣、养护,表 E.2.1 现浇混凝土构件,,,01
01,房屋建筑与装饰工程,E,混凝土及钢筋混凝土工程,010502,现浇混凝土构件,010502025,零星现浇构件,"1.构件名称
2.混凝土种类
3.混凝土强度等级",m³,按设计图示尺寸 以构件净体积计算,混凝土输送、浇筑、 振捣、养护,表 E.2.1 现浇混凝土构件,,,01
01,房屋建筑与装饰工程,E,混凝土及钢筋混凝土工程,010502,现浇混凝土构件,010502026,挡土墙,"1.混凝土种类
2.混凝土强度等级
3.截面尺寸",m³,"按设计图示尺寸 以体积计算。不扣 除泄水孔所占体
积，墙垛及突出墙 面部分并入墙体体 积内",混凝土输送、浇筑、 振捣、养护,表 E.2.1 现浇混凝土构件,,,01
01,房屋建筑与装饰工程,E,混凝土及钢筋混凝土工程,010502,现浇混凝土构件,010502027,电缆沟、地沟,"1.沟截面净空尺寸
2.垫层材料种类、 厚度
3.底板混凝土种
类、强度等级、 厚度
4.沟壁混凝土种
类、强度等级、 厚度
5.防护材料种类",m,按设计图示尺寸 以中心线长度计算,"1.地基夯实
2.垫层材料现场拌 和、铺设
3.混凝土输送、浇 筑、振捣、养护
4.刷防护材料",表 E.2.1 现浇混凝土构件,,,01
01,房屋建筑与装饰工程,E,混凝土及钢筋混凝土工程,010502,现浇混凝土构件,010502028,化粪池、 检查井,"1.构件名称
2.井、池净空尺寸
3.垫层材料种类、 厚度
3.底板厚度及混
凝土种类、强度 等级
4.侧板厚度及混
凝土种类、强度 等级
5.盖板厚度及混
凝土种类、强度 等级
6.抹面砂浆种类、 厚度
7.防护材料种类
8.井盖材质、规格",座,按设计图示数量 计算,"1.地基夯实
2.垫层材料现场拌 和、铺设
3.混凝土输送、浇 筑、振捣、养护
4.砂浆抹面
5.刷防护材料
6.井盖安装(若有)",表 E.2.1 现浇混凝土构件,,,01
01,房屋建筑与装饰工程,E,混凝土及钢筋混凝土工程,010502,现浇混凝土构件,010502029,散水,"1.垫层材料种类、 厚度
2.面层厚度
3.混凝土种类
4.混凝土强度等级
5.嵌缝材料种类",m²,按设计图示尺寸 以水平投影面积 计算,"1.地基夯实
2.垫层材料现场拌 和、铺设
3.混凝土输送、浇 筑、振捣、养护
4.变形缝、分隔缝 填塞",表 E.2.1 现浇混凝土构件,,,01
01,房屋建筑与装饰工程,E,混凝土及钢筋混凝土工程,010502,现浇混凝土构件,010502030,地坪,"1.垫层材料种类、 厚度
2.面层厚度
3.混凝土种类
4.混凝土强度等级
5.嵌缝材料种类",m²,按设计图示尺寸 以水平投影面积 计算,"1.地基夯实
2.垫层材料现场拌 和、铺设
3.混凝土输送、浇 筑、振捣、养护
4.变形缝、分隔缝 填塞",表 E.2.1 现浇混凝土构件,,,01
01,房屋建筑与装饰工程,E,混凝土及钢筋混凝土工程,010502,现浇混凝土构件,010502031,坡道,"1.垫层材料种类、 厚度
2.面层厚度
3.混凝土种类
4.混凝土强度等级
5.嵌缝材料种类",m²,按设计图示尺寸 以斜面积计算,"1.地基夯实
2.垫层材料现场拌 和、铺设
3.混凝土输送、浇 筑、振捣、养护
4.变形缝、分隔缝 填塞",表 E.2.1 现浇混凝土构件,,,01
01,房屋建筑与装饰工程,E,混凝土及钢筋混凝土工程,010502,现浇混凝土构件,010502032,台阶,"1.垫层材料种类、 厚度
2.踏步高、宽
3.混凝土种类
4.混凝土强度等级",m²,按设计图示尺寸 以水平投影面积计 算。与上部平台相 连时，算至最上一 级踏步踏面，该踏 面无设计宽度时， 按下一级踏面宽度 计算,"1.地基夯实
2.垫层材料现场拌 和、铺设
3.混凝土输送、浇 筑、振捣、养护",表 E.2.1 现浇混凝土构件,,,01
01,房屋建筑与装饰工程,E,混凝土及钢筋混凝土工程,010502,现浇混凝土构件,010502033,后浇带,"1.部位
2.混凝土种类
3.混凝土强度等级",m³,按设计图示尺寸 以体积计算,"1.设置钢丝网或快 速收口板留置后 浇带
2.混凝土交接面、钢 筋等的清理
3.混凝土输送、浇 筑、振捣、养护",表 E.2.1 现浇混凝土构件,,,01
01,房屋建筑与装饰工程,E,混凝土及钢筋混凝土工程,010503,一般预制混凝土构件,010503001,矩形柱,"1.图代号
2.混凝土强度等级
3.砂浆(细石混凝 土)种类及强度 等级",m³,按设计图示尺寸 以体积计算,"1.构件就位、安装
2.接头灌缝、养护",表 E.3.1 一般预制混凝土构件,,,01
01,房屋建筑与装饰工程,E,混凝土及钢筋混凝土工程,010503,一般预制混凝土构件,010503002,异型柱,"1.图代号
2.混凝土强度等级
3.砂浆(细石混凝 土)种类及强度 等级",m³,按设计图示尺寸 以体积计算,"1.构件就位、安装
2.接头灌缝、养护",表 E.3.1 一般预制混凝土构件,,,01
01,房屋建筑与装饰工程,E,混凝土及钢筋混凝土工程,010503,一般预制混凝土构件,010503003,矩形梁,"1.图代号
2.混凝土强度等级
3.砂浆(细石混凝 土)种类及强度 等级",m³,按设计图示尺寸 以体积计算,"1.构件就位、安装
2.接头灌缝、养护",表 E.3.1 一般预制混凝土构件,,,01
01,房屋建筑与装饰工程,E,混凝土及钢筋混凝土工程,010503,一般预制混凝土构件,010503004,异型梁,"1.图代号
2.混凝土强度等级
3.砂浆(细石混凝 土)种类及强度 等级",m³,按设计图示尺寸 以体积计算,"1.构件就位、安装
2.接头灌缝、养护",表 E.3.1 一般预制混凝土构件,,,01
01,房屋建筑与装饰工程,E,混凝土及钢筋混凝土工程,010503,一般预制混凝土构件,010503005,拱形梁,"1.图代号
2.混凝土强度等级
3.砂浆(细石混凝 土)种类及强度 等级",m³,按设计图示尺寸 以体积计算,"1.构件就位、安装
2.接头灌缝、养护",表 E.3.1 一般预制混凝土构件,,,01
01,房屋建筑与装饰工程,E,混凝土及钢筋混凝土工程,010503,一般预制混凝土构件,010503006,过梁,"1.图代号
2.混凝土强度等级
3.砂浆(细石混凝 土)种类及强度 等级",m³,按设计图示尺寸 以体积计算,"1.构件就位、安装
2.接头灌缝、养护",表 E.3.1 一般预制混凝土构件,,,01
01,房屋建筑与装饰工程,E,混凝土及钢筋混凝土工程,010503,一般预制混凝土构件,010503007,吊车梁,"1.图代号
2.混凝土强度等级
3.砂浆(细石混凝 土)种类及强度 等级",m³,按设计图示尺寸 以体积计算,"1.构件就位、安装
2.接头灌缝、养护",表 E.3.1 一般预制混凝土构件,,,01
01,房屋建筑与装饰工程,E,混凝土及钢筋混凝土工程,010503,一般预制混凝土构件,010503008,其他梁,"1.图代号
2.混凝土强度等级
3.砂浆(细石混凝 土)种类及强度 等级",m³,按设计图示尺寸 以体积计算,"1.构件就位、安装
2.接头灌缝、养护",表 E.3.1 一般预制混凝土构件,,,01
01,房屋建筑与装饰工程,E,混凝土及钢筋混凝土工程,010503,一般预制混凝土构件,010503009,屋架,"1.屋架形式/天窗 架组成
2.图代号
3.混凝土强度等级
4.砂浆(细石混凝 土)种类及强度 等级",m³,按设计图示尺寸 以体积计算,"1.构件就位、拼装、 安装
2.接头灌缝、养护",表 E.3.1 一般预制混凝土构件,,,01
01,房屋建筑与装饰工程,E,混凝土及钢筋混凝土工程,010503,一般预制混凝土构件,010503010,天窗架,"1.屋架形式/天窗 架组成
2.图代号
3.混凝土强度等级
4.砂浆(细石混凝 土)种类及强度 等级",m³,按设计图示尺寸 以体积计算,"1.构件就位、拼装、 安装
2.接头灌缝、养护",表 E.3.1 一般预制混凝土构件,,,01
01,房屋建筑与装饰工程,E,混凝土及钢筋混凝土工程,010503,一般预制混凝土构件,010503011,实心条板,"1.板形式及部位
2.图代号
3.混凝土强度等级
4.砂浆(细石混凝 土)种类及强度 等级",m³,"按设计图示尺寸
以体积计算。不扣除
单个面积≤0.3m²的
孔洞及宽度≤40mm
的板缝所占的体
积，空心板空洞体
积亦不扣除，伸入
墙内的板头并人板
体积内计算","1.构件就位、安装
2.接头灌缝、养护",表 E.3.1 一般预制混凝土构件,,,01
01,房屋建筑与装饰工程,E,混凝土及钢筋混凝土工程,010503,一般预制混凝土构件,010503012,空心条板,"1.板形式及部位
2.图代号
3.混凝土强度等级
4.砂浆(细石混凝 土)种类及强度 等级",m³,"按设计图示尺寸
以体积计算。不扣除
单个面积≤0.3m²的
孔洞及宽度≤40mm
的板缝所占的体
积，空心板空洞体
积亦不扣除，伸入
墙内的板头并人板
体积内计算","1.构件就位、安装
2.接头灌缝、养护",表 E.3.1 一般预制混凝土构件,,,01
01,房屋建筑与装饰工程,E,混凝土及钢筋混凝土工程,010503,一般预制混凝土构件,010503013,大型板,"1.板形式及部位
2.图代号
3.混凝土强度等级
4.砂浆(细石混凝 土)种类及强度 等级",m³,"按设计图示尺寸
以体积计算。不扣除
单个面积≤0.3m²的
孔洞及宽度≤40mm
的板缝所占的体
积，空心板空洞体
积亦不扣除，伸入
墙内的板头并人板
体积内计算","1.构件就位、安装
2.接头灌缝、养护",表 E.3.1 一般预制混凝土构件,,,01
01,房屋建筑与装饰工程,E,混凝土及钢筋混凝土工程,010503,一般预制混凝土构件,010503014,盖板、井圈,"1.构件名称
2.构件尺寸
3.混凝土强度等级
4.砂浆种类及强 度等级",套,按设计图示数量 计算,"1.构件就位、安装
2.井口(沟边)找补、 抹压、养护",表 E.3.1 一般预制混凝土构件,,,01
01,房屋建筑与装饰工程,E,混凝土及钢筋混凝土工程,010503,一般预制混凝土构件,010503015,"垃圾道 、
通风道、烟道","1.构件名称
2.构件尺寸、型号 或体积
3.混凝土强度等级
4.砂浆种类及强 度等级",m,按设计图示尺寸 以长度计算,"1.构件就位、安装
2.接头灌缝、养护",表 E.3.1 一般预制混凝土构件,,,01
01,房屋建筑与装饰工程,E,混凝土及钢筋混凝土工程,010503,一般预制混凝土构件,010503016,其他构件,"1.构件名称
2.构件尺寸、型号 或体积
3.混凝土强度等级
4.砂浆种类及强 度等级",m³,按设计图示尺寸 以体积计算,"1.构件就位、安装
2.接头灌缝、养护",表 E.3.1 一般预制混凝土构件,,,01
01,房屋建筑与装饰工程,E,混凝土及钢筋混凝土工程,010504,装配式预制混凝土构件,010504001,实心柱,"1.构件规格或图号
2.混凝土强度等级
3.连接方式
4.灌浆料材质",m³,按设计图示构件 尺寸以体积计算。 接缝灌浆层体积并 入构件体积内。不 扣除构件内钢筋、 预埋部件、预留孔 洞、灌浆套筒及后 浇键槽所占体积， 构件外露钢筋、连 接件及吊环体积亦 不增加,"1.支撑杆连接件预 埋，结合面清理
2.构件吊装、就位、 校正、垫实、固定， 坐浆料铺筑
3.接头区构件预留 钢筋、连接件整 理及连接
4.灌(注)浆料
5 . 搭 设 及 拆 除 钢 支撑",表 E.4.1 装配式预制混凝土构件,,,01
01,房屋建筑与装饰工程,E,混凝土及钢筋混凝土工程,010504,装配式预制混凝土构件,010504002,单梁,"1.构件规格或图号
2.混凝土强度等级
3.连接方式
4.灌浆料材质",m³,按设计图示构件 尺寸以体积计算。 接缝灌浆层体积并 入构件体积内。不 扣除构件内钢筋、 预埋部件、预留孔 洞、灌浆套筒及后 浇键槽所占体积， 构件外露钢筋、连 接件及吊环体积亦 不增加,"1.支撑杆连接件预 埋，结合面清理
2.构件吊装、就位、 校正、垫实、固定， 坐浆料铺筑
3.接头区构件预留 钢筋、连接件整 理及连接
4.灌(注)浆料
5 . 搭 设 及 拆 除 钢 支撑",表 E.4.1 装配式预制混凝土构件,,,01
01,房屋建筑与装饰工程,E,混凝土及钢筋混凝土工程,010504,装配式预制混凝土构件,010504003,叠合梁,"1.构件规格或图号
2.混凝土强度等级
3.连接方式
4.灌浆料材质",m³,按设计图示构件 尺寸以体积计算。 接缝灌浆层体积并 入构件体积内。不 扣除构件内钢筋、 预埋部件、预留孔 洞、灌浆套筒及后 浇键槽所占体积， 构件外露钢筋、连 接件及吊环体积亦 不增加,"1.支撑杆连接件预 埋，结合面清理
2.构件吊装、就位、 校正、垫实、固定， 坐浆料铺筑
3.接头区构件预留 钢筋、连接件整 理及连接
4.灌(注)浆料
5 . 搭 设 及 拆 除 钢 支撑",表 E.4.1 装配式预制混凝土构件,,,01
01,房屋建筑与装饰工程,E,混凝土及钢筋混凝土工程,010504,装配式预制混凝土构件,010504004,叠合楼板,"1.构件类型
2.构件规格或图号
3.混凝土强度等级",m³,"按设计图示构件
尺寸以体积计算。
不扣除构件内钢
筋、预埋部件、预留
孔洞、构件边缘倒
角及后浇键槽所占
体积，构件外露钢
筋、连接件及吊环
体积亦不增加","1.结合面清理
2.构件吊装、就位、 校正、垫实、固定， 坐浆料铺筑
3.钢筋整理
4 . 搭 设 及 拆 除 钢 支撑",表 E.4.1 装配式预制混凝土构件,,,01
01,房屋建筑与装饰工程,E,混凝土及钢筋混凝土工程,010504,装配式预制混凝土构件,010504005,实心剪力 墙板,"1.构件类型
2.构件规格或图号
3.混凝土强度等级
4.竖向连接方式
5.水平连接方式
6.接缝处防水要求",m³,"按设计图示构件 尺寸扣除门窗洞口 以体积计算。坐浆 层体积并入构件体 积内。不扣除：
1.构件内钢筋、 预埋部件、预留孔 洞所占体积
2.灌浆套筒、灌 浆孔道及后浇键槽 所占体积
3.相邻预制墙板 锚环连接处灌浆 体积
构件外露钢筋、 连接件及吊环体积 亦不增加","1.支撑杆连接件预 埋，结合面清理
2.构件吊装、就位、 校正、垫实、固定， 坐浆料铺筑
3.连接区构件预留 钢筋、连接件整 理及连接
4.灌(注)浆料
5.填缝、嵌缝、打胶
6 . 搭 设 及 拆 除 钢 支撑",表 E.4.1 装配式预制混凝土构件,,,01
01,房屋建筑与装饰工程,E,混凝土及钢筋混凝土工程,010504,装配式预制混凝土构件,010504006,"夹心保温
剪力墙板","1.构件类型
2.构件规格或图号
3.混凝土强度等级
4.竖向连接方式
5.水平连接方式
6.接缝处防水要求",m³,"按设计图示构件 尺寸扣除门窗洞口 以体积计算。坐浆 层体积并入构件体 积内。不扣除：
1.构件内钢筋、 预埋部件、预留孔 洞所占体积
2.灌浆套筒、灌 浆孔道及后浇键槽 所占体积
3.相邻预制墙板 锚环连接处灌浆 体积
构件外露钢筋、 连接件及吊环体积 亦不增加","1.支撑杆连接件预 埋，结合面清理
2.构件吊装、就位、 校正、垫实、固定， 坐浆料铺筑
3.连接区构件预留 钢筋、连接件整 理及连接
4.灌(注)浆料
5.填缝、嵌缝、打胶
6 . 搭 设 及 拆 除 钢 支撑",表 E.4.1 装配式预制混凝土构件,,,01
01,房屋建筑与装饰工程,E,混凝土及钢筋混凝土工程,010504,装配式预制混凝土构件,010504007,叠合剪力 墙板,"1.构件类型
2.构件规格或图号
3.混凝土强度等级
4.竖向连接方式
5.水平连接方式
6.接缝处防水要求",m³,"按设计图示构件 尺寸扣除门窗洞口 以体积计算。坐浆 层体积并入构件体 积内。不扣除：
1.构件内钢筋、 预埋部件、预留孔 洞所占体积
2.灌浆套筒、灌 浆孔道及后浇键槽 所占体积
3.相邻预制墙板 锚环连接处灌浆 体积
构件外露钢筋、 连接件及吊环体积 亦不增加","1.支撑杆连接件预 埋，结合面清理
2.构件吊装、就位、 校正、垫实、固定， 坐浆料铺筑
3.连接区构件预留 钢筋、连接件整 理及连接
4.灌(注)浆料
5.填缝、嵌缝、打胶
6 . 搭 设 及 拆 除 钢 支撑",表 E.4.1 装配式预制混凝土构件,,,01
01,房屋建筑与装饰工程,E,混凝土及钢筋混凝土工程,010504,装配式预制混凝土构件,010504008,外挂墙板,"1.构件规格或图号
2.混凝土强度等级
3.连接方式
4.接缝处防水要求",m³,"按设计图示构件
尺寸以体积计算。
不扣除构件内钢
筋、预埋部件、预留
孔洞、后浇键槽及
预制墙板拼缝所占
体积，构件外露钢
筋、连接件及吊环
体积亦不增加","1.支撑杆连接件预 埋，结合面清理
2.构件吊装、就位、 校正、垫实、固定
3.连接区构件预留 钢筋、连接件整 理及连接
4.填缝、嵌缝、打胶
5 . 搭 设 及 拆 除 钢 支撑",表 E.4.1 装配式预制混凝土构件,,,01
01,房屋建筑与装饰工程,E,混凝土及钢筋混凝土工程,010504,装配式预制混凝土构件,010504009,女儿墙,"1.构件规格或图号
2.混凝土强度等级
3.连接方式
4.接缝处防水要求",m³,"按设计图示构件
尺寸以体积计算。
不扣除构件内钢
筋、预埋部件、预留
孔洞、后浇键槽及
预制墙板拼缝所占
体积，构件外露钢
筋、连接件及吊环
体积亦不增加","1.支撑杆连接件预 埋，结合面清理
2.构件吊装、就位、 校正、垫实、固定
3.连接区构件预留 钢筋、连接件整 理及连接
4.填缝、嵌缝、打胶
5 . 搭 设 及 拆 除 钢 支撑",表 E.4.1 装配式预制混凝土构件,,,01
01,房屋建筑与装饰工程,E,混凝土及钢筋混凝土工程,010504,装配式预制混凝土构件,010504010,楼梯,"1.楼梯形式
2.构件规格或图号
3.混凝土强度等级
4.连接方式
5.接缝处防水要求",m³,"按设计图示构件
尺寸以体积计算。
不扣除构件内钢
筋、预埋部件、预留
孔洞、后浇键槽及
预制构件拼缝所占
体积，构件外露钢
筋、连接件及吊环
体积亦不增加","1.结合面清理
2.构件吊装、就位、 校正、垫实、固定， 坐浆料铺筑
3.连接区构件预留 钢筋、连接件整 理及连接
4.嵌缝、打胶
5 . 搭 设 及 拆 除 钢 支撑",表 E.4.1 装配式预制混凝土构件,,,01
01,房屋建筑与装饰工程,E,混凝土及钢筋混凝土工程,010504,装配式预制混凝土构件,010504011,阳台,"1.构件类型
2.构件规格或图号
3.混凝土强度等级
4.连接方式
5.接缝处防水要求",m³,"按设计图示构件
尺寸以体积计算。
不扣除构件内钢
筋、预埋部件、预留
孔洞、后浇键槽及
预制构件拼缝所占
体积，构件外露钢
筋、连接件及吊环
体积亦不增加","1.支撑杆连接件预 埋，结合面清理
2.构件吊装、就位、 校正、垫实、固定， 坐浆料铺筑
3.连接区构件预留 钢筋、连接件整 理及连接
4.填缝、嵌缝、打胶
5 . 搭 设 及 拆 除 钢 支撑",表 E.4.1 装配式预制混凝土构件,,,01
01,房屋建筑与装饰工程,E,混凝土及钢筋混凝土工程,010504,装配式预制混凝土构件,010504012,凸(飘)窗,"1.构件类型
2.构件规格或图号
3.混凝土强度等级
4.连接方式
5.接缝处防水要求",m³,"按设计图示构件
尺寸以体积计算。
不扣除构件内钢
筋、预埋部件、预留
孔洞、后浇键槽及
预制构件拼缝所占
体积，构件外露钢
筋、连接件及吊环
体积亦不增加","1.支撑杆连接件预 埋，结合面清理
2.构件吊装、就位、 校正、垫实、固定， 坐浆料铺筑
3.连接区构件预留 钢筋、连接件整 理及连接
4.填缝、嵌缝、打胶
5 . 搭 设 及 拆 除 钢 支撑",表 E.4.1 装配式预制混凝土构件,,,01
01,房屋建筑与装饰工程,E,混凝土及钢筋混凝土工程,010504,装配式预制混凝土构件,010504013,空调板,"1.构件类型
2.构件规格或图号
3.混凝土强度等级
4.连接方式
5.接缝处防水要求",m³,"按设计图示构件
尺寸以体积计算。
不扣除构件内钢
筋、预埋部件、预留
孔洞、后浇键槽及
预制构件拼缝所占
体积，构件外露钢
筋、连接件及吊环
体积亦不增加","1.支撑杆连接件预 埋，结合面清理
2.构件吊装、就位、 校正、垫实、固定， 坐浆料铺筑
3.连接区构件预留 钢筋、连接件整 理及连接
4.填缝、嵌缝、打胶
5 . 搭 设 及 拆 除 钢 支撑",表 E.4.1 装配式预制混凝土构件,,,01
01,房屋建筑与装饰工程,E,混凝土及钢筋混凝土工程,010504,装配式预制混凝土构件,010504014,其他构件,"1.构件类型
2.构件规格或图号
3.混凝土强度等级
4.连接方式
5.接缝处防水要求",m³,"按设计图示构件
尺寸以体积计算。
不扣除构件内钢
筋、预埋部件、预留
孔洞、后浇键槽及
预制构件拼缝所占
体积，构件外露钢
筋、连接件及吊环
体积亦不增加","1.支撑杆连接件预 埋，结合面清理
2.构件吊装、就位、 校正、垫实、固定， 坐浆料铺筑
3.连接区构件预留 钢筋、连接件整 理及连接
4.填缝、嵌缝、打胶
5 . 搭 设 及 拆 除 钢 支撑",表 E.4.1 装配式预制混凝土构件,,,01
01,房屋建筑与装饰工程,E,混凝土及钢筋混凝土工程,010504,装配式预制混凝土构件,010504015,"叠合梁 、
板后浇混凝土","1.部位
2.混凝土种类
3.混凝土强度等级
4.浇筑方式",m³,按设计图示尺寸 以体积计算。不扣 除构件内钢筋、预 埋部件、预留孔洞 所占的体积，预制 构件边缘倒角部分 及后浇混凝土键槽 部分亦不增加,混凝土输送、浇筑、 振捣、养护,表 E.4.1 装配式预制混凝土构件,,,01
01,房屋建筑与装饰工程,E,混凝土及钢筋混凝土工程,010504,装配式预制混凝土构件,010504016,叠合剪力墙后 浇混凝土,"1.部位
2.混凝土种类
3.混凝土强度等级
4.浇筑方式",m³,按设计图示尺寸 以体积计算。不扣 除构件内钢筋、预 埋部件、预留孔洞 所占的体积，预制 构件边缘倒角部分 及后浇混凝土键槽 部分亦不增加,混凝土输送、浇筑、 振捣、养护,表 E.4.1 装配式预制混凝土构件,,,01
01,房屋建筑与装饰工程,E,混凝土及钢筋混凝土工程,010505,混凝土模板,010505001,垫层模板,垫层部位,m²,按模板与现浇混 凝土垫层的接触面 积计算,"1.模板制作
2.模板及支撑安装
3.刷隔离剂
4.模板及支撑拆除
5.清理模板粘结物 及模内杂物
6.模板及支撑整理、 小修、堆放",表 E.5.1 混凝土模板,,,01
01,房屋建筑与装饰工程,E,混凝土及钢筋混凝土工程,010505,混凝土模板,010505002,基础模板,基础类型,m²,按模板与现浇混 凝土构件的接触面 积计算,"1.模板制作
2.模板及支撑安装
3.刷隔离剂
4.模板及支撑拆除
5.清理模板粘结物 及模内杂物
6.模板及支撑整理、 小修、堆放",表 E.5.1 混凝土模板,,,01
01,房屋建筑与装饰工程,E,混凝土及钢筋混凝土工程,010505,混凝土模板,010505003,"基础联系梁
模板",模板形式,m²,按模板与现浇混 凝土构件的接触面 积计算,"1.模板制作
2.模板及支撑安装
3.刷隔离剂
4.模板及支撑拆除
5.清理模板粘结物 及模内杂物
6.模板及支撑整理、 小修、堆放",表 E.5.1 混凝土模板,,,01
01,房屋建筑与装饰工程,E,混凝土及钢筋混凝土工程,010505,混凝土模板,010505004,柱面模板,模板形式,m²,按模板与现浇混 凝土构件的接触面 积计算,"1.模板制作
2.模板及支撑安装
3.刷隔离剂
4.模板及支撑拆除
5.清理模板粘结物 及模内杂物
6.模板及支撑整理、 小修、堆放",表 E.5.1 混凝土模板,,,01
01,房屋建筑与装饰工程,E,混凝土及钢筋混凝土工程,010505,混凝土模板,010505005,墙面模板,模板形式,m²,"按模板与现浇混
凝土构件的接触面积
计算。扣除门窗洞口
及单个面积>0.3m²
的孔洞所占面积，
洞侧壁面积并入计
算；不扣除单个面
积≤0.3m²的孔洞
所占的面积，洞侧
壁面积亦不计算","1.模板制作
2.模板及支撑安装
3.刷隔离剂
4.模板及支撑拆除
5.清理模板粘结物 及模内杂物
6.模板及支撑整理、 小修、堆放",表 E.5.1 混凝土模板,,,01
01,房屋建筑与装饰工程,E,混凝土及钢筋混凝土工程,010505,混凝土模板,010505006,梁模板,模板形式,m²,按模板与现浇混 凝土构件的接触面 积计算。梁板连接 时，边缘处梁侧模 不扣除板厚,"1.模板制作
2.模板及支撑安装
3.刷隔离剂
4.模板及支撑拆除
5.清理模板粘结物 及模内杂物
6.模板及支撑整理、 小修、堆放",表 E.5.1 混凝土模板,,,01
01,房屋建筑与装饰工程,E,混凝土及钢筋混凝土工程,010505,混凝土模板,010505007,楼板、屋面板、 坡道板模板,模板形式,m²,"按模板与现浇混
凝土构件的接触面积 计算。扣除单个面积 >0.3m²的孔洞所占 面积，洞侧壁面积并 入计算；不扣除单个 面积≤0.3m²的孔洞 所占的面积，洞侧壁 面积亦不计算","1.模板制作
2.模板及支撑安装
3.刷隔离剂
4.模板及支撑拆除
5.清理模板粘结物 及模内杂物
6.模板及支撑整理、 小修、堆放",表 E.5.1 混凝土模板,,,01
01,房屋建筑与装饰工程,E,混凝土及钢筋混凝土工程,010505,混凝土模板,010505008,其他板模板,"1.构件名称
2.模板形式",m²,"按模板与现浇混
凝土构件的接触面积 计算。扣除单个面积 >0.3m²的孔洞所占 面积，洞侧壁面积并 入计算；不扣除单个 面积≤0.3m²的孔洞 所占的面积，洞侧壁 面积亦不计算","1.模板制作
2.模板及支撑安装
3.刷隔离剂
4.模板及支撑拆除
5.清理模板粘结物 及模内杂物
6.模板及支撑整理、 小修、堆放",表 E.5.1 混凝土模板,,,01
01,房屋建筑与装饰工程,E,混凝土及钢筋混凝土工程,010505,混凝土模板,010505009,柱帽模板,模板形式,m²,按模板与现浇混 凝土构件的接触面 积计算,"1.模板制作
2.模板及支撑安装
3.刷隔离剂
4.模板及支撑拆除
5.清理模板粘结物 及模内杂物
6.模板及支撑整理、 小修、堆放",表 E.5.1 混凝土模板,,,01
01,房屋建筑与装饰工程,E,混凝土及钢筋混凝土工程,010505,混凝土模板,010505010,楼梯模板,"1.楼梯形式
2.模板形式",m²,按模板与现浇混 凝土构件的接触面 积计算,"1.模板制作
2.模板及支撑安装
3.刷隔离剂
4.模板及支撑拆除
5.清理模板粘结物 及模内杂物
6.模板及支撑整理、 小修、堆放",表 E.5.1 混凝土模板,,,01
01,房屋建筑与装饰工程,E,混凝土及钢筋混凝土工程,010505,混凝土模板,010505011,构造柱模板,"1.楼梯形式
2.模板形式",m²,按混凝土外露宽 度乘以柱高以面积 计算。与砌体嵌接 处按混凝土外露面 最大宽度计算,"1.模板制作
2.模板及支撑安装
3.刷隔离剂
4.模板及支撑拆除
5.清理模板粘结物 及模内杂物
6.模板及支撑整理、 小修、堆放",表 E.5.1 混凝土模板,,,01
01,房屋建筑与装饰工程,E,混凝土及钢筋混凝土工程,010505,混凝土模板,010505012,圈梁模板,,m²,按模板与现浇混 凝土构件的接触面 积计算。圈梁与构 造柱连接时，梁长 算至构造柱(含马 牙槎)的侧面,"1.模板制作
2.模板及支撑安装
3.刷隔离剂
4.模板及支撑拆除
5.清理模板粘结物 及模内杂物
6.模板及支撑整理、 小修、堆放",表 E.5.1 混凝土模板,,项目特征缺失; 项目特征缺失或异常,01
01,房屋建筑与装饰工程,E,混凝土及钢筋混凝土工程,010505,混凝土模板,010505013,过梁模板,,m²,"按模板与现浇混 凝土构件的接触面 积计算。过梁梁长 设计无规定时，按 梁下洞口宽度两端 各加250mm,计算
侧模面积","1.模板制作
2.模板及支撑安装
3.刷隔离剂
4.模板及支撑拆除
5.清理模板粘结物 及模内杂物
6.模板及支撑整理、 小修、堆放",表 E.5.1 混凝土模板,,项目特征缺失; 项目特征缺失或异常,01
01,房屋建筑与装饰工程,E,混凝土及钢筋混凝土工程,010505,混凝土模板,010505014,"零星现浇
构件模板","1.构件名称
2.模板形式",m²,按模板与现浇混 凝土构件的接触面 积计算,"1.模板制作
2.模板及支撑安装
3.刷隔离剂
4.模板及支撑拆除
5.清理模板粘结物 及模内杂物
6.模板及支撑整理、 小修、堆放",表 E.5.1 混凝土模板,,,01
01,房屋建筑与装饰工程,E,混凝土及钢筋混凝土工程,010505,混凝土模板,010505015,挡土墙模板,模板部位,m²,"按模板与现浇混 凝土构件的接触面 积计算。不扣除单 个面积≤0.3m²的
孔洞所占的面积， 洞侧壁模板亦不 增加","1.模板制作
2.模板及支撑安装
3.刷隔离剂
4.模板及支撑拆除
5.清理模板粘结物 及模内杂物
6.模板及支撑整理、 小修、堆放",表 E.5.1 混凝土模板,,,01
01,房屋建筑与装饰工程,E,混凝土及钢筋混凝土工程,010505,混凝土模板,010505016,井(池)模板,模板形式,m²,按模板与现浇混 凝土构件的接触面 积计算,"1.模板制作
2.模板及支撑安装
3.刷隔离剂
4.模板及支撑拆除
5.清理模板粘结物 及模内杂物
6.模板及支撑整理、 小修、堆放",表 E.5.1 混凝土模板,,,01
01,房屋建筑与装饰工程,E,混凝土及钢筋混凝土工程,010505,混凝土模板,010505017,"电缆沟 、
地沟模板",构件名称,m²,按模板与现浇混 凝土构件的接触面 积计算,"1.模板制作
2.模板及支撑安装
3.刷隔离剂
4.模板及支撑拆除
5.清理模板粘结物 及模内杂物
6.模板及支撑整理、 小修、堆放",表 E.5.1 混凝土模板,,,01
01,房屋建筑与装饰工程,E,混凝土及钢筋混凝土工程,010505,混凝土模板,010505018,台阶模板,模板部位,m²,按模板与现浇混 凝土构件的接触面 积计算,"1.模板制作
2.模板及支撑安装
3.刷隔离剂
4.模板及支撑拆除
5.清理模板粘结物 及模内杂物
6.模板及支撑整理、 小修、堆放",表 E.5.1 混凝土模板,,,01
01,房屋建筑与装饰工程,E,混凝土及钢筋混凝土工程,010505,混凝土模板,010505019,后浇带模板,后浇带部位,m²,按模板与后浇带 的接触面积计算,"1.模板制作
2.模板及支撑安装
3.刷隔离剂
4.模板及支撑拆除
5.清理模板粘结物 及模内杂物
6.模板及支撑整理、 小修、堆放",表 E.5.1 混凝土模板,,,01
01,房屋建筑与装饰工程,E,混凝土及钢筋混凝土工程,010505,混凝土模板,010505020,叠合构件后浇 混凝土模板,后浇部位,m²,按模板与后浇混 凝土构件的接触面 积计算,"1.模板制作
2.模板及支撑安装
3.刷隔离剂
4.模板及支撑拆除
5.清理模板粘结物 及模内杂物
6.模板及支撑整理、 小修、堆放",表 E.5.1 混凝土模板,,,01
01,房屋建筑与装饰工程,E,混凝土及钢筋混凝土工程,010506,钢筋及螺栓、铁件,010506001,"现浇混凝土 基础及联系
梁钢筋",钢筋种类、规格,lt,按设计图示钢筋 中心线长度乘以单 位理论质量计算。 设计(包括规范规 定)标明的搭接和 锚固长度应并入 计算,"1.钢筋制作
2.钢筋安装、固定
3.钢筋连接",表 E.6.1 钢筋及螺栓、铁件,,,01
01,房屋建筑与装饰工程,E,混凝土及钢筋混凝土工程,010506,钢筋及螺栓、铁件,010506002,现浇混凝土 柱钢筋,钢筋种类、规格,lt,按设计图示钢筋 中心线长度乘以单 位理论质量计算。 设计(包括规范规 定)标明的搭接和 锚固长度应并入 计算,"1.钢筋制作
2.钢筋安装、固定
3.钢筋连接",表 E.6.1 钢筋及螺栓、铁件,,,01
01,房屋建筑与装饰工程,E,混凝土及钢筋混凝土工程,010506,钢筋及螺栓、铁件,010506003,"现浇混凝土
地下室外墙
钢筋",钢筋种类、规格,lt,按设计图示钢筋 中心线长度乘以单 位理论质量计算。 设计(包括规范规 定)标明的搭接和 锚固长度应并入 计算,"1.钢筋制作
2.钢筋安装、固定
3.钢筋连接",表 E.6.1 钢筋及螺栓、铁件,,,01
01,房屋建筑与装饰工程,E,混凝土及钢筋混凝土工程,010506,钢筋及螺栓、铁件,010506004,现浇混凝土 墙钢筋,钢筋种类、规格,lt,按设计图示钢筋 中心线长度乘以单 位理论质量计算。 设计(包括规范规 定)标明的搭接和 锚固长度应并入 计算,"1.钢筋制作
2.钢筋安装、固定
3.钢筋连接",表 E.6.1 钢筋及螺栓、铁件,,,01
01,房屋建筑与装饰工程,E,混凝土及钢筋混凝土工程,010506,钢筋及螺栓、铁件,010506005,现浇混凝土 梁钢筋,钢筋种类、规格,lt,按设计图示钢筋 中心线长度乘以单 位理论质量计算。 设计(包括规范规 定)标明的搭接和 锚固长度应并入 计算,"1.钢筋制作
2.钢筋安装、固定
3.钢筋连接",表 E.6.1 钢筋及螺栓、铁件,,,01
01,房屋建筑与装饰工程,E,混凝土及钢筋混凝土工程,010506,钢筋及螺栓、铁件,010506006,"现浇混凝土 楼板及屋面板
钢筋",钢筋种类、规格,lt,按设计图示钢筋 中心线长度乘以单 位理论质量计算。 设计(包括规范规 定)标明的搭接和 锚固长度应并入 计算,"1.钢筋制作
2.钢筋安装、固定
3.钢筋连接",表 E.6.1 钢筋及螺栓、铁件,,,01
01,房屋建筑与装饰工程,E,混凝土及钢筋混凝土工程,010506,钢筋及螺栓、铁件,010506007,现浇混凝土 坡道板钢筋,钢筋种类、规格,lt,按设计图示钢筋 中心线长度乘以单 位理论质量计算。 设计(包括规范规 定)标明的搭接和 锚固长度应并入 计算,"1.钢筋制作
2.钢筋安装、固定
3.钢筋连接",表 E.6.1 钢筋及螺栓、铁件,,,01
01,房屋建筑与装饰工程,E,混凝土及钢筋混凝土工程,010506,钢筋及螺栓、铁件,010506008,现浇混凝土 其他板钢筋,钢筋种类、规格,lt,按设计图示钢筋 中心线长度乘以单 位理论质量计算。 设计(包括规范规 定)标明的搭接和 锚固长度应并入 计算,"1.钢筋制作
2.钢筋安装、固定
3.钢筋连接",表 E.6.1 钢筋及螺栓、铁件,,,01
01,房屋建筑与装饰工程,E,混凝土及钢筋混凝土工程,010506,钢筋及螺栓、铁件,010506009,现浇混凝土 楼梯钢筋,钢筋种类、规格,lt,按设计图示钢筋 中心线长度乘以单 位理论质量计算。 设计(包括规范规 定)标明的搭接和 锚固长度应并入 计算,"1.钢筋制作
2.钢筋安装、固定
3.钢筋连接",表 E.6.1 钢筋及螺栓、铁件,,,01
01,房屋建筑与装饰工程,E,混凝土及钢筋混凝土工程,010506,钢筋及螺栓、铁件,010506010,现浇混凝土 二次结构钢筋,钢筋种类、规格,lt,按设计图示钢筋 中心线长度乘以单 位理论质量计算。 设计(包括规范规 定)标明的搭接和 锚固长度应并入 计算,"1.钢筋制作
2.钢筋安装、固定
3.钢筋连接",表 E.6.1 钢筋及螺栓、铁件,,,01
01,房屋建筑与装饰工程,E,混凝土及钢筋混凝土工程,010506,钢筋及螺栓、铁件,010506011,现浇混凝土 零星构件钢筋,钢筋种类、规格,lt,按设计图示钢筋 中心线长度乘以单 位理论质量计算。 设计(包括规范规 定)标明的搭接和 锚固长度应并入 计算,"1.钢筋制作
2.钢筋安装、固定
3.钢筋连接",表 E.6.1 钢筋及螺栓、铁件,,,01
01,房屋建筑与装饰工程,E,混凝土及钢筋混凝土工程,010506,钢筋及螺栓、铁件,010506012,现浇混凝土 挡土墙钢筋,钢筋种类、规格,lt,按设计图示钢筋 中心线长度乘以单 位理论质量计算。 设计(包括规范规 定)标明的搭接和 锚固长度应并入 计算,"1.钢筋制作
2.钢筋安装、固定
3.钢筋连接",表 E.6.1 钢筋及螺栓、铁件,,,01
01,房屋建筑与装饰工程,E,混凝土及钢筋混凝土工程,010506,钢筋及螺栓、铁件,010506013,"现浇混凝土
散水、坡道
钢筋",钢筋种类、规格,lt,按设计图示钢筋 中心线长度乘以单 位理论质量计算。 设计(包括规范规 定)标明的搭接和 锚固长度应并入 计算,"1.钢筋制作
2.钢筋安装、固定
3.钢筋连接",表 E.6.1 钢筋及螺栓、铁件,,,01
01,房屋建筑与装饰工程,E,混凝土及钢筋混凝土工程,010506,钢筋及螺栓、铁件,010506014,现浇混凝土 地坪钢筋,钢筋种类、规格,lt,按设计图示钢筋 中心线长度乘以单 位理论质量计算。 设计(包括规范规 定)标明的搭接和 锚固长度应并入 计算,"1.钢筋制作
2.钢筋安装、固定
3.钢筋连接",表 E.6.1 钢筋及螺栓、铁件,,,01
01,房屋建筑与装饰工程,E,混凝土及钢筋混凝土工程,010506,钢筋及螺栓、铁件,010506015,现浇混凝土 台阶钢筋,钢筋种类、规格,lt,按设计图示钢筋 中心线长度乘以单 位理论质量计算。 设计(包括规范规 定)标明的搭接和 锚固长度应并入 计算,"1.钢筋制作
2.钢筋安装、固定
3.钢筋连接",表 E.6.1 钢筋及螺栓、铁件,,,01
01,房屋建筑与装饰工程,E,混凝土及钢筋混凝土工程,010506,钢筋及螺栓、铁件,010506016,叠合构件后浇 混凝土钢筋,"1.构件类型
2.钢筋种类、规格",,"按设计图示钢筋 中心线长度乘以单
位理论质量计算。 叠合预制构件伸入 后浇部分的钢筋不 计算，相邻现浇构 件伸入后浇部分的 预留钢筋不并入
计算","1.钢筋制作
2.钢筋安装、固定
3.钢筋连接",表 E.6.1 钢筋及螺栓、铁件,,计量单位为空; 计量单位为空,01
01,房屋建筑与装饰工程,E,混凝土及钢筋混凝土工程,010506,钢筋及螺栓、铁件,010506017,"砌体工程内
配钢筋","1.钢筋种类、规格
2.布置方式",,"按设计图示钢筋 中心线长度或设计 (含规范)要求的钢 筋计算长度乘以单 位理论质量计算。 设计(包括规范规 定)标明的搭接和 锚固长度应并入
计算","1.钢筋制作
2.钢筋安装、固定
3.钢筋连接",表 E.6.1 钢筋及螺栓、铁件,,计量单位为空; 计量单位为空,01
01,房屋建筑与装饰工程,E,混凝土及钢筋混凝土工程,010506,钢筋及螺栓、铁件,010506018,屋面刚性层 内配钢筋,钢筋种类、规格,,按设计图示钢筋 中心线长度或设计 (含图集)要求的钢 筋计算长度乘以单 位理论质量计算,"1.钢筋制作
2.钢筋安装、固定",表 E.6.1 钢筋及螺栓、铁件,,计量单位为空; 计量单位为空,01
01,房屋建筑与装饰工程,E,混凝土及钢筋混凝土工程,010506,钢筋及螺栓、铁件,010506019,装饰工程 内配钢筋,钢筋种类、规格,,按设计图示钢筋 中心线长度或设计 (含图集)要求的钢 筋计算长度乘以单 位理论质量计算,"1.钢筋制作
2.钢筋安装、固定",表 E.6.1 钢筋及螺栓、铁件,,计量单位为空; 计量单位为空,01
01,房屋建筑与装饰工程,E,混凝土及钢筋混凝土工程,010506,钢筋及螺栓、铁件,010506020,钢筋网片,"1.钢筋种类、规格
2.使用部位",,按设计图示钢筋 网面积乘以单位理 论质量计算,"1.钢筋网制作
2.钢筋网安装、固定",表 E.6.1 钢筋及螺栓、铁件,,计量单位为空; 计量单位为空,01
01,房屋建筑与装饰工程,E,混凝土及钢筋混凝土工程,010506,钢筋及螺栓、铁件,010506021,钢筋笼,"1.钢筋种类、规格
2.使用部位",,按设计图示钢筋 中心线长度乘以单 位理论质量计算。 设计(包括规范规 定)标明的搭接应 计算在内，灌注桩 允许超灌长度内的 钢筋应并入计算,"1.钢筋笼制作
2.钢筋笼安装
3.钢筋整理",表 E.6.1 钢筋及螺栓、铁件,,计量单位为空; 计量单位为空,01
01,房屋建筑与装饰工程,E,混凝土及钢筋混凝土工程,010506,钢筋及螺栓、铁件,010506022,预应力钢筋,"1.钢筋(丝束、绞 线)种类、规格
2.锚具种类
3.张拉方式
4.砂浆强度等级",t,按设计图示钢筋 (丝束、绞线)中心 线长度乘单位理论 质量计算,"1.钢筋、钢丝束、钢 绞线制作
2.钢筋、钢丝束、钢 绞线安装
3.预埋管孔道铺设
4.锚具安装
5.砂浆制作、输送
6.孔道压浆、养护
7.张拉、封锚或端部
防护处理",表 E.6.1 钢筋及螺栓、铁件,,,01
01,房屋建筑与装饰工程,E,混凝土及钢筋混凝土工程,010506,钢筋及螺栓、铁件,010506023,钢丝网,"1.钢丝网规格
2.使用部位",m²,按设计(包括规 范规定)要求以面 积计算,钢丝网裁切、敷设、 固定,表 E.6.1 钢筋及螺栓、铁件,,,01
01,房屋建筑与装饰工程,E,混凝土及钢筋混凝土工程,010506,钢筋及螺栓、铁件,010506024,螺栓,"1.螺栓种类
2.规格
3.使用部位
4.端头处理方式",套,按设计(包括规 范规定)要求以数 量计算,"1.螺栓、铁件制作
2.螺栓、铁件安装
3 . 对 拉 螺 栓 端 头 处理",表 E.6.1 钢筋及螺栓、铁件,,,01
01,房屋建筑与装饰工程,E,混凝土及钢筋混凝土工程,010506,钢筋及螺栓、铁件,010506025,预埋铁件,"/1.钢材种类
2.规格
3.铁件尺寸",t,按设计图示尺寸 以质量计算,"1.螺栓、铁件制作
2.螺栓、铁件安装
3 . 对 拉 螺 栓 端 头 处理",表 E.6.1 钢筋及螺栓、铁件,,,01
01,房屋建筑与装饰工程,E,混凝土及钢筋混凝土工程,010506,钢筋及螺栓、铁件,010506026,结构抗(隔) 震支座,"1.支座种类 2.支座规格
3.使用部位",套,按设计图示数量 计算,"1.定位板安装、拆除
2.连接件安装固定 3.支座安装",表 E.6.1 钢筋及螺栓、铁件,,,01
01,房屋建筑与装饰工程,E,混凝土及钢筋混凝土工程,010506,钢筋及螺栓、铁件,010506027,阻尼器,"1.阻尼器种类
2.阻尼器规格
3.使用部位",套,按设计图示数量 计算,"1.配套连接件或节 点板定位、焊接
2.阻尼器拼装、安装",表 E.6.1 钢筋及螺栓、铁件,,,01
01,房屋建筑与装饰工程,F,金属结构工程,010601,钢网架,010601001,钢网架,"1.结构形式、跨度
2.杆件钢材品种、 规格
3.节点形式、连接 方式
4.节点钢材品种、 规格
5.构件涂(镀)层 要求
6.探伤要求",t,按设计图示尺寸 以质量计算。不扣 除孔眼的质量，焊 条、螺钉(或销子) 等不另增加质量,"1.拼装
2.吊装就位 3.安装
4.探伤
5.补刷油漆",表 F.1.1 钢网架,,,01
01,房屋建筑与装饰工程,F,金属结构工程,010601,钢网架,010601002,钢网壳,"1.结构形式、跨度
2.杆件钢材品种、 规格
3.节点形式、连接 方式
4.节点钢材品种、 规格
5.构件涂(镀)层 要求
6.探伤要求",t,按设计图示尺寸 以质量计算。不扣 除孔眼的质量，焊 条、螺钉(或销子) 等不另增加质量,"1.拼装
2.吊装就位 3.安装
4.探伤
5.补刷油漆",表 F.1.1 钢网架,,,01
01,房屋建筑与装饰工程,F,金属结构工程,010602,钢屋架、钢托架、钢桁架,010602001,钢屋架,"1.钢材品种、规格
2.屋架跨度及起 拱高度
3.构件涂(镀)层 要求
4.探伤要求",t,"按设计图示尺寸
以质量计算。不扣
除孔眼的质量，焊
条、铆钉、普通螺栓
等不另增加质量","1.拼装
2.吊装就位 3.安装
4.探伤
5.补刷油漆",表 F.2.1 钢屋架、钢托架、钢桁架,,,01
01,房屋建筑与装饰工程,F,金属结构工程,010602,钢屋架、钢托架、钢桁架,010602002,钢托架,"1.钢材品种、规格
2.构件涂(镀)层 要求
3.探伤要求",t,"按设计图示尺寸
以质量计算。不扣
除孔眼的质量，焊
条、铆钉、普通螺栓
等不另增加质量","1.拼装
2.吊装就位 3.安装
4.探伤
5.补刷油漆",表 F.2.1 钢屋架、钢托架、钢桁架,,,01
01,房屋建筑与装饰工程,F,金属结构工程,010602,钢屋架、钢托架、钢桁架,010602003,钢桁架,"1.钢材品种、规格
2.构件涂(镀)层 要求
3.探伤要求",t,"按设计图示尺寸
以质量计算。不扣
除孔眼的质量，焊
条、铆钉、普通螺栓
等不另增加质量","1.拼装
2.吊装就位 3.安装
4.探伤
5.补刷油漆",表 F.2.1 钢屋架、钢托架、钢桁架,,,01
01,房屋建筑与装饰工程,F,金属结构工程,010603,钢柱,010603001,实腹钢柱,"1.柱类型
2.钢材品种、规格
3.构件涂(镀)层 要求
4.探伤要求",t,"按设计图示尺寸
以质量计算。不扣 除孔眼的质量，焊 条、铆钉、普通螺栓 等不另增加质量， 钢柱上的节点板、 加强环、内衬管、牛 腿及悬臂梁等并入
钢柱工程量内","1.拼装
2.吊装就位 3.安装
4.探伤
5.补刷油漆",表 F.3.1 钢柱,,,01
01,房屋建筑与装饰工程,F,金属结构工程,010603,钢柱,010603002,空腹钢柱,"1.柱类型
2.钢材品种、规格
3.构件涂(镀)层 要求
4.探伤要求",t,"按设计图示尺寸
以质量计算。不扣 除孔眼的质量，焊 条、铆钉、普通螺栓 等不另增加质量， 钢柱上的节点板、 加强环、内衬管、牛 腿及悬臂梁等并入
钢柱工程量内","1.拼装
2.吊装就位 3.安装
4.探伤
5.补刷油漆",表 F.3.1 钢柱,,,01
01,房屋建筑与装饰工程,F,金属结构工程,010603,钢柱,010603003,钢管柱,"1.钢材品种、规格
2.构件涂(镀)层 要求
3.探伤要求",t,"按设计图示尺寸
以质量计算。不扣 除孔眼的质量，焊 条、铆钉、普通螺栓 等不另增加质量， 钢柱上的节点板、 加强环、内衬管、牛 腿及悬臂梁等并入
钢柱工程量内","1.拼装
2.吊装就位 3.安装
4.探伤
5.补刷油漆",表 F.3.1 钢柱,,,01
01,房屋建筑与装饰工程,F,金属结构工程,010604,钢梁,010604001,钢梁,"1.梁类型
2.钢材品种、规格
3.构件涂(镀)层 要求
4.探伤要求",t,"按设计图示尺寸
以质量计算。不扣
除孔眼的质量，焊
条、铆钉、普通螺栓
等不另增加质量，
节点板、加强肋、制
动梁、制动板、制动
桁架、车挡并入钢
梁及吊车梁工程
量内","1.拼装
2.吊装就位 3.安装
4.探伤
5.补刷油漆",表 F.4.1 钢梁,,,01
01,房屋建筑与装饰工程,F,金属结构工程,010604,钢梁,010604002,钢吊车梁,"1.钢材品种、规格
2.构件涂(镀)层 要求
3.探伤要求",t,"按设计图示尺寸
以质量计算。不扣
除孔眼的质量，焊
条、铆钉、普通螺栓
等不另增加质量，
节点板、加强肋、制
动梁、制动板、制动
桁架、车挡并入钢
梁及吊车梁工程
量内","1.拼装
2.吊装就位 3.安装
4.探伤
5.补刷油漆",表 F.4.1 钢梁,,,01
01,房屋建筑与装饰工程,F,金属结构工程,010605,钢板楼板、墙板、屋面板,010605001,钢板楼板,"1.钢材品种、规格
2.钢板型号、厚度
3.构件涂(镀)层 要求",m²,按设计图示尺寸 以铺设水平投影面 积计算。不扣除单 个面积≤0.3m²的 柱、垛及孔洞所占 面积,"1.拼装
2.吊装就位
3.安装
4.探伤
5.补刷油漆
6.接缝、嵌缝",表 F.5.1 钢板楼板、墙板、屋面板,,,01
01,房屋建筑与装饰工程,F,金属结构工程,010605,钢板楼板、墙板、屋面板,010605002,钢板墙板,"1.钢材品种、规格
2.钢板(复合板) 型号、厚度
3 . 构件涂(镀)层 要求
4.复合板夹芯材 料种类、规格
5.接缝、嵌缝材料 种类",m²,"按设计图示尺寸
以铺挂展开面积计
算。扣除门窗洞口
所占面积，不扣除
单个面积≤0.3m²
的梁、孔洞所占面
积，包角、包边、窗
台泛水等不另加 面积","1.拼装
2.吊装就位
3.安装
4.探伤
5.补刷油漆
6.接缝、嵌缝",表 F.5.1 钢板楼板、墙板、屋面板,,,01
01,房屋建筑与装饰工程,F,金属结构工程,010605,钢板楼板、墙板、屋面板,010605003,钢屋面板,"1.钢材品种、规格
2.钢板(复合板) 型号、厚度
3 . 构件涂(镀)层 要求
4.复合板夹芯材 料种类、规格
5.接缝、嵌缝材料 种类",m²,"按设计图示尺寸 以铺设斜面积计
算。不扣除房上烟 囱、风帽底座、风
道、小气窗、斜沟等 所占面积，小气窗 的出檐部分不增加 面积","1.拼装
2.吊装就位
3.安装
4.探伤
5.补刷油漆
6.接缝、嵌缝",表 F.5.1 钢板楼板、墙板、屋面板,,,01
01,房屋建筑与装饰工程,F,金属结构工程,010606,钢天窗架、墙架、挡风架,010606001,钢天窗架,"1.钢材品种、规格
2.构件涂(镀)层 要求
3.探伤要求",t,"按设计图示尺寸
以质量计算。不扣
除孔眼的质量，焊
条、铆钉、普通螺栓
等不另增加质量","1.拼装
2.吊装就位 3.安装
4.探伤
5.补刷油漆",表 F.6.1 钢天窗架、墙架、挡风架,,,01
01,房屋建筑与装饰工程,F,金属结构工程,010606,钢天窗架、墙架、挡风架,010606002,钢挡风架,"1.钢材品种、规格
2.构件涂(镀)层 要求
3.探伤要求",t,"按设计图示尺寸
以质量计算。不扣
除孔眼的质量，焊
条、铆钉、普通螺栓
等不另增加质量","1.拼装
2.吊装就位 3.安装
4.探伤
5.补刷油漆",表 F.6.1 钢天窗架、墙架、挡风架,,,01
01,房屋建筑与装饰工程,F,金属结构工程,010606,钢天窗架、墙架、挡风架,010606003,钢墙架,"1.钢材品种、规格
2.构件涂(镀)层 要求
3.探伤要求",t,"按设计图示尺寸
以质量计算。不扣
除孔眼的质量，焊
条、铆钉、普通螺栓
等不另增加质量","1.拼装
2.吊装就位 3.安装
4.探伤
5.补刷油漆",表 F.6.1 钢天窗架、墙架、挡风架,,,01
01,房屋建筑与装饰工程,F,金属结构工程,010607,其他钢构件,010607001,钢拉索,"1.钢材品种、规格
2.索体类型
3.锚具及接头类型
4.构件涂(镀)层 要求
5.探伤要求",t,"按设计图示尺寸 以索体质量计算。
不扣除孔眼的质 量，锚具及接头等 不另增加质量","1.索体安装
2.锚具安装
3.张拉、索力调整
4.补刷油漆",表 F.7.1 其他钢构件,,,01
01,房屋建筑与装饰工程,F,金属结构工程,010607,其他钢构件,010607002,钢支撑、 钢拉条,"1.钢材品种、规格
2.构件类型
3.构件涂(镀)层 要求
4.探伤要求",t,"按设计图示尺寸
以质量计算。不扣
除孔眼的质量，焊
条、铆钉、普通螺栓
等不另增加质量","1.吊装就位 2.安装
3.探伤
4.补刷油漆",表 F.7.1 其他钢构件,,,01
01,房屋建筑与装饰工程,F,金属结构工程,010607,其他钢构件,010607003,钢檩条,"1.钢材品种、规格
2.构件类型
3.构件涂(镀)层 要求
4.探伤要求",t,"按设计图示尺寸
以质量计算。不扣
除孔眼的质量，焊
条、铆钉、普通螺栓
等不另增加质量","1.吊装就位 2.安装
3.探伤
4.补刷油漆",表 F.7.1 其他钢构件,,,01
01,房屋建筑与装饰工程,F,金属结构工程,010607,其他钢构件,010607004,钢平台,"1.钢材品种、规格 2.构件涂(镀)层
要求
3.探伤要求",t,"按设计图示尺寸
以质量计算。不扣
除孔眼的质量，焊
条、铆钉、普通螺栓
等不另增加质量，依
附平台或走道的型
钢并入其工程量内","1.拼装
2.吊装就位 3.安装
4.探伤
5.补刷油漆",表 F.7.1 其他钢构件,,,01
01,房屋建筑与装饰工程,F,金属结构工程,010607,其他钢构件,010607005,钢走道,"1.钢材品种、规格 2.构件涂(镀)层
要求
3.探伤要求",t,"按设计图示尺寸
以质量计算。不扣
除孔眼的质量，焊
条、铆钉、普通螺栓
等不另增加质量，依
附平台或走道的型
钢并入其工程量内","1.拼装
2.吊装就位 3.安装
4.探伤
5.补刷油漆",表 F.7.1 其他钢构件,,,01
01,房屋建筑与装饰工程,F,金属结构工程,010607,其他钢构件,010607006,钢梯,"1.钢材品种、规格
2.钢梯形式
3.构件涂(镀)层 要求
4.探伤要求",t,"按设计图示尺寸
以质量计算。不扣
除孔眼的质量，焊
条、铆钉、普通螺栓
等不另增加质量","1.拼装
2.吊装就位 3.安装
4.探伤
5.补刷油漆",表 F.7.1 其他钢构件,,,01
01,房屋建筑与装饰工程,F,金属结构工程,010607,其他钢构件,010607007,钢护栏,"1.钢材品种、规格
2.护栏形式
3.构件涂(镀)层 要求
4.探伤要求",t,"按设计图示尺寸
以质量计算。不扣
除孔眼的质量，焊
条、铆钉、普通螺栓
等不另增加质量","1.拼装
2.吊装就位 3.安装
4.探伤
5.补刷油漆",表 F.7.1 其他钢构件,,,01
01,房屋建筑与装饰工程,F,金属结构工程,010607,其他钢构件,010607008,钢漏斗,"1.钢材品种、规格
2.漏斗形式
3.构件涂(镀)层 要求
4.探伤要求",t,"按设计图示尺寸
以质量计算。不扣
除孔眼的质量，焊
条、铆钉、普通螺栓
等不另增加质量， 依附漏斗或天沟的 型钢并入其工程 量内","1.拼装
2.吊装就位 3.安装
4.探伤
5.补刷油漆",表 F.7.1 其他钢构件,,,01
01,房屋建筑与装饰工程,F,金属结构工程,010607,其他钢构件,010607009,钢板天沟,"1.钢材品种、规格
2.天沟形式
3.构件涂(镀)层 要求
4.探伤要求",t,"按设计图示尺寸
以质量计算。不扣
除孔眼的质量，焊
条、铆钉、普通螺栓
等不另增加质量， 依附漏斗或天沟的 型钢并入其工程 量内","1.拼装
2.吊装就位 3.安装
4.探伤
5.补刷油漆",表 F.7.1 其他钢构件,,,01
01,房屋建筑与装饰工程,F,金属结构工程,010607,其他钢构件,010607010,零星钢构件,"1.构件名称
2.钢材品种、规格
3.构件涂(镀)层 要求
4.探伤要求",t,"按设计图示尺寸
以质量计算。不扣
除孔眼的质量，焊
条、铆钉、普通螺栓
等不另增加质量","1.吊装就位 2.安装
3.探伤
4.补刷油漆",表 F.7.1 其他钢构件,,,01
01,房屋建筑与装饰工程,F,金属结构工程,010608,钢构件制作及其他,010608001,钢构件制作,"1.钢材品种、规格
2.构件类型
3.加工方式
4.探伤要求",t,"按设计图示尺寸
以质量计算。不扣 除孔眼的质量，焊 条、铆钉、普通螺栓 等不另增加质量","1.放样、划线、截料
2.平直、钻孔
3.拼接、焊接
4.成品矫正、除锈
5.成品编号堆放",表 F.8.1 钢构件制作及其他,,,01
01,房屋建筑与装饰工程,F,金属结构工程,010608,钢构件制作及其他,010608002,高强螺栓,螺栓种类、规格,套,按设计图示数量 计算,"1.安装
2.补刷油漆",表 F.8.1 钢构件制作及其他,,,01
01,房屋建筑与装饰工程,F,金属结构工程,010608,钢构件制作及其他,010608003,支座,支座种类、规格,套,按设计图示数量 计算,"1.安装
2.补刷油漆",表 F.8.1 钢构件制作及其他,,,01
01,房屋建筑与装饰工程,F,金属结构工程,010608,钢构件制作及其他,010608004,剪力栓钉,栓钉种类、规格,套,按设计图示数量 计算,"1.焊接
2.探伤
3.补刷油漆",表 F.8.1 钢构件制作及其他,,,01
01,房屋建筑与装饰工程,F,金属结构工程,010609,金属制品,010609001,"金属
百页护栏","1.材料品种、规格
2.边框材质",m²,按设计图示尺寸 以框外围展开面积 计算,"1.埋置铁件及螺栓 2.安装
3.校正",表 F.9.1 金属制品,,,01
01,房屋建筑与装饰工程,F,金属结构工程,010609,金属制品,010609002,金属栅栏,"1.材料品种、规格
2.边框及立柱型 钢品种、规格",m²,按设计图示尺寸 以框外围展开面积 计算,"1.埋置铁件及螺栓 2.安装
3.校正",表 F.9.1 金属制品,,,01
01,房屋建筑与装饰工程,F,金属结构工程,010609,金属制品,010609003,金属网栏,"1.材料品种、规格
2.边框及立柱型 钢品种、规格",m²,按设计图示尺寸 以框外围展开面积 计算,"1.埋置铁件及螺栓 2.安装
3.校正",表 F.9.1 金属制品,,,01
01,房屋建筑与装饰工程,F,金属结构工程,010609,金属制品,010609004,金属井(沟) 盖及盖座,"1.构件名称
2.构件尺寸
3.材料品种、规格",套,按设计图示数量 计算,井盖及盖座安装,表 F.9.1 金属制品,,,01
01,房屋建筑与装饰工程,G,木结构工程,010701,木屋架,010701001,屋架,"1.屋架种类
2.跨度
3.材料品种、规格
4.刨光要求
5.拉杆及夹板种类
6.防护材料种类",榀,按设计图示数量 以榀计算,"1.制作
2.安装
3.刷防护材料",表 G.1.1 木屋架,,,01
01,房屋建筑与装饰工程,G,木结构工程,010702,木构件,010702001,木柱,"1.构件规格尺寸
2.木材种类
3.刨光要求
4.防护材料种类",m³,按设计图示尺寸 以体积计算,"1.制作
2.安装
3.刷防护材料",表 G.2.1 木构件,,,01
01,房屋建筑与装饰工程,G,木结构工程,010702,木构件,010702002,木梁,"1.构件规格尺寸
2.木材种类
3.刨光要求
4.防护材料种类",m³,按设计图示尺寸 以体积计算,"1.制作
2.安装
3.刷防护材料",表 G.2.1 木构件,,,01
01,房屋建筑与装饰工程,G,木结构工程,010702,木构件,010702003,木檩,"1.构件规格尺寸
2.木材种类
3.刨光要求
4.防护材料种类",m³,按设计图示尺寸 以体积计算,"1.制作
2.安装
3.刷防护材料",表 G.2.1 木构件,,,01
01,房屋建筑与装饰工程,G,木结构工程,010702,木构件,010702004,木楼梯,"1.楼梯形式
2.木材种类
3.刨光要求
4.防护材料种类",m²,按设计图示尺寸 以水平投影面积 计算。不扣除宽度 ≤ 3 0 0 mm 的 楼 梯 井，伸入墙内部分 不计算,"1.制作
2.安装
3.刷防护材料",表 G.2.1 木构件,,,01
01,房屋建筑与装饰工程,G,木结构工程,010702,木构件,010702005,"装配式
木楼梯","1.楼梯形式
2.梯段规格尺寸
3.平台板规格尺寸
4.木材种类
5.防护材料种类
6.嵌缝材料种类",m²,"按设计图示尺寸
以水平投影面积计
算。不扣除套管、线
盒及宽度≤300mm
的楼梯井所占的面
积，伸出梯板的连
接件面积亦不增加","1.就位、拼接
2.组装、安装
3.刷防护材料
4.接缝处填塞及表 面处理",表 G.2.1 木构件,,,01
01,房屋建筑与装饰工程,G,木结构工程,010702,木构件,010702006,其他木构件,"1.构件名称
2.构件规格尺寸
3.木材种类
4.刨光要求
5.防护材料种类",m³,按设计图示尺寸 以体积计算,"1.制作
2.安装
3.刷防护材料",表 G.2.1 木构件,,,01
01,房屋建筑与装饰工程,G,木结构工程,010703,屋面木基层,010703001,屋面木基层,"1.椽子断面尺寸 及椽距
2.望板材料种类、 厚度
3.防护材料种类",m²,"按设计图示尺寸
以斜面积计算。不
扣除房上烟囱、风
帽底座、风道、小气
窗、斜沟等所占面
积。小气窗的出檐
部分不增加面积","1.椽子制作、安装
2.望板制作、安装
3.刷防护材料",表 G.3.1 屋面木基层,,,01
01,房屋建筑与装饰工程,H,门 窗 工 程,010801,木门,010801001,木质门,"1.门洞口尺寸
2.门类型
3.开启方式
4.框、扇木材材质
5.玻璃品种、厚度
6.五金种类、规格
7.其他工艺要求",m²,按设计图示洞口 尺寸以面积计算,"1.门(含框)安装
2.玻璃安装
3.五金配件安装
4.嵌缝打胶",表 H.1.1 木门,,,01
01,房屋建筑与装饰工程,H,门 窗 工 程,010801,木门,010801002,木质门带套,"1.门洞口尺寸
2.门类型
3.开启方式
4.门扇木材材质
5.门套材质、规格
6.玻璃品种、厚度
7.五金种类、规格
8.其他工艺要求",m²,按设计图示洞口 尺寸以面积计算,"1.门套安装
2.门扇安装
3.玻璃安装
4.五金配件安装
5.嵌缝打胶",表 H.1.1 木门,,,01
01,房屋建筑与装饰工程,H,门 窗 工 程,010801,木门,010801003,木质连窗门,"1.门连窗洞口尺寸
2.门类型及开启 方式
3.窗类型及开启 方式
4.框、扇木材材质
5.玻璃品种、厚度
6.五金种类、规格
7.其他工艺要求",m²,按设计图示洞口 尺寸以面积计算,"1 . 门 连 窗 ( 含 框 ) 安装
2.玻璃安装
3.五金配件安装
4.嵌缝打胶",表 H.1.1 木门,,,01
01,房屋建筑与装饰工程,H,门 窗 工 程,010801,木门,010801004,木质防火门,"1.门洞口尺寸
2.防火等级
3.开启方式
4.玻璃品种、厚度
5.五金种类、规格
6.防护材料种类",m²,按设计图示洞口 尺寸以面积计算,"1.门(含框)安装
2.玻璃安装
3.五金配件安装
4.嵌缝打胶
5.刷防护材料",表 H.1.1 木门,,,01
01,房屋建筑与装饰工程,H,门 窗 工 程,010801,木门,010801005,木门框,"1.木材材质
2.框截面尺寸
3.防护材料种类",m,按设计图示尺寸 以框中心线长度 计算,"1.木门框制作、安装
2.刷防护材料",表 H.1.1 木门,,,01
01,房屋建筑与装饰工程,H,门 窗 工 程,010801,木门,010801006,门锁安装,"1.锁品种
2.锁规格
3.工艺要求",套,按设计图示数量 计算,安装,表 H.1.1 木门,,,01
01,房屋建筑与装饰工程,H,门 窗 工 程,010802,金属门,010802001,"金属
(塑钢)门","1.门洞口尺寸
2.门类型
3.开启方式
4.框、扇材质
5.玻璃品种、厚度
6.五金种类、规格
7.其他工艺要求",m²,按设计图示洞口 尺寸以面积计算,"1.门(含框)安装
2.玻璃安装
3.五金配件安装
4.嵌缝打胶",表 H.2.1 金属门,,,01
01,房屋建筑与装饰工程,H,门 窗 工 程,010802,金属门,010802002,彩板门,"1.门洞口尺寸
2.框、扇材质
3.五金种类、规格
4.其他工艺要求",m²,按设计图示洞口 尺寸以面积计算,"1.门(含框)安装
2.玻璃安装
3.五金配件安装
4.嵌缝打胶",表 H.2.1 金属门,,,01
01,房屋建筑与装饰工程,H,门 窗 工 程,010802,金属门,010802003,防盗门,"1.门洞口尺寸
2.框、扇材质
3.五金种类、规格
4.其他工艺要求",m²,按设计图示洞口 尺寸以面积计算,"1.门(含框)安装
2.五金配件安装
3.嵌缝打胶",表 H.2.1 金属门,,,01
01,房屋建筑与装饰工程,H,门 窗 工 程,010802,金属门,010802004,钢质防火门,"1.门洞口尺寸
2.防火等级
3.开启方式
4.框、扇材质
5.玻璃品种、厚度
6.五金种类、规格
7.防护材料种类",m²,按设计图示洞口 尺寸以面积计算,"1.门(含框)安装
2.玻璃安装
3.五金配件安装
4.嵌缝打胶
5.刷防护材料",表 H.2.1 金属门,,,01
01,房屋建筑与装饰工程,H,门 窗 工 程,010803,金属卷帘(闸)门,010803001,金属卷帘 (闸)门,"1.门洞口尺寸
2.门材质
3.五金种类、规格
4.驱动类型
5.其他工艺要求",m²,按设计图示洞口 尺寸以面积计算,"1.门安装
2.启动装置、活动小 门、五金配件安装",表 H.3.1 金属卷帘(闸)门,,,01
01,房屋建筑与装饰工程,H,门 窗 工 程,010803,金属卷帘(闸)门,010803002,防火卷帘 (闸)门,"1.门洞口尺寸
2.门材质
3.五金种类、规格
4.驱动类型
5.其他工艺要求",m²,按设计图示洞口 尺寸以面积计算,"1.门安装
2.启动装置、活动小 门、五金配件安装",表 H.3.1 金属卷帘(闸)门,,,01
01,房屋建筑与装饰工程,H,门 窗 工 程,010804,厂库房大门、特种门,010804001,木板大门,"1.门洞口尺寸
2.开启方式
3.门框、扇材质
4.五金种类、规格
5.防护材料种类
6.其他工艺要求",m²,按设计图示洞口 尺寸以面积计算,"1.门(含框)安装
2.五金配件安装
3.刷防护材料",表 H.4.1 厂库房大门、特种门,,,01
01,房屋建筑与装饰工程,H,门 窗 工 程,010804,厂库房大门、特种门,010804002,钢木大门,"1.门洞口尺寸
2.开启方式
3.门框、扇材质
4.五金种类、规格
5.防护材料种类
6.其他工艺要求",m²,按设计图示洞口 尺寸以面积计算,"1.门(含框)安装
2.五金配件安装
3.刷防护材料",表 H.4.1 厂库房大门、特种门,,,01
01,房屋建筑与装饰工程,H,门 窗 工 程,010804,厂库房大门、特种门,010804003,全钢板大门,"1.门洞口尺寸
2.开启方式
3.门框、扇材质
4.五金种类、规格
5.防护材料种类
6.其他工艺要求",m²,按设计图示洞口 尺寸以面积计算,"1.门(含框)安装
2.五金配件安装
3.刷防护材料",表 H.4.1 厂库房大门、特种门,,,01
01,房屋建筑与装饰工程,H,门 窗 工 程,010804,厂库房大门、特种门,010804004,防护铁丝门,"1.门洞口尺寸
2.开启方式
3.门框、扇材质
4.五金种类、规格
5.防护材料种类
6.其他工艺要求",m²,按设计图示门框 尺寸以面积计算。 无门框时以扇面积 计算,"1.门(含框)安装
2.五金配件安装",表 H.4.1 厂库房大门、特种门,,,01
01,房屋建筑与装饰工程,H,门 窗 工 程,010804,厂库房大门、特种门,010804005,金属格栅门,"1.门洞口尺寸
2.开启方式
3.门框、扇材质
4.五金种类、规格
5.防护材料种类
6.其他工艺要求",m²,按设计图示门框 尺寸以面积计算。 无门框时以扇面积 计算,"1.门(含框)安装
2.五金配件安装",表 H.4.1 厂库房大门、特种门,,,01
01,房屋建筑与装饰工程,H,门 窗 工 程,010804,厂库房大门、特种门,010804006,钢质花饰大门,"1.门洞口尺寸
2.开启方式
3.门框、扇材质
4.五金种类、规格
5.防护材料种类
6.其他工艺要求",m²,按设计图示门框 尺寸以面积计算。 无门框时以扇面积 计算,"1.门(含框)安装
2.五金配件安装",表 H.4.1 厂库房大门、特种门,,,01
01,房屋建筑与装饰工程,H,门 窗 工 程,010804,厂库房大门、特种门,010804007,特种门,"1.门洞口尺寸
2.门类型
3.开启方式
4.门框、扇材质
5.五金种类、规格
6.其他工艺要求",m²,按设计图示洞口 尺寸以面积计算,"1.门(含框)安装
2.五金配件安装",表 H.4.1 厂库房大门、特种门,,,01
01,房屋建筑与装饰工程,H,门 窗 工 程,010805,其他门,010805001,电子感应门,"1.门代号及洞口 尺寸
2.门框或扇外围 尺寸
3.门框、扇材质
4.玻璃品种、厚度",套,按设计图示数量 计算,"1.门(含框)安装
2.启动装置、五金、 电子配件安装
3.嵌缝打胶",表 H.5.1 其他门,,,01
01,房屋建筑与装饰工程,H,门 窗 工 程,010805,其他门,010805002,电动旋转门,"1.门代号及洞口 尺寸
2.门框或扇外围 尺寸
3.门框、扇材质
4.玻璃品种、厚度",套,按设计图示数量 计算,"h.门(含框)安装
2.启动装置、五金、 电子配件安装
3.嵌缝打胶",表 H.5.1 其他门,,,01
01,房屋建筑与装饰工程,H,门 窗 工 程,010805,其他门,010805003,电动伸缩门,"1.门代号及洞口 尺寸
2.伸缩门体材质
3.伸缩门体截面 尺寸
4.其他工艺要求",套,按设计图示数量 计算,"h.门(含框)安装
2.启动装置、五金、 电子配件安装
3.嵌缝打胶",表 H.5.1 其他门,,,01
01,房屋建筑与装饰工程,H,门 窗 工 程,010805,其他门,010805004,全玻自由门,"1.门洞口尺寸
2.框材质
3.玻璃品种、厚度
4.五金种类、规格
5.其他工艺要求",m²,按设计图示洞口 尺寸以面积计算,"1.门(含框)安装
2.五金配件安装
3.嵌缝打胶",表 H.5.1 其他门,,,01
01,房屋建筑与装饰工程,H,门 窗 工 程,010805,其他门,010805005,"不锈钢
饰面门","1.门洞口尺寸
2.框、扇材质
3.玻璃品种、厚度
4.五金种类、规格
5.其他工艺要求",m²,按设计图示洞口 尺寸以面积计算,"1.门(含框)安装
2.五金配件安装
3.嵌缝打胶",表 H.5.1 其他门,,,01
01,房屋建筑与装饰工程,H,门 窗 工 程,010805,其他门,010805006,复合材料门,"1.门洞口尺寸
2.框、扇材质
3.玻璃品种、厚度
4.五金种类、规格
5.其他工艺要求",m²,按设计图示洞口 尺寸以面积计算,"1.门(含框)安装
2.五金配件安装
3.嵌缝打胶",表 H.5.1 其他门,,,01
01,房屋建筑与装饰工程,H,门 窗 工 程,010806,木窗,010806001,木质窗,"1.窗洞口尺寸
2.窗类型
3.开启方式
4.框、扇木材材质 及规格
5.玻璃品种、厚度
6.五金种类、规格
7.其他工艺要求",m²,按设计图示洞口 尺寸以面积计算,"1.窗(含框)安装
2.玻璃安装
3.五金配件安装
4.嵌缝打胶",表 H.6.1 木窗,,,01
01,房屋建筑与装饰工程,H,门 窗 工 程,010806,木窗,010806002,木飘(凸)窗,"1.窗洞口尺寸
2.窗类型
3.开启方式
4.框、扇木材材质 及规格
5.玻璃品种、厚度
6.五金种类、规格
7.其他工艺要求",m²,按设计图示尺寸 以框外围展开面积 计算,"1.窗(含框)安装
2.玻璃安装
3.五金配件安装
4.嵌缝打胶",表 H.6.1 木窗,,,01
01,房屋建筑与装饰工程,H,门 窗 工 程,010806,木窗,010806003,木橱窗,"1.框木材材质、 规格
2.玻璃品种、厚度
3.防护材料种类",m²,按设计图示尺寸 以框外围展开面积 计算,"1.窗制作、安装
2.玻璃安装
3.五金配件安装
4.嵌缝打胶
5.刷防护材料",表 H.6.1 木窗,,,01
01,房屋建筑与装饰工程,H,门 窗 工 程,010806,木窗,010806004,木纱窗,"1.开启方式
2.框木材材质、 规格
3.窗纱材质、规格
4.五金种类、规格",m²,按纱扇框的外围 尺寸以面积计算,"1.纱扇安装
2.五金配件安装",表 H.6.1 木窗,,,01
01,房屋建筑与装饰工程,H,门 窗 工 程,010807,金属窗,010807001,"金属
(塑钢)窗","1.窗洞口尺寸
2.窗类型
3.开启方式
4.框、扇材质及 规格
5.玻璃品种、厚度
6.五金种类、规格
7.其他工艺要求",m²,按设计图示洞口 尺寸以面积计算,"1.窗(含框)安装
2.玻璃安装
3.五金配件安装
4.嵌缝打胶",表 H.7.1 金属窗,,,01
01,房屋建筑与装饰工程,H,门 窗 工 程,010807,金属窗,010807002,金属防火窗,"1.窗洞口尺寸
2.防火等级
3.开启方式
4.框、扇材质及 规格
5.玻璃品种、厚度
6.五金种类、规格
7.防护材料种类",m²,按设计图示洞口 尺寸以面积计算,"1.窗(含框)安装
2.玻璃安装
3.五金配件安装
4.嵌缝打胶",表 H.7.1 金属窗,,,01
01,房屋建筑与装饰工程,H,门 窗 工 程,010807,金属窗,010807003,金属百叶窗,"1.窗洞口尺寸
2.框材质、规格
3.百叶材料品种、 规格",m²,按设计图示洞口 尺寸以面积计算,"1.窗安装
2.五金配件安装",表 H.7.1 金属窗,,,01
01,房屋建筑与装饰工程,H,门 窗 工 程,010807,金属窗,010807004,金属纱窗,"1.开启方式
2.框材质、规格
3.窗纱材质、规格
4.五金种类、规格",m²,按纱扇框的外围 尺寸以面积计算,"1.窗安装
2.五金配件安装",表 H.7.1 金属窗,,,01
01,房屋建筑与装饰工程,H,门 窗 工 程,010807,金属窗,010807005,金属格栅窗,"1.窗洞口尺寸
2.框、扇材质及 规格
3.五金种类、规格",m²,按设计图示洞口 尺寸以面积计算,"1.窗安装
2.五金配件安装",表 H.7.1 金属窗,,,01
01,房屋建筑与装饰工程,H,门 窗 工 程,010807,金属窗,010807006,金属(塑钢) 橱窗,"1.框材质及规格
2.玻璃品种、厚度
3.防护材料种类",m²,按设计图示尺寸 以框外围展开面积 计算,"1.窗安装
2.玻璃安装
3.五金配件安装
4.嵌缝打胶
5.刷防护材料",表 H.7.1 金属窗,,,01
01,房屋建筑与装饰工程,H,门 窗 工 程,010807,金属窗,010807007,金属(塑钢) 飘(凸)窗,"1.窗类型
2.开启方式
3.框、扇材质及 规格
4.玻璃品种、厚度
5.五金种类、规格
6.其他工艺要求",m²,按设计图示尺寸 以框外围展开面积 计算,"1.窗安装
2.玻璃安装
3.五金配件安装
4.嵌缝打胶",表 H.7.1 金属窗,,,01
01,房屋建筑与装饰工程,H,门 窗 工 程,010807,金属窗,010807008,彩板窗,"1.窗洞口尺寸
2.开启方式
3.框、扇材质及 规格
4.五金种类、规格",m²,按设计图示洞口 尺寸以面积计算,"1.窗安装
2.玻璃安装
3.五金配件安装
4.嵌缝打胶",表 H.7.1 金属窗,,,01
01,房屋建筑与装饰工程,H,门 窗 工 程,010807,金属窗,010807009,复合材料窗,"1.窗洞口尺寸
2.开启方式
3.框、扇材质及 规格
4.玻璃品种、厚度
5.五金种类、规格
6.其他工艺要求",m²,按设计图示洞口 尺寸以面积计算,"1.窗安装
2.玻璃安装
3.五金配件安装
4.嵌缝打胶",表 H.7.1 金属窗,,,01
01,房屋建筑与装饰工程,H,门 窗 工 程,010808,门窗套,010808001,木门窗套,"1.基层材料品种、 规格
2.面层材料品种、 规格
3.线条品种、规格
4.防护材料种类",m²,按设计图示尺寸 以展开面积计算,"1.清理基层
2.立筋制作、安装
3.基层板安装
4.面层铺贴
5.线条安装
6.刷防护材料",表 H.8.1 门窗套,,,01
01,房屋建筑与装饰工程,H,门 窗 工 程,010808,门窗套,010808002,金属门窗套,"1.基层材料品种、 规格
2.面层材料品种、 规格
3.线条品种、规格
4.防护材料种类",m²,按设计图示尺寸 以展开面积计算,"1.清理基层
2.立筋制作、安装
3.基层板安装
4.面层铺贴
5.线条安装
6.刷防护材料",表 H.8.1 门窗套,,,01
01,房屋建筑与装饰工程,H,门 窗 工 程,010808,门窗套,010808003,石材门窗套,"1 . 粘 结 层 材 质 、 厚度
2.石材品种、规格
3.线条品种、规格",m²,按设计图示尺寸 以展开面积计算,"1.清理基层
2.立筋制作、安装
3.基层抹灰
4.面层铺贴
5.线条安装",表 H.8.1 门窗套,,,01
01,房屋建筑与装饰工程,H,门 窗 工 程,010808,门窗套,010808004,成品门窗套,材料品种、规格,m²,按设计图示尺寸 以展开面积计算,"1.清理基层
2.成品门窗套安装",表 H.8.1 门窗套,,,01
01,房屋建筑与装饰工程,H,门 窗 工 程,010809,窗台板,010809001,窗台板,"1.找平层材质 2.粘结层材质、
厚度
3.窗台板材质、 规格",m²,按设计图示尺寸 以展开面积计算,"1.基层清理
2.抹找平层
3.窗台板制作、安装",表 H.9.1 窗台板,,,01
01,房屋建筑与装饰工程,H,门 窗 工 程,010810,窗帘、窗帘盒、轨,010810001,窗帘,"1.窗帘材质
2.窗帘层数
3.带幔要求
4.其他工艺要求",m²,按设计窗帘覆盖 面积计算,"1.制作
2.安装",表 H.10.1 窗帘、窗帘盒、轨,,,01
01,房屋建筑与装饰工程,H,门 窗 工 程,010810,窗帘、窗帘盒、轨,010810002,窗帘盒,"1.窗帘盒材质、 规格
2.防护材料种类",m,按设计图示尺寸 以长度计算,"1.制作
2.安装",表 H.10.1 窗帘、窗帘盒、轨,,,01
01,房屋建筑与装饰工程,H,门 窗 工 程,010810,窗帘、窗帘盒、轨,010810003,窗帘轨,"1.窗帘轨材质、 规格
2.轨的形式
3.防护材料种类",m,按设计图示尺寸 以长度计算,"1.制作
2.安装",表 H.10.1 窗帘、窗帘盒、轨,,,01
01,房屋建筑与装饰工程,J,屋面及防水工程,010901,屋面,010901001,瓦屋面,"1.瓦品种、规格
2.铺设及搭接方式
3.卧瓦层砂浆种 类及厚度
4.持钉层材料种 类及厚度
5.顺水条、挂瓦条 品种及规格",m²,"按设计图示尺寸
以斜面积计算。不
扣除房上烟囱、风
帽底座、风道、小气
窗、斜沟等所占面
积，小气窗的出檐
部分、瓦搭接重叠
部分不增加面积","1.卧瓦层或持钉层 铺设及养护
2.顺水条、挂瓦条铺 钉(若有)
3.安瓦、作瓦脊",表 J.1.1 屋面,,,01
01,房屋建筑与装饰工程,J,屋面及防水工程,010901,屋面,010901002,阳光板屋面,"1.屋面板品种、 规格
2.屋面板固定方式
3.接缝、嵌缝材料 种类",m²,"按设计图示尺寸
以斜面积计算。不扣
除屋面面积≤0.3m²
的孔洞所占面积，
搭接重叠部分不增
加面积","1.屋面板安装
2.屋脊盖板安装
3.接缝、嵌缝、收口",表 J.1.1 屋面,,,01
01,房屋建筑与装饰工程,J,屋面及防水工程,010901,屋面,010901003,玻璃钢屋面,"1.屋面板品种、 规格
2.屋面板固定方式
3.接缝、嵌缝材料 种类",m²,"按设计图示尺寸
以斜面积计算。不扣
除屋面面积≤0.3m²
的孔洞所占面积，
搭接重叠部分不增
加面积","1.屋面板安装
2.屋脊盖板安装
3.接缝、嵌缝、收口",表 J.1.1 屋面,,,01
01,房屋建筑与装饰工程,J,屋面及防水工程,010901,屋面,010901004,玻璃采光顶,"1.骨架材料种类 及型号
2.框格形式
3.玻璃品种、规格、 表面处理
4.隔离带、框边封 闭材料品种",m²,按设计图示外表 面积计算,"1.骨架制作、安装
2.面层安装
3.框边封闭
4.勾缝、塞口
5.清洗
6.通风、排烟开启扇 及其五金件安装",表 J.1.1 屋面,,,01
01,房屋建筑与装饰工程,J,屋面及防水工程,010901,屋面,010901005,金属板幕墙顶,"1.骨架材料种类 及型号
2.框格形式
3.面层材料品种、 规格、表面处理
4.隔离带、框边封 闭材料品种",m²,按设计图示外表 面积计算,"1.骨架制作、安装
2.面层安装
3.框边封闭
4.勾缝、塞口",表 J.1.1 屋面,,,01
01,房屋建筑与装饰工程,J,屋面及防水工程,010901,屋面,010901006,膜结构屋面,"1.膜布品种、规格
2.支柱(网架)钢 材品种、规格
3.钢丝绳品种、 规格
4.锚固基座做法
5.油漆品种、刷漆 遍数",m²,按设计图示尺寸 以需要覆盖的水平 投影面积计算,"1.膜布热压胶接
2.支柱(网架)制作、 安装
3.膜布安装
4.穿钢丝绳、锚头 锚固
5.基座锚固
6.刷防护材料，油漆",表 J.1.1 屋面,,,01
01,房屋建筑与装饰工程,J,屋面及防水工程,010901,屋面,010901007,屋面成品 天沟、檐沟,"1.构件部位
2.构件品种、规格、 尺寸
3.接缝、嵌缝材料 种类
4.防护材料种类",m,按设计图示尺寸 以沟中心线长度 计算,"1.天沟、檐沟安装
2.配件安装
3.接缝、嵌缝
4.刷防护材料",表 J.1.1 屋面,,,01
01,房屋建筑与装饰工程,J,屋面及防水工程,010901,屋面,010901008,屋面变形缝,1.嵌缝材料种类 2.止水带材料种类 3.盖缝材料种类 4.防护材料种类,m,按设计图示尺寸 以长度计算,"1.清缝
2.填塞防水材料
3.止水带安装
4.盖缝制作、安装
5.刷防护材料",表 J.1.1 屋面,,,01
01,房屋建筑与装饰工程,J,屋面及防水工程,010902,屋面防水及其他,010902001,屋面卷材防水,"1.卷材品种、规格、 厚度
2.防水层数
3.防水层做法",m²,"按设计图示尺寸 以面积计算
1.斜屋顶(不包
括平屋顶找坡)按斜 面积计算，平屋顶按 水平投影面积计算
2.不扣除房上烟
囱、风帽底座、风道、 屋面小气窗和斜沟 所占面积，相应上述 部位上翻不增加
3 . 屋 面 的 女 儿 墙、伸缩缝、设备基 础和天窗等处的上 翻部分，并入屋面 工程量内","1.基层处理
2.刷底油
3.铺防水卷材
4.搭接缝处理、封边、 收口",表 J.2.1 屋面防水及其他,,,01
01,房屋建筑与装饰工程,J,屋面及防水工程,010902,屋面防水及其他,010902002,屋面涂膜防水,"1.防水膜品种
2.涂膜厚度、遍数
3.增强材料种类",m²,"按设计图示尺寸 以面积计算
1.斜屋顶(不包
括平屋顶找坡)按斜 面积计算，平屋顶按 水平投影面积计算
2.不扣除房上烟
囱、风帽底座、风道、 屋面小气窗和斜沟 所占面积，相应上述 部位上翻不增加
3 . 屋 面 的 女 儿 墙、伸缩缝、设备基 础和天窗等处的上 翻部分，并入屋面 工程量内","1.基层处理
2.刷基层处理剂
3.铺布、喷涂防水层",表 J.2.1 屋面防水及其他,,,01
01,房屋建筑与装饰工程,J,屋面及防水工程,010902,屋面防水及其他,010902003,"屋面柔性隔
离层","1.隔离层材料种类
2 . 隔 离 层 厚 度 、 遍数
3.隔离层做法",m²,"按设计图示尺寸 以面积计算
1.斜屋顶(不包
括平屋顶找坡)按斜 面积计算，平屋顶按 水平投影面积计算
2.不扣除房上烟
囱、风帽底座、风道、 屋面小气窗和斜沟 所占面积，相应上述 部位上翻不增加
3 . 屋 面 的 女 儿 墙、伸缩缝、设备基 础和天窗等处的上 翻部分，并入屋面 工程量内","1.基层处理
2.隔离层铺设、搭接
3.搭接缝处理、封边、 收口",表 J.2.1 屋面防水及其他,,,01
01,房屋建筑与装饰工程,J,屋面及防水工程,010902,屋面防水及其他,010902004,屋面刚性层,"1.刚性层材料种 类及强度等级
2.刚性层厚度
3.刚性层作用
4.嵌缝材料种类",m²,按设计图示尺寸 以面积计算。不扣 除房上烟囱、风帽 底座、风道等所占 面积,"1.基层处理
2.刚性层铺筑、界格、 养护",表 J.2.1 屋面防水及其他,,,01
01,房屋建筑与装饰工程,J,屋面及防水工程,010902,屋面防水及其他,010902005,屋面排水管,"1.排水管品种、 规格
2.雨水斗、山墙出 水口品种、规格
3.接缝、嵌缝材料 种类
4.油漆品种、刷漆 遍数",m,按设计图示尺寸 以长度计算。如设 计未标注尺寸，以 檐口至设计室外散 水上表面垂直距离 计算,"1.排水管及配件安 装、固定
2.雨水斗、山墙出水 口、雨水篦子安装
3.接缝、嵌缝
4.刷漆",表 J.2.1 屋面防水及其他,,,01
01,房屋建筑与装饰工程,J,屋面及防水工程,010902,屋面防水及其他,010902006,屋面排 (透)气管,"1 . 排(透)气管品 种、规格
2.接缝、嵌缝材料 种类
3.油漆品种、刷漆 遍数",m,按设计图示尺寸 以长度计算,"1.排(透)气管及配 件安装、固定
2.铁件制作、安装
3.接缝、嵌缝
4.刷漆",表 J.2.1 屋面防水及其他,,,01
01,房屋建筑与装饰工程,J,屋面及防水工程,010902,屋面防水及其他,010902007,屋面(廊、阳台) 泄(吐)水管,"1.泄水管品种、 规格
2.接缝、嵌缝材料 种类
3.泄水管长度
4.油漆品种、刷漆 遍数",个,按设计图示数量 计算,"1.水管及配件安装、 固定
2.接缝、嵌缝
3.刷漆",表 J.2.1 屋面防水及其他,,,01
01,房屋建筑与装饰工程,J,屋面及防水工程,010902,屋面防水及其他,010902008,屋面排水板,"1.排水板材质、 规格
2.排水板铺设方式",m²,按设计图示尺寸 以面积计算。斜屋 顶按斜面积计算， 平屋顶按水平投影 面积计算,"1.清理基层
2.排水板铺设、压条、 收口",表 J.2.1 屋面防水及其他,,,01
01,房屋建筑与装饰工程,J,屋面及防水工程,010902,屋面防水及其他,010902009,天 沟 、 檐沟防水,"1.防水材料品种、 规格
2.防水层数、厚度、 遍数
3.防水层做法",m²,按设计图示尺寸 以展开面积计算,"1.基层处理
2.刷底油
3.铺防水卷材或喷 涂防水层",表 J.2.1 屋面防水及其他,,,01
01,房屋建筑与装饰工程,J,屋面及防水工程,010903,墙面防水、防潮,010903001,"墙面卷材
防水","1.卷材品种、规格、 厚度
2.防水层数
3.防水层做法",m²,按设计图示尺寸 以面积计算,"1.基层处理
2.刷粘结剂
3.铺防水卷材
4.搭接缝处理、封边、 收口",表 J.3.1 墙面防水、防潮,,,01
01,房屋建筑与装饰工程,J,屋面及防水工程,010903,墙面防水、防潮,010903002,"墙面涂膜
防水","1.防水膜品种
2.涂膜厚度、遍数
3.增强材料种类",m²,按设计图示尺寸 以面积计算,"1.基层处理
2.刷基层处理剂
3.铺布、喷涂防水层",表 J.3.1 墙面防水、防潮,,,01
01,房屋建筑与装饰工程,J,屋面及防水工程,010903,墙面防水、防潮,010903003,"墙面砂浆
防水","1.防水层做法
2.砂浆厚度、种类 及强度等级
3.分隔缝材料种类",m²,按设计图示尺寸 以面积计算,"1.基层处理
2.设置分格缝
3.砂浆制作、摊铺、 养护",表 J.3.1 墙面防水、防潮,,,01
01,房屋建筑与装饰工程,J,屋面及防水工程,010903,墙面防水、防潮,010903004,墙面变形缝,"1.嵌缝材料种类
2.止水带材料种类
3.盖缝材料种类
4.防护材料种类",m,按设计图示尺寸 以长度计算,"1.清缝
2.填塞防水材料
3.止水带安装
4.盖缝制作、安装
5.刷防护材料",表 J.3.1 墙面防水、防潮,,,01
01,房屋建筑与装饰工程,J,屋面及防水工程,010904,楼(地)面防水、防潮,010904001,楼(地) 面卷材防水,"1.卷材品种、规格、 厚度
2.防水层数
3.防水层做法
4.上翻高度",m²,"按设计图示尺寸
以主墙间净面积计
算，扣除凸出地面的
构筑物、设备基础及
单个面积>0.3m²
的柱、垛、烟囱和孔
洞等所占面积
楼(地)面防水上
翻 高 度 ≤ 3 0 0 mm
时，工程量并入楼
地面防水工程量内","1.基层处理
2.刷粘结剂
3.铺防水卷材
4.搭接缝处理、封边、 收口",表 J.4.1 楼(地)面防水、防潮,,,01
01,房屋建筑与装饰工程,J,屋面及防水工程,010904,楼(地)面防水、防潮,010904002,楼(地) 面涂膜防水,"1.防水膜品种
2.涂膜厚度、遍数
3.增强材料种类
4.上翻高度",m²,"按设计图示尺寸
以主墙间净面积计
算，扣除凸出地面的
构筑物、设备基础及
单个面积>0.3m²
的柱、垛、烟囱和孔
洞等所占面积
楼(地)面防水上
翻 高 度 ≤ 3 0 0 mm
时，工程量并入楼
地面防水工程量内","1.基层处理
2.刷基层处理剂
3.铺布、喷涂防水层",表 J.4.1 楼(地)面防水、防潮,,,01
01,房屋建筑与装饰工程,J,屋面及防水工程,010904,楼(地)面防水、防潮,010904003,楼(地)面砂浆 防水(防潮),"1.防水(防潮)层 做法
2.砂浆厚度、种类 及强度等级
3.上翻高度",m²,"按设计图示尺寸
以主墙间净面积计
算，扣除凸出地面的
构筑物、设备基础及
单个面积>0.3m²
的柱、垛、烟囱和孔
洞等所占面积
楼(地)面防水上
翻 高 度 ≤ 3 0 0 mm
时，工程量并入楼
地面防水工程量内","1.基层处理
2.砂浆制作、摊铺、 养护",表 J.4.1 楼(地)面防水、防潮,,,01
01,房屋建筑与装饰工程,J,屋面及防水工程,010904,楼(地)面防水、防潮,010904004,楼(地) 面变形缝,"1.嵌缝材料种类
2.止水带材料种类
3.盖缝材料种类
4.防护材料种类",m,按设计图示尺寸 以长度计算,"1.清缝
2.填塞防水材料
3.止水带安装
4.盖缝制作、安装
5.刷防护材料",表 J.4.1 楼(地)面防水、防潮,,,01
01,房屋建筑与装饰工程,J,屋面及防水工程,010905,基础防水及止水带,010905001,"基础
卷材防水","1.卷材品种、规格、 厚度
2.防水层数
3.防水层做法",m²,"按图示尺寸以面
积计算。不扣除桩头
及单个面积≤0.3m²
的孔洞所占面积，
与筏形基础、防水
底板相连的其他基
础、电梯井坑、集水
坑的防水按展开面
积并入计算","1.基层处理
2.刷粘结剂
3.铺防水卷材
4.接缝、嵌缝",表 J.5.1 基础防水及止水带,,,01
01,房屋建筑与装饰工程,J,屋面及防水工程,010905,基础防水及止水带,010905002,"基础
涂膜防水","1.防水膜品种
2.涂膜厚度、遍数
3.增强材料种类",m²,"按图示尺寸以面
积计算。不扣除桩头
及单个面积≤0.3m²
的孔洞所占面积，
与筏形基础、防水
底板相连的其他基
础、电梯井坑、集水
坑的防水按展开面
积并入计算","1.基层处理
2.刷基层处理剂
3.铺布、喷涂防水层",表 J.5.1 基础防水及止水带,,,01
01,房屋建筑与装饰工程,J,屋面及防水工程,010905,基础防水及止水带,010905003,止水带,"1.止水带材料种类
2.止水带尺寸
3.铺设方式",m,按设计图示尺寸 以中心线长度计算,"1.基层处理
2.裁剪止水带
3.刷底胶黏贴止水 带或焊接铺设",表 J.5.1 基础防水及止水带,,,01
01,房屋建筑与装饰工程,K,保温、隔热、防腐工程,011001,保温、隔热,011001001,保温隔热 屋面,"1.保温隔热方式 及材料名称
2.保温隔热材料规 格、性能、厚度
3.隔汽层材料品 种、厚度
4.防护材料种类",m²,"按设计图示尺寸
以面积计算。不扣
除单个面积≤0.3m²
的孔洞所占面积","1.基层清理
2.铺设隔汽层(若有)
3.刷粘结材料(若有)
4.保温层铺设、粘 贴、喷涂或浇筑
5.铺、刷(喷)防护 材料",表 K.1.1 保温、隔热,,,01
01,房屋建筑与装饰工程,K,保温、隔热、防腐工程,011001,保温、隔热,011001002,"保温隔热
天棚","1.保温隔热方式 及材料名称
2 . 保温隔热材料 规格、性能、
厚度
3.防护材料种类",m²,"按设计图示尺寸
以面积计算。不扣
除单个面积≤0.3m²
的柱、垛、孔洞所占
面积，与天棚相连
的梁按展开面积并
入天棚工程量内","1.基层清理
2.刷粘结材料(若有)
3.保温层抹压、粘 贴、喷涂
4.铺、刷(喷)防护 材料",表 K.1.1 保温、隔热,,,01
01,房屋建筑与装饰工程,K,保温、隔热、防腐工程,011001,保温、隔热,011001003,"保温隔热
墙面","1.保温隔热部位
2.保温隔热方式 及材料名称
3.保温隔热材料规 格、性能、厚度
4.龙骨材料品种、 规格
5.防护材料种类",m²,"按设计图示尺寸 以面积计算。扣除 门窗洞口所占面
积，不扣除单个面 积≤0.3m²的梁、 孔洞所占面积；门 窗洞口侧壁以及与 墙相连的柱，并入 墙面工程量内","1.基层清理
2.涂刷界面剂、界面 砂浆
3.安装龙骨，填、贴、 挂保温材料；粘
贴、固定保温板； 抹压保温浆料；喷 涂发泡保温材料
4.粘贴防火隔离带
5.保温材料嵌缝、填 缝，打密封膏
6.铺、刷(喷)防护 材料",表 K.1.1 保温、隔热,,,01
01,房屋建筑与装饰工程,K,保温、隔热、防腐工程,011001,保温、隔热,011001004,保温柱、梁,"1.保温隔热部位
2.保温隔热方式 及材料名称
3.保温隔热材料规 格、性能、厚度
4.龙骨材料品种、 规格
5.防护材料种类",m²,"按设计图示尺寸 以面积计算
1.柱按设计图示
柱断面保温层中心线 展开长度乘保温层高 度以面积计算，不扣 除单个面积≤0.3m² 的梁所占面积
2.梁按设计图示 梁断面保温层中心 线展开长度乘保温 层长度以面积计算","1.基层清理
2.涂刷界面剂、界面 砂浆
3.安装龙骨，填、贴、 挂保温材料；粘
贴、固定保温板； 抹压保温浆料；喷 涂发泡保温材料
4.粘贴防火隔离带
5.保温材料嵌缝、填 缝，打密封膏
6.铺、刷(喷)防护 材料",表 K.1.1 保温、隔热,,,01
01,房屋建筑与装饰工程,K,保温、隔热、防腐工程,011001,保温、隔热,011001005,保温隔热 楼地面,"1.保温隔热部位
2.保温隔热方式 及材料名称
3.保温隔热材料规 格、性能、厚度
4.隔汽层材料品 种、厚度
5.防护材料种类",m²,"按设计图示尺寸
以面积计算。不扣
除单个面积≤0.3m²
的柱、垛、孔洞所占
面积。门洞、空圈、
暖气包槽、壁龛的
开口部分不增加 面积","1.基层清理
2.铺设隔汽层(若有)
3.刷粘结材料(若有)
4.保温层铺设、粘 贴、喷涂或浇筑
5.铺、刷(喷)防护 材料",表 K.1.1 保温、隔热,,,01
01,房屋建筑与装饰工程,K,保温、隔热、防腐工程,011001,保温、隔热,011001006,其他保温隔热,"1.保温隔热部位
2.保温隔热方式 及材料名称
3.保温隔热材料规 格、性能、厚度
4.龙骨材料品种、 规格
5.防护材料种类",m²,按设计图示尺寸 以展开面积计算。 不扣除单个面积≤ 0.3m²的孔洞所占 面积,"1.基层清理
2.涂刷界面剂、界面 砂浆
3.安装龙骨，填、贴、 挂保温材料；粘
贴、固定保温板； 抹压保温浆料；喷 涂发泡保温材料
4.粘贴防火隔离带
5.保温材料嵌缝、填 缝，打密封膏
6.铺、刷(喷)防护 材料",表 K.1.1 保温、隔热,,,01
01,房屋建筑与装饰工程,K,保温、隔热、防腐工程,011002,防腐面层,011002001,"防腐混凝土
面层","1.防腐部位
2.面层厚度
3.混凝土种类
4.胶泥种类、配 合比",m²,"按设计图示尺寸 以面积计算
1.平面：扣除凸
出地面的构筑物、
设备基础所占面
积，不扣除单个面
积≤0.3m²的柱、
垛、孔洞所占面积，
门洞、空圈、暖气包
槽、壁龛的开口部
分不增加面积
2.立面：扣除门窗 洞口所占面积，不扣 除单个面积≤0.3m² 的梁、孔洞所占面积，
门窗洞口侧壁、垛 突出部分按展开面 积并入墙面积内","1.基层清理
2.基层刷稀胶泥
3.混凝土输送、摊铺、 养护",表 K.2.1 防腐面层,,,01
01,房屋建筑与装饰工程,K,保温、隔热、防腐工程,011002,防腐面层,011002002,防腐砂浆面层,"1.防腐部位
2.面层厚度
3.砂浆、胶泥种 类、配合比",m²,"按设计图示尺寸 以面积计算
1.平面：扣除凸
出地面的构筑物、
设备基础所占面
积，不扣除单个面
积≤0.3m²的柱、
垛、孔洞所占面积，
门洞、空圈、暖气包
槽、壁龛的开口部
分不增加面积
2.立面：扣除门窗 洞口所占面积，不扣 除单个面积≤0.3m² 的梁、孔洞所占面积，
门窗洞口侧壁、垛 突出部分按展开面 积并入墙面积内","1.基层清理
2.基层刷稀胶泥
3.砂浆制作、摊铺、 养护",表 K.2.1 防腐面层,,,01
01,房屋建筑与装饰工程,K,保温、隔热、防腐工程,011002,防腐面层,011002003,防腐胶泥面层,"1.防腐部位
2.面层厚度
3.胶泥种类、配 合比",m²,"按设计图示尺寸 以面积计算
1.平面：扣除凸
出地面的构筑物、
设备基础所占面
积，不扣除单个面
积≤0.3m²的柱、
垛、孔洞所占面积，
门洞、空圈、暖气包
槽、壁龛的开口部
分不增加面积
2.立面：扣除门窗 洞口所占面积，不扣 除单个面积≤0.3m² 的梁、孔洞所占面积，
门窗洞口侧壁、垛 突出部分按展开面 积并入墙面积内","1.基层清理
2.胶泥调制、摊铺",表 K.2.1 防腐面层,,,01
01,房屋建筑与装饰工程,K,保温、隔热、防腐工程,011002,防腐面层,011002004,玻璃钢 防腐面层,"1.防腐部位
2.玻璃钢种类
3 . 贴 布 材 料 的 种 类、层数
4.面层材料品种",m²,"按设计图示尺寸 以面积计算
1.平面：扣除凸
出地面的构筑物、 设 备 基 础 所 占 面 积，不扣除单个面 积≤0.3m²的柱、 垛、孔洞所占面积， 门洞、空圈、暖气包 槽、壁龛的开口部 分不增加面积
2.立面：扣除门
窗洞口面积，不扣除 单个面积≤0.3m² 的梁、孔洞所占面 积，门窗洞口侧壁、 垛突出部分按展开 面积并入墙面积内","1.基层清理
2.刷底漆、刮腻子
3.胶浆配制、涂刷
4.粘布、涂刷面层",表 K.2.1 防腐面层,,,01
01,房屋建筑与装饰工程,K,保温、隔热、防腐工程,011002,防腐面层,011002005,"聚氯乙烯板
面层","1.防腐部位
2.面层材料品种、 厚度
3.粘结材料种类",m²,"按设计图示尺寸 以面积计算
1.平面：扣除凸
出地面的构筑物、 设 备 基 础 所 占 面 积，不扣除单个面 积≤0.3m²的柱、 垛、孔洞所占面积， 门洞、空圈、暖气包 槽、壁龛的开口部 分不增加面积
2.立面：扣除门
窗洞口面积，不扣除 单个面积≤0.3m² 的梁、孔洞所占面 积，门窗洞口侧壁、 垛突出部分按展开 面积并入墙面积内","1.基层清理
2.配料、涂胶
3.聚氯乙烯板铺设",表 K.2.1 防腐面层,,,01
01,房屋建筑与装饰工程,K,保温、隔热、防腐工程,011002,防腐面层,011002006,"块料防腐
面层","1.防腐部位
2.块料品种、规格
3.粘结材料种类
4.勾缝材料种类",m²,"按设计图示尺寸 以面积计算
1.平面：扣除凸
出地面的构筑物、 设 备 基 础 所 占 面 积，不扣除单个面 积≤0.3m²的柱、 垛、孔洞所占面积， 门洞、空圈、暖气包 槽、壁龛的开口部 分不增加面积
2.立面：扣除门
窗洞口面积，不扣除 单个面积≤0.3m² 的梁、孔洞所占面 积，门窗洞口侧壁、 垛突出部分按展开 面积并入墙面积内","1.基层清理
2.铺贴块料
3.胶泥调制、勾缝",表 K.2.1 防腐面层,,,01
01,房屋建筑与装饰工程,K,保温、隔热、防腐工程,011002,防腐面层,011002007,池、槽块料 防腐面层,"1.防腐池、槽名称、 代号
2.块料品种、规格
3.粘结材料种类
4.勾缝材料种类",m²,按设计图示尺寸 以展开面积计算,"1.基层清理
2.铺贴块料
3.胶泥调制、勾缝",表 K.2.1 防腐面层,,,01
01,房屋建筑与装饰工程,K,保温、隔热、防腐工程,011003,其他防腐,011003001,隔离层防腐,"1.隔离层部位
2.隔离层材料品种
3.隔离层做法
4.粘贴材料种类",m²,"按设计图示尺寸 以面积计算
1.平面：扣除凸 出地面的构筑物、 设备基础所占面
积，不扣除单个面 积≤0.3m²的柱、 垛、孔洞等所占面 积，门洞、空圈、暖 气包槽、壁龛的开 口部分不增加面积
2.立面：扣除门窗 洞口面积，不扣除单 个面积≤0.3m²的 梁、孔洞所占面积， 门窗洞口侧壁、垛 突出部分按展开面 积并入墙面积内","1.基层清理、刷油
2.制备材料
3.隔离层铺设",表 K.3.1 其他防腐,,,01
01,房屋建筑与装饰工程,K,保温、隔热、防腐工程,011003,其他防腐,011003002,砌筑沥青 浸渍砖,"1.砌筑部位
2.浸渍砖规格
3.胶泥种类
4.浸渍砖砌法",m³,按设计图示尺寸 以体积计算,"1.基层清理
2.胶泥调制
3.浸渍砖铺砌",表 K.3.1 其他防腐,,,01
01,房屋建筑与装饰工程,K,保温、隔热、防腐工程,011003,其他防腐,011003003,防腐涂料,"1.涂刷部位
2.基层材料类型
3.刮腻子的种类、 遍数
4.涂料品种、刷涂 遍数",m²,"按设计图示尺寸 以面积计算
1.平面：扣除凸
出地面的构筑物、 设备基础所占面
积，不扣除单个面 积≤0.3m²的柱、 垛、孔洞所占面积， 门洞、空圈、暖气包 槽、壁龛的开口部 分不增加面积
2.立面：扣除门
窗洞口面积，不扣除 单个面积≤0.3m² 的梁、孔洞所占面 积，门窗洞口侧壁、 垛突出部分按展开 面积并入墙面积内","1.基层清理
2.刮腻子
3.刷涂料",表 K.3.1 其他防腐,,,01
01,房屋建筑与装饰工程,L,楼地面装饰工程,011101,整体面层及找平层,011101001,水泥砂浆 楼地面,"1.找平层厚度、材 料种类及强度
等级
2.面层厚度、砂浆 种类及强度等级
3.面层处理方式",m²,"按设计图示尺寸
以面积计算。扣除
凸出地面构筑物、
设备基础、室内管
道、地沟、柱、垛、附
墙烟囱及孔洞所占
面积。门洞、空圈、
暖气包槽、壁龛的
开口部分并入相应
的工程量内","1.基层清理
2.找平层铺设
3.面层铺设",表 L.1.1 整体面层及找平层,,,01
01,房屋建筑与装饰工程,L,楼地面装饰工程,011101,整体面层及找平层,011101002,"细石混凝土
楼地面","1.找平层厚度、材 料种类及强度
等级
2.面层厚度、混凝 土强度等级
3.面层处理方式",m²,"按设计图示尺寸
以面积计算。扣除
凸出地面构筑物、
设备基础、室内管
道、地沟、柱、垛、附
墙烟囱及孔洞所占
面积。门洞、空圈、
暖气包槽、壁龛的
开口部分并入相应
的工程量内","1.基层清理
2.找平层铺设
3.面层铺设",表 L.1.1 整体面层及找平层,,,01
01,房屋建筑与装饰工程,L,楼地面装饰工程,011101,整体面层及找平层,011101003,"自流平楼
地面","1.找平层厚度、材 料种类及强度
等级
2.界面剂材料种类
3.中层漆材料种 类、厚度
4.面漆材料种类、 厚度",m²,"按设计图示尺寸
以面积计算。扣除
凸出地面构筑物、
设备基础、室内管
道、地沟、柱、垛、附
墙烟囱及孔洞所占
面积。门洞、空圈、
暖气包槽、壁龛的
开口部分并入相应
的工程量内","1.基层处理
2.找平层铺设
3.涂界面剂
4.涂刷中层漆
5.打磨、吸尘
6.镘自流平面漆(浆)",表 L.1.1 整体面层及找平层,,,01
01,房屋建筑与装饰工程,L,楼地面装饰工程,011101,整体面层及找平层,011101004,耐磨楼地面,"1.找平层厚度、材 料种类及强度
等级
2.混凝土厚度、强 度等级
3.耐磨地坪材料 种类、厚度
4.面层处理方式",m²,"按设计图示尺寸
以面积计算。扣除
凸出地面构筑物、
设备基础、室内管
道、地沟、柱、垛、附
墙烟囱及孔洞所占
面积。门洞、空圈、
暖气包槽、壁龛的
开口部分并入相应
的工程量内","1.基层处理
2.找平层铺设
3.面层铺设",表 L.1.1 整体面层及找平层,,,01
01,房屋建筑与装饰工程,L,楼地面装饰工程,011101,整体面层及找平层,011101005,塑胶地面,"1.底胶种类、厚度
2.面胶种类、厚度
3.颗粒种类",m²,"按设计图示尺寸
以面积计算。扣除
凸出地面构筑物、
设备基础、室内管
道、地沟、柱、垛、附
墙烟囱及孔洞所占
面积。门洞、空圈、
暖气包槽、壁龛的
开口部分并入相应
的工程量内","1.基层清理
2.底胶配料摊铺
3.面胶配料摊铺
4.摊铺颗粒
5.清扫养护",表 L.1.1 整体面层及找平层,,,01
01,房屋建筑与装饰工程,L,楼地面装饰工程,011101,整体面层及找平层,011101006,"平面砂浆找
平层","1.找平层厚度
2.砂浆种类及强 度等级",m²,"按设计图示尺寸
以面积计算。扣除
凸出地面构筑物、
设备基础、室内管
道、地沟等所占面
积，不扣除≤0.3m²
柱、垛、附墙烟囱及
孔洞所占面积。门
洞、空圈、暖气包
槽、壁龛的开口部
分不增加面积","1.基层清理
2.找平层铺设",表 L.1.1 整体面层及找平层,,,01
01,房屋建筑与装饰工程,L,楼地面装饰工程,011101,整体面层及找平层,011101007,"细石混凝土
找平层","1.找平层厚度
2.混凝土强度等级",m²,"按设计图示尺寸
以面积计算。扣除
凸出地面构筑物、
设备基础、室内管
道、地沟等所占面
积，不扣除≤0.3m²
柱、垛、附墙烟囱及
孔洞所占面积。门
洞、空圈、暖气包
槽、壁龛的开口部
分不增加面积","1.基层处理
2.找平层铺设",表 L.1.1 整体面层及找平层,,,01
01,房屋建筑与装饰工程,L,楼地面装饰工程,011101,整体面层及找平层,011101008,自流平找平层,"1.界面剂材料种 类、遍数
2.找平层厚度、材 料种类",m²,"按设计图示尺寸
以面积计算。扣除
凸出地面构筑物、
设备基础、室内管
道、地沟等所占面
积，不扣除≤0.3m²
柱、垛、附墙烟囱及
孔洞所占面积。门
洞、空圈、暖气包
槽、壁龛的开口部
分不增加面积","1.基层处理
2.涂界面剂
3.找平层铺设",表 L.1.1 整体面层及找平层,,,01
01,房屋建筑与装饰工程,L,楼地面装饰工程,011102,石材及块料面层,011102001,石材楼地面,"1.找平层厚度、材 料种类及强度 等级
2.结合层厚度、材 料种类及强度 等级
3.面层材料品种、 规格
4.勾缝材料种类
5.防护层材料种类
6.面层处理方式",m²,"按设计图示尺寸 以面积计算。门
洞、空圈、暖气包 槽、壁龛的开口部 分并入相应的工程 量内","1.基层清理
2.找平层铺设
3.面层铺设、磨边
4.勾缝
5.刷防护材料
6.酸洗、打蜡、结晶",表 L.2.1 石材及块料面层,,,01
01,房屋建筑与装饰工程,L,楼地面装饰工程,011102,石材及块料面层,011102002,拼碎石 材楼地面,"1.找平层厚度、材 料种类及强度 等级
2.结合层厚度、材 料种类及强度 等级
3.面层材料品种、 规格
4.勾缝材料种类
5.防护层材料种类
6.面层处理方式",m²,"按设计图示尺寸 以面积计算。门
洞、空圈、暖气包 槽、壁龛的开口部 分并入相应的工程 量内","1.基层清理
2.找平层铺设
3.面层铺设、磨边
4.勾缝
5.刷防护材料
6.酸洗、打蜡、结晶",表 L.2.1 石材及块料面层,,,01
01,房屋建筑与装饰工程,L,楼地面装饰工程,011102,石材及块料面层,011102003,块料楼地面,"1.找平层厚度、材 料种类及强度 等级
2.结合层厚度、材 料种类及强度 等级
3.面层材料品种、 规格
4.勾缝材料种类
5.防护层材料种类
6.面层处理方式",m²,"按设计图示尺寸 以面积计算。门
洞、空圈、暖气包 槽、壁龛的开口部 分并入相应的工程 量内","1.基层清理
2.找平层铺设
3.面层铺设、磨边
4.勾缝
5.刷防护材料
6.酸洗、打蜡、结晶",表 L.2.1 石材及块料面层,,,01
01,房屋建筑与装饰工程,L,楼地面装饰工程,011103,橡塑面层,011103001,"橡塑板楼
地面","1.结合层厚度、材 料种类及强度 等级
2.面层材料品种、 规格
3.压条种类",m²,"按设计图示尺寸 以面积计算。门
洞、空圈、暖气包 槽、壁龛的开口部 分并入相应的工程 量内","1.基层清理
2.面层铺设
3.压条装钉",表 L.3.1 橡塑面层,,,01
01,房屋建筑与装饰工程,L,楼地面装饰工程,011103,橡塑面层,011103002,"橡塑卷材楼
地面","1.结合层厚度、材 料种类及强度 等级
2.面层材料品种、 规格
3.压条种类",m²,"按设计图示尺寸 以面积计算。门
洞、空圈、暖气包 槽、壁龛的开口部 分并入相应的工程 量内","1.基层清理
2.面层铺设
3.压条装钉",表 L.3.1 橡塑面层,,,01
01,房屋建筑与装饰工程,L,楼地面装饰工程,011103,橡塑面层,011103003,塑胶运动 地板,"1.面层材料品种、 规格
2.固定方式
3.附加层材料种 类和厚度
4.压条种类",m²,"按设计图示尺寸 以面积计算。门
洞、空圈、暖气包 槽、壁龛的开口部 分并入相应的工程 量内","1.基层清理
2.附加层铺贴
3.面层铺设
4.压条装钉",表 L.3.1 橡塑面层,,,01
01,房屋建筑与装饰工程,L,楼地面装饰工程,011104,其他材料面层,011104001,地毯楼地面,"1.基层种类
2.面层材料品种、 规格
3.粘结材料种类
4.固定配件材料 种类、规格",m²,"按设计图示尺寸 以面积计算。门
洞、空圈、暖气包 槽、壁龛的开口部 分并入相应的工程 量内","1.基层清理
2.铺贴面层
3.装钉压条",表 L.4.1 其他材料面层,,,01
01,房屋建筑与装饰工程,L,楼地面装饰工程,011104,其他材料面层,011104002,"竹、木
(复合)地板","1.龙骨材料种类、 规格、铺设间距
2.基层材料种类、 规格
3.面层材料品种、 规格
4.防护材料种类",m²,"按设计图示尺寸 以面积计算。门
洞、空圈、暖气包 槽、壁龛的开口部 分并入相应的工程 量内","1.基层清理
2.龙骨铺设
3.基层铺设
4.面层铺设
5.刷防护材料",表 L.4.1 其他材料面层,,,01
01,房屋建筑与装饰工程,L,楼地面装饰工程,011104,其他材料面层,011104003,"金属复合
地板","1.龙骨材料种类、 规格、铺设间距
2.基层材料种类、 规格
3.面层材料品种、 规格
4.防护材料种类",m²,"按设计图示尺寸 以面积计算。门
洞、空圈、暖气包 槽、壁龛的开口部 分并入相应的工程 量内","1.基层清理
2.龙骨铺设
3.基层铺设
4.面层铺设
5.刷防护材料",表 L.4.1 其他材料面层,,,01
01,房屋建筑与装饰工程,L,楼地面装饰工程,011105,踢脚线,011105001,"水泥砂浆踢
脚线","1.踢脚线高度
2.底层厚度、砂浆 种类及强度等级
3.面层厚度、砂浆 种类及强度等级",m,按设计图示尺寸 以长度计算,"1.基层清理
2.底层和面层抹灰",表 L.5.1 踢脚线,,,01
01,房屋建筑与装饰工程,L,楼地面装饰工程,011105,踢脚线,011105002,石材踢脚线,"1.踢脚线高度
2.结合层厚度、材 料种类及强度 等级
3.面层材料品种、 规格
4.防护材料种类",m,按设计图示尺寸 以长度计算,"1.基层清理
2.底层抹灰
3.面层铺设、磨边
4.擦缝
5.磨光、酸洗、打蜡
6.刷防护材料",表 L.5.1 踢脚线,,,01
01,房屋建筑与装饰工程,L,楼地面装饰工程,011105,踢脚线,011105003,块料踢脚线,"1.踢脚线高度
2.结合层厚度、材 料种类及强度 等级
3.面层材料品种、 规格
4.防护材料种类",m,按设计图示尺寸 以长度计算,"1.基层清理
2.底层抹灰
3.面层铺设、磨边
4.擦缝
5.磨光、酸洗、打蜡
6.刷防护材料",表 L.5.1 踢脚线,,,01
01,房屋建筑与装饰工程,L,楼地面装饰工程,011105,踢脚线,011105004,"塑料板踢
脚线","1.踢脚线高度)
2.结合层厚度、材 料种类及强度 等级
3.面层材料品种、 规格",m,按设计图示尺寸 以长度计算,"1.基层清理
2.基层铺贴
3.面层铺设",表 L.5.1 踢脚线,,,01
01,房屋建筑与装饰工程,L,楼地面装饰工程,011105,踢脚线,011105005,木质踢脚线,"1.踢脚线高度
2.基层材料种类、 规格
3.面层材料品种、 规格",m,按设计图示尺寸 以长度计算,"1.基层清理
2.基层铺贴
3.面层铺设",表 L.5.1 踢脚线,,,01
01,房屋建筑与装饰工程,L,楼地面装饰工程,011105,踢脚线,011105006,金属踢脚线,"1.踢脚线高度
2.基层材料种类、 规格
3.面层材料品种、 规格",m,按设计图示尺寸 以长度计算,"1.基层清理
2.基层铺贴
3.面层铺设",表 L.5.1 踢脚线,,,01
01,房屋建筑与装饰工程,L,楼地面装饰工程,011106,楼梯面层,011106001,水泥砂浆楼梯,"1.找平层厚度、材 料种类及强度
等级
2.面层厚度、砂浆 种类及强度等级
3.防滑条材料种 类、规格
4.面层处理方式
5.楼梯部位",m²,按设计图示尺寸 以面层展开面积计 算。楼梯与楼地面 相连时，算至最上 一级踏步踏面(该 踏面无设计宽度时 按300mm计算),"1.基层清理
2.找平层铺设
3.面层铺设
4.抹防滑条",表 L.6.1 楼梯面层,,,01
01,房屋建筑与装饰工程,L,楼地面装饰工程,011106,楼梯面层,011106002,石材楼梯,"1.找平层厚度、材 料种类及强度 等级
2.结合层厚度、材 料种类及强度 等级
3.面层材料品种、 规格
4.防滑条材料种 类、规格
5.勾缝材料种类
6.防护材料种类
7.面层处理方式
8.楼梯部位",m,按设计图示尺寸 以面层展开面积计 算。楼梯与楼地面 相连时，算至最上 一级踏步踏面(该 踏面无设计宽度时 按300mm计算),"1.基层清理
2.找平层铺设
3.面层铺设、磨边
4.贴嵌防滑条
5.勾缝
6.刷防护材料
7.酸洗、打蜡、结晶",表 L.6.1 楼梯面层,,,01
01,房屋建筑与装饰工程,L,楼地面装饰工程,011106,楼梯面层,011106003,块料楼梯,"1.找平层厚度、材 料种类及强度 等级
2.结合层厚度、材 料种类及强度 等级
3.面层材料品种、 规格
4.防滑条材料种 类、规格
5.勾缝材料种类
6.防护材料种类
7.面层处理方式
8.楼梯部位",m,按设计图示尺寸 以面层展开面积计 算。楼梯与楼地面 相连时，算至最上 一级踏步踏面(该 踏面无设计宽度时 按300mm计算),"1.基层清理
2.找平层铺设
3.面层铺设、磨边
4.贴嵌防滑条
5.勾缝
6.刷防护材料
7.酸洗、打蜡、结晶",表 L.6.1 楼梯面层,,,01
01,房屋建筑与装饰工程,L,楼地面装饰工程,011106,楼梯面层,011106004,地毯楼梯,"1.基层种类
2.面层材料品种、 规格
3.粘结材料种类
4.固定配件材料 种类、规格
5.楼梯部位",m,按设计图示尺寸 以面层展开面积计 算。楼梯与楼地面 相连时，算至最上 一级踏步踏面(该 踏面无设计宽度时 按300mm计算),"1.基层清理
2.面层铺设
3.固定配件安装",表 L.6.1 楼梯面层,,,01
01,房屋建筑与装饰工程,L,楼地面装饰工程,011106,楼梯面层,011106005,木板(复合) 楼梯,"1.基层材料种类、 规格
2.面层材料品种、 规格
3.粘结材料种类
4.防护材料种类
5.楼梯部位",m,按设计图示尺寸 以面层展开面积计 算。楼梯与楼地面 相连时，算至最上 一级踏步踏面(该 踏面无设计宽度时 按300mm计算),"1.基层清理
2.基层铺贴
3.面层铺设
4.刷防护材料",表 L.6.1 楼梯面层,,,01
01,房屋建筑与装饰工程,L,楼地面装饰工程,011106,楼梯面层,011106006,橡塑板楼梯,"1.粘结层厚度、材 料种类及强度 等级
2.面层材料品种、 规格
3.压条种类
4.楼梯部位",m,按设计图示尺寸 以面层展开面积计 算。楼梯与楼地面 相连时，算至最上 一级踏步踏面(该 踏面无设计宽度时 按300mm计算),"1.基层清理
2.面层铺设
3.压条装钉",表 L.6.1 楼梯面层,,,01
01,房屋建筑与装饰工程,L,楼地面装饰工程,011106,楼梯面层,011106007,"橡塑卷材
楼梯","1.粘结层厚度、材 料种类及强度 等级
2.面层材料品种、 规格
3.压条种类
4.楼梯部位",m,按设计图示尺寸 以面层展开面积计 算。楼梯与楼地面 相连时，算至最上 一级踏步踏面(该 踏面无设计宽度时 按300mm计算),"1.基层清理
2.面层铺设
3.压条装钉",表 L.6.1 楼梯面层,,,01
01,房屋建筑与装饰工程,L,楼地面装饰工程,011107,台阶装饰,011107001,"水泥砂浆
台阶","1.找平层厚度、材 料种类及强度 等级
2.面层厚度、砂浆 种类及强度等级
3.防滑条材料种类
4.面层处理方式",m²,"按设计图示尺寸 以面层展开面积计 算。台阶与楼地面 相连时，算至最上 一级踏步踏面(该 踏面无设计宽度
时，按下一级踏面 宽度计算)","1.基层清理
2.找平层铺设
3.面层铺设
4.贴嵌防滑条",表 L.7.1 台阶装饰,,,01
01,房屋建筑与装饰工程,L,楼地面装饰工程,011107,台阶装饰,011107002,石材台阶,"1.找平层厚度、材 料种类及强度 等级
2.结合层厚度、材 料种类及强度 等级
3.面层材料品种、 规格
4.勾缝材料种类
5.防滑条材料种 类、规格
6.防护材料种类
7.面层处理方式",m²,"按设计图示尺寸 以面层展开面积计 算。台阶与楼地面 相连时，算至最上 一级踏步踏面(该 踏面无设计宽度
时，按下一级踏面 宽度计算)","1.基层清理
2.找平层铺设
3.面层铺设
4.贴嵌防滑条
5.勾缝
6.刷防护材料
7.酸洗、打蜡、结晶",表 L.7.1 台阶装饰,,,01
01,房屋建筑与装饰工程,L,楼地面装饰工程,011107,台阶装饰,011107003,"拼碎石材
台阶","1.找平层厚度、材 料种类及强度 等级
2.结合层厚度、材 料种类及强度 等级
3.面层材料品种、 规格
4.勾缝材料种类
5.防滑条材料种 类、规格
6.防护材料种类
7.面层处理方式",m²,"按设计图示尺寸 以面层展开面积计 算。台阶与楼地面 相连时，算至最上 一级踏步踏面(该 踏面无设计宽度
时，按下一级踏面 宽度计算)","1.基层清理
2.找平层铺设
3.面层铺设
4.贴嵌防滑条
5.勾缝
6.刷防护材料
7.酸洗、打蜡、结晶",表 L.7.1 台阶装饰,,,01
01,房屋建筑与装饰工程,L,楼地面装饰工程,011107,台阶装饰,011107004,块料台阶,"1.找平层厚度、材 料种类及强度 等级
2.结合层厚度、材 料种类及强度 等级
3.面层材料品种、 规格
4.勾缝材料种类
5.防滑条材料种 类、规格
6.防护材料种类
7.面层处理方式",m²,"按设计图示尺寸 以面层展开面积计 算。台阶与楼地面 相连时，算至最上 一级踏步踏面(该 踏面无设计宽度
时，按下一级踏面 宽度计算)","1.基层清理
2.找平层铺设
3.面层铺设
4.贴嵌防滑条
5.勾缝
6.刷防护材料
7.酸洗、打蜡、结晶",表 L.7.1 台阶装饰,,,01
01,房屋建筑与装饰工程,L,楼地面装饰工程,011107,台阶装饰,011107005,剁假石台阶,"1.找平层厚度、材 料种类及强度 等级
2.结合层厚度、材 料种类及强度 等级
3.面层材料品种、 规格",m²,"按设计图示尺寸 以面层展开面积计 算。台阶与楼地面 相连时，算至最上 一级踏步踏面(该 踏面无设计宽度
时，按下一级踏面 宽度计算)","1.清理基层
2.找平层铺设
3.面层铺设",表 L.7.1 台阶装饰,,,01
01,房屋建筑与装饰工程,L,楼地面装饰工程,011108,零星装饰项目,011108001,石材零星 项 目,"1.找平层厚度、材 料种类及强度 等级
2.结合层厚度、材 料种类及强度 等级
3.面层材料品种、 规格
4.勾缝材料种类
5.防护材料种类
6.面层处理方式",m²,按设计图示尺寸 以面积计算,"1.基层清理
2.找平层铺设
3.面层铺设、磨边
4.勾缝
5.刷防护材料
6.酸洗、打蜡、结晶",表 L.8.1 零星装饰项目,,,01
01,房屋建筑与装饰工程,L,楼地面装饰工程,011108,零星装饰项目,011108002,拼碎石材 零星项目,"1.找平层厚度、材 料种类及强度 等级
2.结合层厚度、材 料种类及强度 等级
3.面层材料品种、 规格
4.勾缝材料种类
5.防护材料种类
6.面层处理方式",m²,按设计图示尺寸 以面积计算,"1.基层清理
2.找平层铺设
3.面层铺设、磨边
4.勾缝
5.刷防护材料
6.酸洗、打蜡、结晶",表 L.8.1 零星装饰项目,,,01
01,房屋建筑与装饰工程,L,楼地面装饰工程,011108,零星装饰项目,011108003,块料零星 项 目,"1.找平层厚度、材 料种类及强度 等级
2.结合层厚度、材 料种类及强度 等级
3.面层材料品种、 规格
4.勾缝材料种类
5.防护材料种类
6.面层处理方式",m²,按设计图示尺寸 以面积计算,"1.基层清理
2.找平层铺设
3.面层铺设、磨边
4.勾缝
5.刷防护材料
6.酸洗、打蜡、结晶",表 L.8.1 零星装饰项目,,,01
01,房屋建筑与装饰工程,L,楼地面装饰工程,011108,零星装饰项目,011108004,水泥砂浆 零星项目,"1.找平层厚度、材 料种类及强度 等级
2.面层厚度、砂浆 种类及强度等级
3.面层处理方式",m²,按设计图示尺寸 以面积计算,"1.基层清理
2.找平层铺设
3.面层铺设",表 L.8.1 零星装饰项目,,,01
01,房屋建筑与装饰工程,L,楼地面装饰工程,011108,零星装饰项目,011108005,"车库标线、
标识","1.标线类型
2.面层材料品种、 厚度",m²,标线按设计图示 尺寸以面积计算。 标识按设计图形以 外接矩形面积计算,"1.基层处理
2.涂刷",表 L.8.1 零星装饰项目,,,01
01,房屋建筑与装饰工程,L,楼地面装饰工程,011108,零星装饰项目,011108006,广角镜安装,样式、材质、规格,个,按设计图示数量 计算,安装,表 L.8.1 零星装饰项目,,,01
01,房屋建筑与装饰工程,L,楼地面装饰工程,011108,零星装饰项目,011108007,标志牌,样式、材质、规格,m²,按设计图示尺寸 以面积计算,安装,表 L.8.1 零星装饰项目,,,01
01,房屋建筑与装饰工程,L,楼地面装饰工程,011108,零星装饰项目,011108008,车挡,样式、材质、规格,个,按设计图示数量 计算,安装,表 L.8.1 零星装饰项目,,,01
01,房屋建筑与装饰工程,L,楼地面装饰工程,011108,零星装饰项目,011108009,减速带,样式、材质、规格,m,按设计图示尺寸 以长度计算,安装,表 L.8.1 零星装饰项目,,,01
01,房屋建筑与装饰工程,L,楼地面装饰工程,011108,零星装饰项目,011108010,墙柱面防撞条,样式、材质、规格,m,按设计图示尺寸 以长度计算,安装,表 L.8.1 零星装饰项目,,,01
01,房屋建筑与装饰工程,L,楼地面装饰工程,011109,装配式楼地面及其他,011109001,架空地板,"1.龙骨材料种类、 规格、铺设间距
2.基层材料种类、 规格
3.面层材料品种、 规格
4.防护材料种类
5.压条种类",m²,按设计图示尺寸 以面积计算 。 门 洞、空圈、暖气包 槽、壁龛的开口部 分并入相应的工程 量内,"1.基层清理
2.龙骨铺设
3.基层铺设
4.面层铺设
5.刷防护材料
6.压条装钉",表 L.9.1 装配式楼地面及其他,,,01
01,房屋建筑与装饰工程,L,楼地面装饰工程,011109,装配式楼地面及其他,011109002,装配式踢脚线,"1.踢脚线高度
2.踢脚线材料种 类、规格
3.卡扣材质、种类、 规格",m,按设计图示尺寸 以长度计算,"1.基层清理
2.卡扣安装
3.面层安装",表 L.9.1 装配式楼地面及其他,,,01
01,房屋建筑与装饰工程,M,墙、柱面装饰与隔断、幕墙工程,011201,墙、柱面抹灰,011201001,"墙、柱面
一般抹灰","1.基层类型、部位
2.各层厚度、材料 种类及强度等级
3.分格缝宽度、材 料种类
4.面层处理方式",m²,"按设计图示尺寸
以面积计算。扣除 墙裙、门窗洞口面 积；不扣除单个面 积≤0.3m²的孔洞 面积，不扣除挂镜 线、墙与构件交接 处的面积；附墙柱、 梁、垛、烟囱侧壁并 入相应的墙面面积 内；门窗洞口和孔 洞的侧壁及顶面不 增加面积","1.基层清理 2.分层抹灰
3.面层处理 4.分格嵌缝",表 M.1.1 墙、柱面抹灰,,,01
01,房屋建筑与装饰工程,M,墙、柱面装饰与隔断、幕墙工程,011201,墙、柱面抹灰,011201002,"墙、柱面
装饰抹灰","1.装饰抹灰类型
2.基层类型、部位
3.各层厚度、材料 种类及强度等级
4.分格缝宽度、材 料种类",m²,"按设计图示尺寸
以面积计算。扣除 墙裙、门窗洞口面 积；不扣除单个面 积≤0.3m²的孔洞 面积，不扣除挂镜 线、墙与构件交接 处的面积；附墙柱、 梁、垛、烟囱侧壁并 入相应的墙面面积 内；门窗洞口和孔 洞的侧壁及顶面不 增加面积","1.基层清理 2.分层抹灰
3.面层处理 4.分格嵌缝",表 M.1.1 墙、柱面抹灰,,,01
01,房屋建筑与装饰工程,M,墙、柱面装饰与隔断、幕墙工程,011201,墙、柱面抹灰,011201003,墙、柱面勾缝,"1.勾缝类型
2.勾缝材料种类
3.勾缝基层部位、 材质",m²,"按设计图示尺寸
以面积计算。扣除 墙裙、门窗洞口面 积；不扣除单个面 积≤0.3m²的孔洞 面积，不扣除挂镜 线、墙与构件交接 处的面积；附墙柱、 梁、垛、烟囱侧壁并 入相应的墙面面积 内；门窗洞口和孔 洞的侧壁及顶面不 增加面积","1.基层清理
2.勾缝",表 M.1.1 墙、柱面抹灰,,,01
01,房屋建筑与装饰工程,M,墙、柱面装饰与隔断、幕墙工程,011201,墙、柱面抹灰,011201004,"立面砂浆找
平层","1.基层类型
2.找平层厚度、砂 浆种类及强度 等级",m²,"按设计图示尺寸
以面积计算。扣除 墙裙、门窗洞口面 积；不扣除单个面 积≤0.3m²的孔洞 面积，不扣除挂镜 线、墙与构件交接 处的面积；附墙柱、 梁、垛、烟囱侧壁并 入相应的墙面面积 内；门窗洞口和孔 洞的侧壁及顶面不 增加面积","1.基层清理
2.抹灰找平",表 M.1.1 墙、柱面抹灰,,,01
01,房屋建筑与装饰工程,M,墙、柱面装饰与隔断、幕墙工程,011202,零星抹灰,011202001,零星项目 一般抹灰,"1.基层类型、部位
2.各层厚度、材料 种类及强度等级
3.分格缝宽度、材 料种类
4.面层处理方式",m²,按设计图示尺寸 以展开面积计算,"1.基层清理 2.分层抹灰
3.面层处理 4.分格嵌缝",表 M.2.1 零星抹灰,,,01
01,房屋建筑与装饰工程,M,墙、柱面装饰与隔断、幕墙工程,011202,零星抹灰,011202002,零星项目 装饰抹灰,"1.装饰抹灰类型
2.基层类型、部位
3.各层厚度、材料 种类及强度等级
4.分格缝宽度、材 料种类",m²,按设计图示尺寸 以展开面积计算,"1.基层清理 2.分层抹灰
3.面层处理 4.分格嵌缝",表 M.2.1 零星抹灰,,,01
01,房屋建筑与装饰工程,M,墙、柱面装饰与隔断、幕墙工程,011202,零星抹灰,011202003,零星项目 砂浆找平,"1.基层类型、部位
2.找平层厚度、砂 浆种类及强度
等级",m²,按设计图示尺寸 以展开面积计算,"1.基层清理
2.抹灰找平",表 M.2.1 零星抹灰,,,01
01,房屋建筑与装饰工程,M,墙、柱面装饰与隔断、幕墙工程,011203,墙、柱面块料面层,011203001,石材墙、柱面,"1.基层类型、部位
2.安装方式
3.骨架材料种类、 规格
4.面层材料品种、 规格
5.缝宽、勾缝材料 种类
6.防护材料种类
7.面层处理方式",m²,按设计图示镶贴 后表面积计算,"1.基层清理
2.粘结层铺贴或骨 架安装(若有)
3.面层铺贴或安装
4.勾缝
5.刷防护材料
6.磨光、酸洗、打蜡",表 M.3.1 墙、柱面块料面层,,,01
01,房屋建筑与装饰工程,M,墙、柱面装饰与隔断、幕墙工程,011203,墙、柱面块料面层,011203002,"拼碎石材墙、
柱面","1.基层类型、部位
2.安装方式
3.骨架材料种类、 规格
4.面层材料品种、 规格
5.缝宽、勾缝材料 种类
6.防护材料种类
7.面层处理方式",m²,按设计图示镶贴 后表面积计算,"1.基层清理
2.粘结层铺贴或骨 架安装(若有)
3.面层铺贴或安装
4.勾缝
5.刷防护材料
6.磨光、酸洗、打蜡",表 M.3.1 墙、柱面块料面层,,,01
01,房屋建筑与装饰工程,M,墙、柱面装饰与隔断、幕墙工程,011203,墙、柱面块料面层,011203003,块料墙、柱面,"1.基层类型、部位
2.安装方式
3.骨架材料种类、 规格
4.面层材料品种、 规格
5.缝宽、勾缝材料 种类
6.防护材料种类
7.面层处理方式",m²,按设计图示镶贴 后表面积计算,"1.基层清理
2.粘结层铺贴或骨 架安装(若有)
3.面层铺贴或安装
4.勾缝
5.刷防护材料
6.磨光、酸洗、打蜡",表 M.3.1 墙、柱面块料面层,,,01
01,房屋建筑与装饰工程,M,墙、柱面装饰与隔断、幕墙工程,011204,零星块料面层,011204001,"石材
零星项目","1.基层类型、部位
2.安装方式
3.骨架材料种类、 规格
4.面层材料品种、 规格
5.缝宽、勾缝材料 种类
6.防护材料种类
7.面层处理方式",m²,按设计图示镶贴 后表面积计算,"1.基层清理
2.粘结层铺贴或骨 架安装(若有)
3.面层铺贴或安装
4.勾缝
5.刷防护材料
6.磨光、酸洗、打蜡",表 M.4.1 零星块料面层,,,01
01,房屋建筑与装饰工程,M,墙、柱面装饰与隔断、幕墙工程,011204,零星块料面层,011204002,拼碎石材 零星项目,"1.基层类型、部位
2.安装方式
3.骨架材料种类、 规格
4.面层材料品种、 规格
5.缝宽、勾缝材料 种类
6.防护材料种类
7.面层处理方式",m²,按设计图示镶贴 后表面积计算,"1.基层清理
2.粘结层铺贴或骨 架安装(若有)
3.面层铺贴或安装
4.勾缝
5.刷防护材料
6.磨光、酸洗、打蜡",表 M.4.1 零星块料面层,,,01
01,房屋建筑与装饰工程,M,墙、柱面装饰与隔断、幕墙工程,011204,零星块料面层,011204003,"块料
零星项目","1.基层类型、部位
2.安装方式
3.骨架材料种类、 规格
4.面层材料品种、 规格
5.缝宽、勾缝材料 种类
6.防护材料种类
7.面层处理方式",m²,按设计图示镶贴 后表面积计算,"1.基层清理
2.粘结层铺贴或骨 架安装(若有)
3.面层铺贴或安装
4.勾缝
5.刷防护材料
6.磨光、酸洗、打蜡",表 M.4.1 零星块料面层,,,01
01,房屋建筑与装饰工程,M,墙、柱面装饰与隔断、幕墙工程,011205,墙、柱饰面,011205001,墙、柱面 装饰板,"1.龙骨材料种类、 规格、中距
2.隔离层材料种 类、规格
3.基层材料种类、 规格
4.面层材料品种、 规格
5.压条材料种类、 规格",m²,按设计图示饰面 外围尺寸以面积计 算。扣除门窗洞口 面积，不扣除单个 面积≤0.3m²的孔 洞所占面积,"1.基层清理
2.龙骨制作、安装
3.钉隔离层
4.基层铺钉
5.面层铺贴",表 M.5.1 墙、柱饰面,,,01
01,房屋建筑与装饰工程,M,墙、柱面装饰与隔断、幕墙工程,011205,墙、柱饰面,011205002,"墙、柱面
装饰浮雕","1.基层类型
2.安装方式
3.浮雕材料种类
4.浮雕样式",m²,按设计图示尺寸 以面积计算,"1.基层清理
2.材料制作
3.安装成型",表 M.5.1 墙、柱饰面,,,01
01,房屋建筑与装饰工程,M,墙、柱面装饰与隔断、幕墙工程,011205,墙、柱饰面,011205003,"墙、柱面装
配式装饰板","1.基层类型、部位
2.配套件种类、 规格
3.面层材料品种、 规格",m²,按设计图示饰面 外围尺寸以面积 计算,"1.基层清理
2.运输、安装
3.勾缝、塞口",表 M.5.1 墙、柱饰面,,,01
01,房屋建筑与装饰工程,M,墙、柱面装饰与隔断、幕墙工程,011205,墙、柱饰面,011205004,墙、柱面软包,"1.龙骨材料种类、 规格、中距
2.基层材料种类、 规格
3.面层材料品种、 规格",m²,按设计图示饰面 外围尺寸以面积 计算,"1.基层清理
2.龙骨制作、安装
3.基层铺钉
4.填充垫料、塞口
5.面层安装固定",表 M.5.1 墙、柱饰面,,,01
01,房屋建筑与装饰工程,M,墙、柱面装饰与隔断、幕墙工程,011205,墙、柱饰面,011205005,墙、柱面保温 装饰一体板,"1.基层类型、部位
2.龙骨材料品种、 规格、中距
3.粘结材料种类、 厚度
4.一体板品种、规 格、厚度
5.勾缝、塞口材料 种类",m²,按设计图示饰面 外围尺寸以面积 计算,"1.基层清理
2.刷界面剂
3.龙骨安装
4.刷粘接剂
5.一体板安装
6.勾缝、塞口",表 M.5.1 墙、柱饰面,,,01
01,房屋建筑与装饰工程,M,墙、柱面装饰与隔断、幕墙工程,011206,幕墙工程,011206001,"构件式玻璃
幕墙","1.骨架材料种类 及型号
2.框格形式
3.面层材料品种、 规格、表面处理
4.隔离带、框边封 闭材料品种",m²,"按设计图示框外 围尺寸以面积计 算。扣除开启扇
面积","1.骨架(含埋件)制 作、安装
2.面层安装
3.防雷引下
4.隔离带、框边封闭
5.勾缝、塞口
6.清洗",表 M.6.1 幕墙工程,,,01
01,房屋建筑与装饰工程,M,墙、柱面装饰与隔断、幕墙工程,011206,幕墙工程,011206002,"构件式石材
幕墙","1.骨架材料种类 及型号
2.框格形式
3.面层材料品种、 规格、表面处理
4.隔离带、框边封 闭材料品种",m²,按设计图示外表 面积计算,"1.骨架(含埋件)制 作、安装
2.面层安装
3.防雷引下
4.隔离带、框边封闭
5.勾缝、塞口
6.清洗",表 M.6.1 幕墙工程,,,01
01,房屋建筑与装饰工程,M,墙、柱面装饰与隔断、幕墙工程,011206,幕墙工程,011206003,"构件式
金属板幕墙","1.骨架材料种类 及型号
2.框格形式
3.面层材料品种、 规格、表面处理
4.隔离带、框边封 闭材料品种",m²,按设计图示外表 面积计算,"1.骨架(含埋件)制 作、安装
2.面层安装
3.防雷引下
4.隔离带、框边封闭
5.勾缝、塞口
6.清洗",表 M.6.1 幕墙工程,,,01
01,房屋建筑与装饰工程,M,墙、柱面装饰与隔断、幕墙工程,011206,幕墙工程,011206004,"构件式
人造板幕墙","1.骨架材料种类 及型号
2.框格形式
3.面层材料品种、 规格、表面处理
4.隔离带、框边封 闭材料品种",m²,按设计图示外表 面积计算,"1.骨架(含埋件)制 作、安装
2.面层安装
3.防雷引下
4.隔离带、框边封闭
5.勾缝、塞口
6.清洗",表 M.6.1 幕墙工程,,,01
01,房屋建筑与装饰工程,M,墙、柱面装饰与隔断、幕墙工程,011206,幕墙工程,011206005,单元式幕墙,"1.结构形式
2.面层材料品种、 规格、表面处理
3.隔离带、框边封 闭材料品种",m²,按设计图示框外 围尺寸以投影面积 计算。扣除开启扇 面积,"1.埋件制作、安装， 单元板块、其他板 块的安装
2.防雷引下
3.隔离带、框边封闭
4.嵌缝、塞口
5.清洗",表 M.6.1 幕墙工程,,,01
01,房屋建筑与装饰工程,M,墙、柱面装饰与隔断、幕墙工程,011206,幕墙工程,011206006,"全玻(无框
玻璃)幕墙","1.玻璃品种、规格
2.粘结塞口材料 种类
3.固定方式",m²,按设计图示尺寸 以面积计算。扣除 开启扇面积,"1.幕墙安装
2.防雷引下
3.嵌缝、塞口 4.清洗",表 M.6.1 幕墙工程,,,01
01,房屋建筑与装饰工程,M,墙、柱面装饰与隔断、幕墙工程,011206,幕墙工程,011206007,点支承 玻璃幕墙,"1.支承结构形式 及材料规格
2.面层材料品种、 规格、表面处理
3.隔离带、框边封 闭材料品种",m²,按设计图示尺寸 以面积计算。扣除 开启扇面积,"1.支承结构(含骨架 或埋件)制作、安装
2.面层安装
3.防雷引下
4.隔离带、框边封闭
5.勾缝、塞口
6.清洗",表 M.6.1 幕墙工程,,,01
01,房屋建筑与装饰工程,M,墙、柱面装饰与隔断、幕墙工程,011206,幕墙工程,011206008,幕墙开启扇,"1.框架种类、规格
2.面层材料品种、 规格
3.驱动类型、开启 方式
4.五金种类、规格
5.其他工艺要求",m²,按设计图示扇外 围尺寸以面积计算,"1.开启扇制作、安装
2.五金配件、驱动装 置安装",表 M.6.1 幕墙工程,,,01
01,房屋建筑与装饰工程,M,墙、柱面装饰与隔断、幕墙工程,011207,隔墙、隔断,011207001,轻质隔墙,"1.隔墙、隔断类型
2.骨架、边框材料 种类、规格
3.隔板材料品种、 规格
4.嵌缝、塞口材料 品种
5.压条材料种类",m²,"按设计图示框外 围尺寸以面积计
算。不扣除单个面 积≤0.3m²的孔洞 所占面积；同材质 的浴厕门面积并入 计算","1.骨架及边框制作、 安装
2.隔板制作、安装
3.嵌缝、塞口
4.装钉压条",表 M.7.1 隔墙、隔断,,,01
01,房屋建筑与装饰工程,M,墙、柱面装饰与隔断、幕墙工程,011207,隔墙、隔断,011207002,轻质隔断,"1.隔墙、隔断类型
2.骨架、边框材料 种类、规格
3.隔板材料品种、 规格
4.嵌缝、塞口材料 品种
5.压条材料种类",m²,"按设计图示框外 围尺寸以面积计
算。不扣除单个面 积≤0.3m²的孔洞 所占面积；同材质 的浴厕门面积并入 计算","1.骨架及边框制作、 安装
2.隔板制作、安装
3.嵌缝、塞口
4.装钉压条",表 M.7.1 隔墙、隔断,,,01
01,房屋建筑与装饰工程,M,墙、柱面装饰与隔断、幕墙工程,011207,隔墙、隔断,011207003,成品隔断,"1.隔断材料品种、 规格
2.配件品种、规格
3.固定方式",m²,按设计图示框外 围尺寸以面积计算,"1.隔断安装
2.嵌缝、塞口",表 M.7.1 隔墙、隔断,,,01
01,房屋建筑与装饰工程,N,天 棚 工 程,011301,天棚抹灰,011301001,天棚抹灰,"1.基层类型
2.抹灰厚度、砂浆 种 类 及 强 度 等级",m²,"按设计图示尺寸 以水平投影面积计 算。不扣除垛、柱、 附墙烟囱、检查口
和管道所占的面 积；带梁天棚的梁 两侧抹灰面积并人 天棚面积内；板式 楼梯底面抹灰按斜 面积计算；锯齿形 楼梯底板抹灰按展 开面积计算","1.基层清理
2.底层抹灰
3.抹面层",表 N.1.1 天棚抹灰,,,01
01,房屋建筑与装饰工程,N,天 棚 工 程,011302,天棚吊顶,011302001,"平面吊顶
天棚","1.吊顶形式、吊杆 规格、高度
2.龙骨材料种类、 规格、中距
3.基层材料种类、 规格
4.面板材料品种、 规格
5.压条材料种类、 规格
6.嵌缝材料种类
7.防护材料种类",m²,"按设计图示尺寸
以水平投影面积计
算。扣除与天棚相
连的窗帘盒所占的
面积；不扣除检查
口、附墙烟囱、柱垛
和管道以及单个面
积≤0.3m²的独立
柱、孔洞所占面积","1.基层清理、吊杆 安装
2.龙骨安装
3.基层板铺贴
4.面板铺贴
5.开孔及洞口处理 6.嵌缝
7.刷防护材料",表 N.2.1 天棚吊顶,,,01
01,房屋建筑与装饰工程,N,天 棚 工 程,011302,天棚吊顶,011302002,跌级吊顶 天棚,"1.吊顶形式、吊杆 规格、高度
2.龙骨材料种类、 规格、中距
3.基层材料种类、 规格
4.面板材料品种、 规格
5.压条材料种类、 规格
6.嵌缝材料种类
7.防护材料种类",m²,按设计图示尺寸 以水平投影面积计,"1.基层清理、吊杆 安装
2.龙骨安装
3.基层板铺贴
4.面板铺贴
5.开孔及洞口处理 6.嵌缝
7.刷防护材料",表 N.2.1 天棚吊顶,,,01
01,房屋建筑与装饰工程,N,天 棚 工 程,011302,天棚吊顶,011302003,"艺术造型
吊顶天棚","1.吊顶部位
2.吊顶形式、吊杆 规格、高度
3.龙骨材料种类、 规格、中距
4.基层材料种类、 规格
5.面板材料品种、 规格
6.压条材料种类、 规格
7.嵌缝材料种类
8.防护材料种类",m²,"算。天棚面中的灯
槽及跌级天棚面积
不展开计算。扣除
与天棚相连的窗帘
盒所占的面积；不扣
除检查口、附墙烟
囱、柱垛和管道以及
单个面积≤0.3m²
的独立柱、孔洞所
占面积","1.基层清理、吊杆 安装
2.龙骨安装
3.基层板铺贴
4.面板铺贴
5.开孔及洞口处理 6.嵌缝
7.刷防护材料",表 N.2.1 天棚吊顶,,,01
01,房屋建筑与装饰工程,N,天 棚 工 程,011302,天棚吊顶,011302004,格栅吊顶,"1.龙骨材料种类、 规格、中距
2.基层材料种类、 规格
3.面板材料品种、 规格
4.防护材料种类",m²,按设计图示尺寸 以水平投影面积 计算,"1.基层清理
2.安装龙骨
3.基层板铺贴
4.面板铺贴
5.刷防护材料",表 N.2.1 天棚吊顶,,,01
01,房屋建筑与装饰工程,N,天 棚 工 程,011302,天棚吊顶,011302005,吊筒吊顶,"1.吊筒形状、规格
2.吊筒材料种类
3.防护材料种类",m²,按设计图示尺寸 以水平投影面积 计算,"1.基层清理
2.吊筒制作、安装
3.刷防护材料",表 N.2.1 天棚吊顶,,,01
01,房屋建筑与装饰工程,N,天 棚 工 程,011302,天棚吊顶,011302006,"藤条造型
悬挂吊顶","1.骨架材料种类、 规格
2.面板材料品种、 规格",m²,按设计图示尺寸 以水平投影面积 计算,"1.基层清理
2.龙骨安装
3.铺贴面板",表 N.2.1 天棚吊顶,,,01
01,房屋建筑与装饰工程,N,天 棚 工 程,011302,天棚吊顶,011302007,织物软雕 吊顶,"1.骨架材料种类、 规格
2.面板材料品种、 规格",m²,按设计图示尺寸 以水平投影面积 计算,"1.基层清理
2.龙骨安装
3.铺贴面板",表 N.2.1 天棚吊顶,,,01
01,房屋建筑与装饰工程,N,天 棚 工 程,011302,天棚吊顶,011302008,"装饰网架
吊顶",网架材料品种、规格,m²,按设计图示尺寸 以水平投影面积 计算,"1.基层清理
2.网架制作、安装",表 N.2.1 天棚吊顶,,,01
01,房屋建筑与装饰工程,N,天 棚 工 程,011303,天棚其他装饰,011303001,成品装饰带,"1.装饰带型式、 尺寸
2.材料品种、规格
3.安装固定方式",m,按设计图示尺寸 以中心线长度计算,安装、固定,表 N.3.1 天棚其他装饰,,,01
01,房屋建筑与装饰工程,N,天 棚 工 程,011303,天棚其他装饰,011303002,成品装饰口,"1.装饰口材料品 种、规格
2.安装固定方式
3.防护材料种类",个,按设计图示数量 计算,"1.安装、固定
2.刷防护材料",表 N.3.1 天棚其他装饰,,,01
01,房屋建筑与装饰工程,N,天 棚 工 程,011303,天棚其他装饰,011303003,挡烟垂壁,"1.形式
2.材质",m²,按设计图示尺寸 以面积计算,"1.安装、固定
2 . 启 动 装 置 安 装 (若有)",表 N.3.1 天棚其他装饰,,,01
01,房屋建筑与装饰工程,N,天 棚 工 程,011303,天棚其他装饰,011303004,块料梁面,"1.基层类型、部位
2.安装方式
3.骨架材料种类、 规格
4.面层材料品种、 规格
5.缝宽、勾缝材料 种类
6.防护材料种类
7.面层处理方式",m²,按设计图示镶贴 后表面积计算,"1.基层清理
2.粘结层铺贴或型钢 骨架或其他金属骨 架安装(若有)
3.面层安装
4.勾缝
5.刷防护材料
6.磨光、酸洗、打蜡",表 N.3.1 天棚其他装饰,,,01
01,房屋建筑与装饰工程,N,天 棚 工 程,011303,天棚其他装饰,011303005,装饰板梁面,"1.龙骨材料种类、十 规格、中距
2.基层材料种类、 规格
3.面板材料品种、 规格
4.防护材料种类",m²,按设计图示饰面 外围尺寸面积计算,"1.基层清理
2.安装龙骨
3.基层板铺贴
4.面板铺贴
5.刷防护材料",表 N.3.1 天棚其他装饰,,,01
01,房屋建筑与装饰工程,P,油漆、涂料、裱糊工程,011401,木材面油漆,011401001,木门油漆,"1.门、窗类型
2.腻子种类
3.刮腻子遍数
4.防护材料种类
5.油漆品种、刷漆 遍数",m²,按设计图示洞口 尺寸以面积计算,"1.基层清理
2.刮腻子
3.刷防护材料、油漆",表 P.1.1 木材面油漆,,,01
01,房屋建筑与装饰工程,P,油漆、涂料、裱糊工程,011401,木材面油漆,011401002,木窗油漆,"1.门、窗类型
2.腻子种类
3.刮腻子遍数
4.防护材料种类
5.油漆品种、刷漆 遍数",m²,按设计图示洞口 尺寸以面积计算,"1.基层清理
2.刮腻子
3.刷防护材料、油漆",表 P.1.1 木材面油漆,,,01
01,房屋建筑与装饰工程,P,油漆、涂料、裱糊工程,011401,木材面油漆,011401003,"木板条、
线条油漆","1.断面尺寸
2.腻子种类
3.刮腻子遍数
4.防护材料种类
5.油漆品种、刷漆 遍数",m,按设计图示尺寸 以中心线长度计算,"1.基层清理
2.刮腻子
3.刷防护材料、油漆",表 P.1.1 木材面油漆,,,01
01,房屋建筑与装饰工程,P,油漆、涂料、裱糊工程,011401,木材面油漆,011401004,木材面油漆,"1.腻子种类
2.刮腻子遍数
3.防护材料种类
4.油漆品种、刷漆 遍数",m²,按设计图示尺寸 以面积计算,"1.基层清理
2.刮腻子
3.刷防护材料、油漆",表 P.1.1 木材面油漆,,,01
01,房屋建筑与装饰工程,P,油漆、涂料、裱糊工程,011401,木材面油漆,011401005,木地板油漆,"1.腻子种类
2.刮腻子遍数
3.防护材料种类
4.油漆品种、刷漆 遍数",m²,"按设计图示尺寸 以面积计算。空
洞、空圈、暖气包 槽、壁龛的开口部 分并入相应的工程 量内","1.基层清理
2.刮腻子
3.刷防护材料、油漆",表 P.1.1 木材面油漆,,,01
01,房屋建筑与装饰工程,P,油漆、涂料、裱糊工程,011401,木材面油漆,011401006,木地板 烫硬蜡面,"1.硬蜡品种
2.面层处理要求",m²,"按设计图示尺寸 以面积计算。空
洞、空圈、暖气包 槽、壁龛的开口部 分并入相应的工程 量内","1.基层清理
2.烫蜡",表 P.1.1 木材面油漆,,,01
01,房屋建筑与装饰工程,P,油漆、涂料、裱糊工程,011402,金属面油漆,011402001,金属门油漆,"1.门、窗类型
2.腻子种类
3.刮腻子遍数
4.防护材料种类
5.油漆品种、遍数 或厚度",m²,按设计图示洞口 尺寸以面积计算,"1.除锈、基层清理
2.刮腻子
3.喷或刷防护材料、 油漆",表 P.2.1 金属面油漆,,,01
01,房屋建筑与装饰工程,P,油漆、涂料、裱糊工程,011402,金属面油漆,011402002,金属窗油漆,"1.门、窗类型
2.腻子种类
3.刮腻子遍数
4.防护材料种类
5.油漆品种、遍数 或厚度",m²,按设计图示洞口 尺寸以面积计算,"1.除锈、基层清理
2.刮腻子
3.喷或刷防护材料、 油漆",表 P.2.1 金属面油漆,,,01
01,房屋建筑与装饰工程,P,油漆、涂料、裱糊工程,011402,金属面油漆,011402003,金属面油漆,"1.构件名称
2.腻子种类
3.刮腻子遍数
4.防护材料种类
5.油漆品种、遍数 或厚度",m²,按设计图示尺寸 以面积计算,"1.基层清理
2.刮腻子
3.喷或刷防护材料、 油漆",表 P.2.1 金属面油漆,,,01
01,房屋建筑与装饰工程,P,油漆、涂料、裱糊工程,011402,金属面油漆,011402004,"金属构件
油漆","1.构件名称
2.腻子种类
3.刮腻子遍数
4.防护材料种类
5.油漆品种、遍数 或厚度",t,按设计图示尺寸 以构件质量计算,"1.基层清理
2.刮腻子
3.喷或刷防护材料、 油漆",表 P.2.1 金属面油漆,,,01
01,房屋建筑与装饰工程,P,油漆、涂料、裱糊工程,011402,金属面油漆,011402005,金属构件 除锈,"1.除锈方式
2.除锈等级",t,按设计图示尺寸 以构件质量计算,"1.基层清理
2.除锈",表 P.2.1 金属面油漆,,,01
01,房屋建筑与装饰工程,P,油漆、涂料、裱糊工程,011403,抹灰面油漆,011403001,抹灰面油漆,"1.基层类型
2.腻子种类
3.刮腻子遍数
4.防护材料种类
5.油漆品种、刷漆 遍数",m²,按设计图示尺寸 以面积计算,"1.基层清理
2.刮腻子
3.刷防护材料、油漆",表 P.3.1 抹灰面油漆,,,01
01,房屋建筑与装饰工程,P,油漆、涂料、裱糊工程,011403,抹灰面油漆,011403002,"抹灰线条
油漆","1.线条宽度、遍数
2.腻子种类
3.刮腻子遍数
4.防护材料种类
5.油漆品种、刷漆 遍数",m,按设计图示尺寸 以中心线长度计算,"1.基层清理
2.刮腻子
3.刷防护材料、油漆",表 P.3.1 抹灰面油漆,,,01
01,房屋建筑与装饰工程,P,油漆、涂料、裱糊工程,011403,抹灰面油漆,011403003,刮腻子,"1.基层类型
2.腻子种类
3.刮腻子遍数",m²,按设计图示尺寸 以面积计算,"1.基层清理
2.刮腻子",表 P.3.1 抹灰面油漆,,,01
01,房屋建筑与装饰工程,P,油漆、涂料、裱糊工程,011404,喷刷涂料,011404001,墙面喷刷 涂料,"1.基层类型
2.喷刷涂料部位
3.腻子种类
4.刮腻子遍数
5.涂料品种、喷刷 遍数",m²,"按设计图示尺寸 以展开面积计算。
洞口侧壁面积并入 相 应 喷 刷 部 位 中 计算","1.基层清理
2.刮腻子
3.刷、喷涂料",表 P.4.1 喷刷涂料,,,01
01,房屋建筑与装饰工程,P,油漆、涂料、裱糊工程,011404,喷刷涂料,011404002,天棚喷刷 涂料,"1.基层类型
2.腻子种类
3.刮腻子遍数
4.涂料品种、喷刷 遍数",m²,"按设计图示尺寸 以展开面积计算。
洞口侧壁面积并入 相 应 喷 刷 部 位 中 计算","1.基层清理
2.刮腻子
3.刷、喷涂料",表 P.4.1 喷刷涂料,,,01
01,房屋建筑与装饰工程,P,油漆、涂料、裱糊工程,011404,喷刷涂料,011404003,空花格 、 栏杆刷涂料,"1.腻子种类
2.刮腻子遍数
3.涂料品种、刷喷 遍数",m²,按设计图示尺寸 以单面外围面积 计算,"1.基层清理
2.刮腻子
3.刷、喷涂料",表 P.4.1 喷刷涂料,,,01
01,房屋建筑与装饰工程,P,油漆、涂料、裱糊工程,011404,喷刷涂料,011404004,线条刷涂料,"1.基层清理
2.线条宽度
3.刮腻子遍数
4.刷防护材料、 油漆",m,按设计图示尺寸 以中心线长度计算,"1.基层清理
2.刮腻子
3.刷、喷涂料",表 P.4.1 喷刷涂料,,,01
01,房屋建筑与装饰工程,P,油漆、涂料、裱糊工程,011404,喷刷涂料,011404005,金属面喷刷 防火涂料,"1.构件名称
2.耐火等级要求
3.涂料品种、遍数 或厚度",m²,按设计图示尺寸 以面积计算,"1.基层清理
2.刷、喷涂料",表 P.4.1 喷刷涂料,,,01
01,房屋建筑与装饰工程,P,油漆、涂料、裱糊工程,011404,喷刷涂料,011404006,"金属构件喷
刷防火涂料","1.构件名称
2.耐火等级要求
3.涂料品种、遍数 或厚度",t,按设计图示尺寸 以构件质量计算,"1.基层清理
2.刷、喷涂料",表 P.4.1 喷刷涂料,,,01
01,房屋建筑与装饰工程,P,油漆、涂料、裱糊工程,011404,喷刷涂料,011404007,"木材构件喷
刷防火涂料","1.构件名称
2.耐火等级要求
3.涂料品种、遍数 或厚度",m²,按设计图示尺寸 以面积计算,"1.基层清理
2.刷、喷涂料",表 P.4.1 喷刷涂料,,,01
01,房屋建筑与装饰工程,P,油漆、涂料、裱糊工程,011405,裱糊,011405001,墙纸裱糊,"1.基层类型
2.腻子种类
3.刮腻子遍数
4.粘结材料种类
5.防护材料种类
6.面层材料品种、 规格",m²,按设计图示尺寸 以面积计算,"1.基层清理
2.刮腻子
3.面层铺粘
4.刷防护材料",表 P.5.1 裱糊,,,01
01,房屋建筑与装饰工程,P,油漆、涂料、裱糊工程,011405,裱糊,011405002,织锦缎裱糊,"1.基层类型
2.腻子种类
3.刮腻子遍数
4.粘结材料种类
5.防护材料种类
6.面层材料品种、 规格",m²,按设计图示尺寸 以面积计算,"1.基层清理
2.刮腻子
3.面层铺粘
4.刷防护材料",表 P.5.1 裱糊,,,01
01,房屋建筑与装饰工程,Q,其他装饰工程,011501,柜、架、台,011501001,装饰柜,"1.名称
2.规格
3.安装方式
4.材料种类、规格
5.五金种类、规格
6.防护材料种类
7.油漆品种、刷漆 遍数",m²,按设计图示尺寸 以正投影面积计算,"1.制作、安装(安放)
2.刷防护材料、油漆
3.五金配件安装",表 Q.1.1 柜、架、台,,,01
01,房屋建筑与装饰工程,Q,其他装饰工程,011501,柜、架、台,011501002,装饰架,"1.名称
2.规格
3.安装方式
4.材料种类、规格
5.五金种类、规格
6.防护材料种类
7.油漆品种、刷漆 遍数",m²,按设计图示尺寸 以正投影面积计算,"1.制作、安装(安放)
2.刷防护材料、油漆
3.五金配件安装",表 Q.1.1 柜、架、台,,,01
01,房屋建筑与装饰工程,Q,其他装饰工程,011501,柜、架、台,011501003,装饰台,"1.名称
2.规格
3.安装方式
4.材料种类、规格
5.五金种类、规格
6.防护材料种类
7.油漆品种、刷漆 遍数",m²,按设计图示尺寸 以正投影面积计算,"1.制作、安装(安放)
2.刷防护材料、油漆
3.五金配件安装",表 Q.1.1 柜、架、台,,,01
01,房屋建筑与装饰工程,Q,其他装饰工程,011501,柜、架、台,011501004,成品柜 、 架、台,"1.名称
2.规格、型号
3.安装方式",m²,按设计图示尺寸 以正投影面积计算,"1.安装(安放)
2.五金配件安装",表 Q.1.1 柜、架、台,,,01
01,房屋建筑与装饰工程,Q,其他装饰工程,011502,装饰线条,011502001,"成品装饰
线条","1.基层类型
2.线条材料品种、 规格
3.防护(填充)材 料种类",m,按设计图示尺寸 以中心线长度计算,安装,表 Q.2.1 装饰线条,,,01
01,房屋建筑与装饰工程,Q,其他装饰工程,011503,扶手、栏杆、栏板装饰,011503001,带扶手的 栏杆、栏板,"1.扶手材料种类、 规格
2.栏杆(板)材料 种类、规格
3.固定配件种类
4.防护材料种类",m,按设计图示以栏 杆、栏板中心线长 度计算,"1.制作、安装
2.刷防护材料",表 Q.3.1 扶手、栏杆、栏板装饰,,,01
01,房屋建筑与装饰工程,Q,其他装饰工程,011503,扶手、栏杆、栏板装饰,011503002,不带扶手的 栏杆、栏板,"1.栏杆(板)材料 种类、规格
2.固定配件种类
3.防护材料种类",m,按设计图示以栏 杆、栏板中心线长 度计算,"1.制作、安装
2.刷防护材料",表 Q.3.1 扶手、栏杆、栏板装饰,,,01
01,房屋建筑与装饰工程,Q,其他装饰工程,011503,扶手、栏杆、栏板装饰,011503003,扶手,"1.扶手材料种类、 规格
2.固定配件种类
3.防护材料种类",m,按设计图示以扶 手中心线长度计算,"1.制作、安装
2.刷防护材料",表 Q.3.1 扶手、栏杆、栏板装饰,,,01
01,房屋建筑与装饰工程,Q,其他装饰工程,011503,扶手、栏杆、栏板装饰,011503004,"成品带扶手
栏杆、栏板","1.成品栏杆(板) 种类、规格
2 . 固 定 件 种 类 、 规格",m,按设计图示以栏 杆、栏板中心线长 度计算,安装,表 Q.3.1 扶手、栏杆、栏板装饰,,,01
01,房屋建筑与装饰工程,Q,其他装饰工程,011504,暖气罩,011504001,暖气罩,"1.暖气罩材质
2.规格
3.防护材料种类",m²,"按设计图示尺寸
以垂直投影面积 (不展开)计算","1.制作、安装
2.刷防护材料、油漆",表 Q.4.1 暖气罩,,,01
01,房屋建筑与装饰工程,Q,其他装饰工程,011504,暖气罩,011504002,成品暖气罩,"1.成品暖气罩规 格、型号
2. 固定件种类、 规格",m²,"按设计图示尺寸
以垂直投影面积 (不展开)计算",安装,表 Q.4.1 暖气罩,,,01
01,房屋建筑与装饰工程,Q,其他装饰工程,011505,浴厕配件,011505001,洗漱台,"1.材料品种、规格
2.支架品种、规格",m²,按设计图示尺寸 以台面外接矩形面 积计算。不扣除孔 洞、挖弯、削角所占 面积；挡板、吊沿板 面积并入台面面 积内,安装,表 Q.5.1 浴厕配件,,,01
01,房屋建筑与装饰工程,Q,其他装饰工程,011505,浴厕配件,011505002,洗厕配件,"1.配件名称
2.配件品种 3.规格",个,按设计图示数量 计算,安装,表 Q.5.1 浴厕配件,,,01
01,房屋建筑与装饰工程,Q,其他装饰工程,011505,浴厕配件,011505003,镜面玻璃,"1.镜面玻璃品种、 规格
2.框材质、断面 尺寸
3.基层材料种类",m²,按设计图示尺寸 以边框外围面积 计算,"1.基层安装
2.玻璃及框制作、 安装",表 Q.5.1 浴厕配件,,,01
01,房屋建筑与装饰工程,Q,其他装饰工程,011505,浴厕配件,011505004,镜箱,"1.箱体材质、规格
2.玻璃品种、规格
3.基层材料种类
4.防护材料种类
5.油漆品种、刷漆 遍数",个,按设计图示数量 计算,"1.基层安装
2.箱体制作、安装
3.玻璃安装
4.刷防护材料、油漆",表 Q.5.1 浴厕配件,,,01
01,房屋建筑与装饰工程,Q,其他装饰工程,011506,雨篷、旗杆、装饰柱,011506001,装饰板雨篷,"1.雨篷固定方式
2.骨架材料种类、 规格、中距
3.装饰板材料品 种、规格
4.嵌缝材料种类
5.防护材料种类",m²,按设计图示尺寸 以水平投影面积 计算,"1.骨架制作、安装
2.基层、面层安装
3.刷防护材料、油漆",表 Q.6.1 雨篷、旗杆、装饰柱,,,01
01,房屋建筑与装饰工程,Q,其他装饰工程,011506,雨篷、旗杆、装饰柱,011506002,金属旗杆,"1.旗杆材料、种类、 规格
2.旗杆高度
3.基础材料种类
4.基座材料种类
5.基座面层材料、 品种、规格",根,按设计图示数量 计算,"1.土石挖、填、运
2.基础混凝土浇筑
3.旗杆制作、安装
4.旗杆台座制作、 饰面",表 Q.6.1 雨篷、旗杆、装饰柱,,,01
01,房屋建筑与装饰工程,Q,其他装饰工程,011506,雨篷、旗杆、装饰柱,011506003,成品装饰柱,"1.柱截面、高度尺寸
2.柱材质",根,按设计图示数量 计算,安装,表 Q.6.1 雨篷、旗杆、装饰柱,,,01
01,房屋建筑与装饰工程,Q,其他装饰工程,011507,招牌、灯箱,011507001,"平面、箱式
招牌","1.箱体规格
2.基层材料种类
3.面层材料品种
4.防护材料种类",m²,按设计图示尺寸 以正立面边框外围 面积计算。复杂形 状的凸凹造型部分 不增加面积,"1.基层安装
2.箱体及支架制作、 安装
3.面层制作、安装
4.刷防护材料、油漆",表 Q.7.1 招牌、灯箱,,,01
01,房屋建筑与装饰工程,Q,其他装饰工程,011507,招牌、灯箱,011507002,竖式标箱,"1.箱体规格
2.基层材料种类
3.面层材料品种
4.防护材料种类",个,按设计图示数量 计算,"1.基层安装
2.箱体及支架制作、 安装
3.面层制作、安装
4.刷防护材料、油漆",表 Q.7.1 招牌、灯箱,,,01
01,房屋建筑与装饰工程,Q,其他装饰工程,011507,招牌、灯箱,011507003,灯箱,"1.箱体规格
2.基层材料种类
3.面层材料品种
4.防护材料种类",个,按设计图示数量 计算,"1.基层安装
2.箱体及支架制作、 安装
3.面层制作、安装
4.刷防护材料、油漆",表 Q.7.1 招牌、灯箱,,,01
01,房屋建筑与装饰工程,Q,其他装饰工程,011507,招牌、灯箱,011507004,信报箱,"1.箱体规格
2.基层材料种类
3.面层材料品种
4.保护材料种类 5.户数",个,按设计图示数量 计算,"1.基层安装
2.箱体及支架制作、 安装
3.面层制作、安装
4.刷防护材料、油漆",表 Q.7.1 招牌、灯箱,,,01
01,房屋建筑与装饰工程,Q,其他装饰工程,011508,美术字,011508001,美术字,"1.基层类型
2.镌字材料材质
3.字体规格
4.固定方式
5.油漆品种、刷漆 遍数",个,按设计图示数量 计算,"1.制作、安装
2.刷油漆",表 Q.8.1 美术字,,,01
01,房屋建筑与装饰工程,R,措 施 项 目,011601,措施项目,011601001,脚手架,,项,,搭设脚手架、斜道、上料平台，铺设安全网，铺(翻)脚手板， 转运、改制、维修维护，拆除、堆放、整理，外运、归库等,表 R.1.1 措施项目,,项目特征缺失; 工程量计算规则缺失; 项目特征缺失或异常 | 工程量计算规则缺失,01
01,房屋建筑与装饰工程,R,措 施 项 目,011601,措施项目,011601002,垂直运输,,项,,垂直运输机械进出场及安拆，固定装置、基础制作、安装，行 走式机械轨道的铺设、拆除，设备运转、使用等,表 R.1.1 措施项目,,项目特征缺失; 工程量计算规则缺失; 项目特征缺失或异常 | 工程量计算规则缺失,01
01,房屋建筑与装饰工程,R,措 施 项 目,011601,措施项目,011601003,"其他大型机械
进出场及安拆",,项,,"除垂直运输机械以外的大型机械安装、检测、试运转和拆
卸，运进、运出施工现场的装卸和运输，轨道、固定装置的安装 和拆除等",表 R.1.1 措施项目,,项目特征缺失; 工程量计算规则缺失; 项目特征缺失或异常 | 工程量计算规则缺失,01
01,房屋建筑与装饰工程,R,措 施 项 目,011601,措施项目,011601004,施工排水,,项,,提供满足施工排水所需的排水系统，包括设备安拆、调试及 配套设施的设置等，设备运转、使用等,表 R.1.1 措施项目,,项目特征缺失; 工程量计算规则缺失; 项目特征缺失或异常 | 工程量计算规则缺失,01
01,房屋建筑与装饰工程,R,措 施 项 目,011601,措施项目,011601005,施工降水,,项,,提供满足施工降水所需的降水系统，包括设备安拆、调试及 配套设施的设置等，设备运转、使用等,表 R.1.1 措施项目,,项目特征缺失; 工程量计算规则缺失; 项目特征缺失或异常 | 工程量计算规则缺失,01
01,房屋建筑与装饰工程,R,措 施 项 目,011601,措施项目,011601006,临时设施,,项,,"为进行建设工程施工所需的生活和生产用的临时建(构)筑
物和其他临时设施。包括临时设施的搭设、移拆、维修、清理、 拆除后恢复等，以及因修建临时设施应由承包人所负责的有
关内容",表 R.1.1 措施项目,,项目特征缺失; 工程量计算规则缺失; 项目特征缺失或异常 | 工程量计算规则缺失,01
01,房屋建筑与装饰工程,R,措 施 项 目,011601,措施项目,011601007,文明施工,,项,,施工现场文明施工、绿色施工所需的各项措施,表 R.1.1 措施项目,,项目特征缺失; 工程量计算规则缺失; 项目特征缺失或异常 | 工程量计算规则缺失,01
01,房屋建筑与装饰工程,R,措 施 项 目,011601,措施项目,011601008,环境保护,,项,,施工现场为达到环保要求所需的各项措施,表 R.1.1 措施项目,,项目特征缺失; 工程量计算规则缺失; 项目特征缺失或异常 | 工程量计算规则缺失,01
01,房屋建筑与装饰工程,R,措 施 项 目,011601,措施项目,011601009,安全生产,,项,,施工现场安全施工所需的各项措施,表 R.1.1 措施项目,,项目特征缺失; 工程量计算规则缺失; 项目特征缺失或异常 | 工程量计算规则缺失,01
01,房屋建筑与装饰工程,R,措 施 项 目,011601,措施项目,011601010,冬雨季施工增加,,项,,在冬季或雨季施工，引起防寒、保温、防滑、防潮和排除雨雪 等措施的增加，人工、施工机械效率的降低等内容,表 R.1.1 措施项目,,项目特征缺失; 工程量计算规则缺失; 项目特征缺失或异常 | 工程量计算规则缺失,01
01,房屋建筑与装饰工程,R,措 施 项 目,011601,措施项目,011601011,夜间施工增加,,项,,"因夜间或在地下室等特殊施工部位施工时，所采用照明设
备的安拆、维护、照明用电及施工人员夜班补助、夜间施工劳 动效率降低等内容",表 R.1.1 措施项目,,项目特征缺失; 工程量计算规则缺失; 项目特征缺失或异常 | 工程量计算规则缺失,01
01,房屋建筑与装饰工程,R,措 施 项 目,011601,措施项目,011601012,特殊地区施工 增加,,项,,"在特殊地区(高温、高寒、高原、沙漠、戈壁、沿海、海洋等)及 特殊施工环境(邻公路、邻铁路等)下施工时，弥补施工降效所
需增加的内容",表 R.1.1 措施项目,,项目特征缺失; 工程量计算规则缺失; 项目特征缺失或异常 | 工程量计算规则缺失,01
01,房屋建筑与装饰工程,R,措 施 项 目,011601,措施项目,011601013,二次搬运,,项,,"因施工场地条件及施工程序限制而发生的材料、构配件、半 成品等一次运输不能到达堆放地点，必须进行二次或多次搬
运所发生的内容",表 R.1.1 措施项目,,项目特征缺失; 工程量计算规则缺失; 项目特征缺失或异常 | 工程量计算规则缺失,01
01,房屋建筑与装饰工程,R,措 施 项 目,011601,措施项目,011601014,已完工程及 设备保护,,项,,建设项目施工过程中直至竣工验收前，对已完工程及设备 采取的必要保护措施,表 R.1.1 措施项目,,项目特征缺失; 工程量计算规则缺失; 项目特征缺失或异常 | 工程量计算规则缺失,01
01,房屋建筑与装饰工程,R,措 施 项 目,011601,措施项目,011601015,既有建(构)筑物、 设施保护,,项,,在工程施工过程中，对既有建(构)筑物及地上、地下设施进 行的遮盖、封闭、隔离等必要临时保护措施,表 R.1.1 措施项目,,项目特征缺失; 工程量计算规则缺失; 项目特征缺失或异常 | 工程量计算规则缺失,01
,,R,,,R.1 措施项目,011601001,脚手架,搭设脚手架、斜道、上料平台，铺设安全网，铺(翻)脚手板等,项,,,,,,
,,R,,,R.1 措施项目,011601002,垂直运输,垂直运输机械进出场及安拆，固定装置、基础制作、安装等,项,,,,,,
,,R,,,R.1 措施项目,011601003,其他大型机械进出场及安拆,除垂直运输机械以外的大型机械安装、检测、试运转和拆卸等,项,,,,,,
,,R,,,R.1 措施项目,011601004,施工排水,提供满足施工排水所需的排水系统,项,,,,,,
,,R,,,R.1 措施项目,011601005,施工降水,提供满足施工降水所需的降水系统,项,,,,,,
,,R,,,R.1 措施项目,011601006,临时设施,施工所需的生活和生产用的临时建(构)筑物和其他临时设施,项,,,,,,
,,R,,,R.1 措施项目,011601007,文明施工,施工现场文明施工、绿色施工所需的各项措施,项,,,,,,
,,R,,,R.1 措施项目,011601008,环境保护,施工现场为达到环保要求所需的各项措施,项,,,,,,
,,R,,,R.1 措施项目,011601009,安全生产,施工现场安全施工所需的各项措施,项,,,,,,
,,R,,,R.1 措施项目,011601010,冬雨季施工增加,冬季或雨季施工引起的防寒、保温、防滑等措施增加,项,,,,,,
,,R,,,R.1 措施项目,011601011,夜间施工增加,夜间或特殊施工部位施工时的照明设备安拆、维护等,项,,,,,,
,,R,,,R.1 措施项目,011601012,特殊地区施工增加,在高温、高寒、高原、沙漠等特殊地区施工的降效补偿,项,,,,,,
,,R,,,R.1 措施项目,011601013,二次搬运,因施工场地条件限制发生的材料二次或多次搬运,项,,,,,,
,,R,,,R.1 措施项目,011601014,已完工程及设备保护,施工过程中至竣工验收前对已完工程及设备的保护措施,项,,,,,,
,,R,,,R.1 措施项目,011601015,既有建(构)筑物、设施保护,对既有建(构)筑物及地上、地下设施的保护措施,项,,,,,,
,,E,,,E.5 混凝土模板,010505001,垫层模板,垫层模板制作、安装、拆除,m²,,,,,,
,,E,,,E.5 混凝土模板,010505002,基础模板,基础模板制作、安装、拆除,m²,,,,,,
,,E,,,E.5 混凝土模板,010505003,基础联系梁模板,基础联系梁模板,m²,,,,,,
,,E,,,E.5 混凝土模板,010505004,柱面模板,柱模板制作、安装、拆除,m²,,,,,,
,,E,,,E.5 混凝土模板,010505005,墙面模板,墙模板制作、安装、拆除,m²,,,,,,
,,E,,,E.5 混凝土模板,010505006,梁模板,梁模板制作、安装、拆除,m²,,,,,,
,,E,,,E.5 混凝土模板,010505007,楼板屋面板坡道板模板,楼板模板制作、安装、拆除,m²,,,,,,
,,E,,,E.5 混凝土模板,010505008,其他板模板,其他板模板,m²,,,,,,
,,E,,,E.5 混凝土模板,010505009,柱帽模板,柱帽模板,m²,,,,,,
,,E,,,E.5 混凝土模板,010505010,楼梯模板,楼梯模板,m²,,,,,,
,,E,,,E.5 混凝土模板,010505011,构造柱模板,构造柱模板,m²,,,,,,
,,E,,,E.5 混凝土模板,010505012,圈梁模板,圈梁模板,m²,,,,,,
,,E,,,E.5 混凝土模板,010505013,过梁模板,过梁模板,m²,,,,,,
,,E,,,E.5 混凝土模板,010505014,零星现浇构件模板,零星现浇构件模板,m²,,,,,,
,,E,,,E.5 混凝土模板,010505015,挡土墙模板,挡土墙模板,m²,,,,,,
,,E,,,E.5 混凝土模板,010505016,井池模板,井池模板,m²,,,,,,
,,E,,,E.5 混凝土模板,010505017,电缆沟地沟模板,电缆沟地沟模板,m²,,,,,,
,,E,,,E.5 混凝土模板,010505018,台阶模板,台阶模板,m²,,,,,,
,,E,,,E.5 混凝土模板,010505019,后浇带模板,后浇带模板,m²,,,,,,
,,E,,,E.5 混凝土模板,010505020,叠合构件后浇混凝土模板,叠合构件后浇混凝土模板,m²,,,,,,
