物料ID,标准名称,分类(一级),分类(二级),分类(三级),分类路径,别名,特征关键词,适用范围(附录),适用范围(项目),排除关键词,采购单位,包装规格,最小起订量,最小起订单位,规格模式JSON,质量等级,标准代号,品类树节点ID,品类展示路径,品类标准损耗率
MAT-PIPE-001,无缝钢管 20#,管材管件,钢管,无缝钢管,管材管件/钢管/无缝钢管,"[""无缝管"",""碳钢管"",""20#无缝管""]","[""20#"",""无缝"",""碳钢""]","[""0308"",""0310""]","[""管道""]","[""不锈钢管"",""镀锌管""]",m,,1,m,,,GB/T 8163-2018,1233,管材 > 金属管材 > 无缝钢管,0.02
MAT-PIPE-002,镀锌钢管 DN15~DN150,管材管件,钢管,镀锌钢管,管材管件/钢管/镀锌钢管,"[""镀锌管"",""热镀锌钢管"",""冷镀锌钢管""]","[""镀锌"",""热镀锌"",""DN""]","[""0308"",""0310"",""0309""]","[""管道"",""消防管""]","[""无缝管"",""不锈钢管""]",m,,1,m,,,GB/T 3091-2025,1231,管材 > 金属管材 > 镀锌钢管,0.02
MAT-PIPE-003,塑料管 PPR/UPVC,管材管件,塑料管,-,管材管件/塑料管,"[""PPR管"",""UPVC管"",""排水管"",""给水管""]","[""PPR"",""UPVC"",""塑料"",""排水"",""给水""]","[""0310""]","[""管道""]","[""钢管"",""铸铁管""]",m,,1,m,,,,28,管材 > 塑料管材 > 塑料管,0.03
MAT-PIPE-004,铸铁排水管,管材管件,铸铁管,-,管材管件/铸铁管,"[""铸铁管"",""柔性铸铁管"",""排水铸铁管""]","[""铸铁"",""排水"",""柔性""]","[""0310""]","[""排水管道""]","[""钢管"",""塑料管""]",m,,1,m,,,,,,
MAT-PIPE-005,不锈钢管,管材管件,钢管,不锈钢管,管材管件/钢管/不锈钢管,"[""不锈钢无缝管"",""304管"",""316管""]","[""不锈钢"",""304"",""316""]","[""0308"",""0310""]","[""管道""]","[""碳钢管"",""镀锌管""]",m,,1,m,,,GB/T 12771-2019,1232,管材 > 金属管材 > 不锈钢管,0.02
MAT-PIPE-006,铜管,管材管件,铜管,-,管材管件/铜管,"[""紫铜管"",""黄铜管"",""铜管""]","[""铜"",""紫铜""]","[""0308"",""0310""]","[""管道""]","[""钢管"",""塑料管""]",m,,1,m,,,,1239,管材 > 金属管材 > 铜管、铜合金管,0.02
MAT-FITT-001,碳钢弯头(冲压/无缝),管材管件,管件,弯头,管材管件/管件/弯头,"[""弯头"",""90°弯头"",""45°弯头""]","[""弯头"",""碳钢"",""冲压""]","[""0308"",""0310""]","[""管道""]",[],个,,1,个,,,GB/T 12459-2017,,,
MAT-FITT-002,沟槽管件(卡箍/弯头/三通),管材管件,管件,沟槽件,管材管件/管件/沟槽件,"[""沟槽"",""卡箍"",""卡箍弯头"",""卡箍三通""]","[""沟槽"",""卡箍""]","[""0309"",""0310""]","[""消防管"",""给水管""]",[],个,,1,个,,,,30,管材 > 其他管材 > 其他管材,0.03
MAT-FITT-003,碳钢法兰(平焊/对焊),管材管件,法兰,-,管材管件/法兰,"[""法兰"",""平焊法兰"",""对焊法兰"",""法兰片""]","[""法兰"",""平焊"",""对焊""]","[""0308"",""0310""]","[""管道""]",[],片,,1,片,,,GB/T 9115-2010,1279,法兰及其垫片 > 法兰 > 不锈钢法兰,0.02
MAT-FITT-004,管道支架(型钢制),管材管件,支架,-,管材管件/支架,"[""管道支架"",""管卡"",""管托"",""吊架""]","[""支架"",""管卡"",""吊架"",""管托""]","[""0308"",""0310"",""0309""]","[""管道""]","[""桥架支架"",""设备支架""]",kg,,1,kg,,,,1343,电气线路敷设材料 > 电缆桥架 > 电缆桥架连接件及附件,0.01
MAT-FITT-005,补偿器(波纹管/套筒),管材管件,补偿器,-,管材管件/补偿器,"[""补偿器"",""膨胀节"",""波纹补偿器"",""套筒补偿器""]","[""补偿器"",""膨胀节""]","[""0308""]","[""热力管道"",""蒸汽管道""]",[],个,,1,个,,,,1158,五金制品 > 其他五金 > 钢筋接头、锚具及钢筋保护帽,0.025
MAT-VALV-001,闸阀(铸铁/铸钢),阀门,闸阀,-,阀门/闸阀,"[""闸阀"",""明杆闸阀"",""暗杆闸阀""]","[""闸阀"",""Z41"",""Z45""]","[""0308"",""0310""]","[""管道""]","[""截止阀"",""蝶阀""]",个,,1,个,,,GB/T 12232-2025,1257,阀门 > 截断阀类 > 闸阀,0.01
MAT-VALV-002,蝶阀(对夹/法兰),阀门,蝶阀,-,阀门/蝶阀,"[""蝶阀"",""对夹蝶阀"",""法兰蝶阀"",""D71X"",""D341""]","[""蝶阀""]","[""0308"",""0310"",""0309""]","[""管道"",""消防管""]","[""闸阀"",""截止阀""]",个,,1,个,,,GB/T 12238-2008,1259,阀门 > 截断阀类 > 蝶阀,0.01
MAT-VALV-003,截止阀,阀门,截止阀,-,阀门/截止阀,"[""截止阀"",""J41"",""J11""]","[""截止阀""]","[""0308"",""0310""]","[""管道""]","[""闸阀"",""蝶阀""]",个,,1,个,,,GB/T 12235-2025,25,阀门 > 截断阀类 > 截止阀,0.01
MAT-VALV-004,止回阀,阀门,止回阀,-,阀门/止回阀,"[""止回阀"",""H44"",""H71"",""H76""]","[""止回阀"",""逆止阀""]","[""0308"",""0310"",""0309""]","[""管道"",""消防管""]",[],个,,1,个,,,GB/T 12236-2025,1269,阀门 > 止回阀类 > 止回阀,0.01
MAT-VALV-005,球阀,阀门,球阀,-,阀门/球阀,"[""球阀"",""Q41"",""Q11""]","[""球阀""]","[""0308"",""0310""]","[""管道""]",[],个,,1,个,,,GB/T 12237-2021,1258,阀门 > 截断阀类 > 球阀,0.01
MAT-VALV-006,安全阀,阀门,安全阀,-,阀门/安全阀,"[""安全阀"",""A41"",""A48""]","[""安全阀""]","[""0308"",""0310"",""0302""]","[""锅炉"",""压力管道""]",[],个,,1,个,,,,1272,阀门 > 安全阀类 > 安全阀,0.01
MAT-VALV-007,调节阀,阀门,调节阀,-,阀门/调节阀,"[""调节阀"",""电动调节阀"",""气动调节阀""]","[""调节阀"",""电动"",""气动""]","[""0306"",""0308""]","[""自控管路""]",[],个,,1,个,,,,1264,阀门 > 调节阀类 > 调节阀,0.01
MAT-VALV-008,减压阀,阀门,减压阀,-,阀门/减压阀,"[""减压阀"",""Y43""]","[""减压阀""]","[""0308"",""0310""]","[""管道""]",[],个,,1,个,,,GB/T 12244-2025,1265,阀门 > 调节阀类 > 减压阀,0.01
MAT-STEL-001,等边角钢 Q235B,型钢材,角钢,-,型钢材/角钢,"[""角钢"",""等边角钢"",""L50"",""L63"",""L75""]","[""角钢"",""Q235""]","[""0303"",""0304"",""0307""]","[""支架"",""基础""]","[""槽钢"",""工字钢""]",t,,1,t,,,GB/T 706-2016,1091,黑色及有色金属 > 建筑钢材 > 角钢,0.05
MAT-STEL-002,槽钢 Q235B,型钢材,槽钢,-,型钢材/槽钢,"[""槽钢"",""C型钢"",""[10"",""[12"",""[14""]","[""槽钢"",""Q235""]","[""0303"",""0304"",""0307""]","[""支架"",""基础槽钢""]","[""角钢"",""工字钢""]",t,,1,t,,,,,,
MAT-STEL-003,工字钢 Q235B,型钢材,工字钢,-,型钢材/工字钢,"[""工字钢"",""I型钢"",""I10"",""I12"",""I14""]","[""工字钢"",""Q235""]","[""0303"",""0304""]","[""支架"",""轨道梁""]","[""角钢"",""槽钢""]",t,,1,t,,,,1089,黑色及有色金属 > 建筑钢材 > 工字钢,0.05
MAT-STEL-004,热镀锌钢板/扁钢,型钢材,钢板,-,型钢材/钢板,"[""镀锌钢板"",""扁钢"",""镀锌扁钢"",""镀锌钢板""]","[""镀锌"",""扁钢"",""钢板""]","[""0304"",""0307""]","[""接地"",""支架"",""风管""]","[""不锈钢板"",""铝板""]",t,,1,t,,,,1086,黑色及有色金属 > 建筑钢材 > 扁钢,0.05
MAT-STEL-005,电缆桥架(钢制/镀锌),型钢材,桥架,-,型钢材/桥架,"[""桥架"",""电缆桥架"",""槽式桥架"",""梯式桥架"",""托盘式桥架""]","[""桥架"",""电缆桥架""]","[""0304"",""0305""]","[""电缆敷设""]","[""支架""]",m,,1,m,,,,147,电气线路敷设材料 > 电缆桥架 > 电缆桥架,0.01
MAT-STEL-006,通丝吊杆/吊架,型钢材,吊架,-,型钢材/吊架,"[""通丝吊杆"",""吊杆"",""全螺纹吊杆""]","[""吊杆"",""通丝"",""全螺纹""]","[""0304"",""0307"",""0308""]","[""支架""]",[],m,,1,m,,,,,,
MAT-CABL-001,电力电缆 YJV,电缆电线,电力电缆,YJV,电缆电线/电力电缆/YJV,"[""电力电缆"",""YJV"",""交联电缆"",""铜芯电力电缆""]","[""YJV"",""电力电缆""]","[""0304"",""0305""]","[""电力""]","[""控制电缆"",""BV线""]",m,,1,m,,,GB/T 12706.3-2020,61,电线电缆及光纤光缆 > 电线电缆 > 电力电缆,0.01
MAT-CABL-002,电力电缆 YJV22(铠装),电缆电线,电力电缆,YJV22,电缆电线/电力电缆/YJV22,"[""YJV22"",""铠装电缆"",""钢带铠装""]","[""YJV22"",""铠装""]","[""0304""]","[""户外"",""直埋""]","[""YJV""]",m,,1,m,,,GB/T 12706.3-2020,61,电线电缆及光纤光缆 > 电线电缆 > 电力电缆,0.01
MAT-CABL-003,控制电缆 KVV,电缆电线,控制电缆,KVV,电缆电线/控制电缆/KVV,"[""控制电缆"",""KVV"",""信号电缆""]","[""KVV"",""控制电缆""]","[""0304"",""0306""]","[""控制"",""信号""]","[""电力电缆"",""BV线""]",m,,1,m,,,GB/T 9330-2020,157,消防器材 > 火灾报警产品 > 火灾报警、警报及消防联动控制装置,0.01
MAT-CABL-004,电线 BV,电缆电线,电线,BV,电缆电线/电线/BV,"[""BV线"",""铜芯线"",""照明线"",""插座线""]","[""BV"",""铜芯"",""2.5mm²"",""4mm²""]","[""0304"",""0305""]","[""照明"",""插座""]","[""YJV"",""KVV""]",m,,1,m,,,GB/T 5023-2008,1332,电线电缆及光纤光缆 > 电线电缆 > 电气装备用电线电缆,0.02
MAT-CABL-005,电线 NH-BV(耐火),电缆电线,电线,NH-BV,电缆电线/电线/NH-BV,"[""NH-BV"",""耐火电线"",""耐火线""]","[""NH"",""耐火"",""消防""]","[""0304"",""0309""]","[""消防"",""应急照明""]","[""BV""]",m,,1,m,,,GB/T 5023-2008,1332,电线电缆及光纤光缆 > 电线电缆 > 电气装备用电线电缆,0.02
MAT-CABL-006,封闭母线槽,电缆电线,母线,-,电缆电线/母线,"[""母线槽"",""封闭母线"",""密集母线""]","[""母线槽"",""封闭母线""]","[""0304""]","[""配电""]","[""电缆""]",m,,1,m,,,,1341,电气线路敷设材料 > 母线槽 > 母线槽,0.005
MAT-CABL-007,阻燃电缆 ZR-YJV,电缆电线,电力电缆,ZR-YJV,电缆电线/电力电缆/ZR-YJV,"[""ZR-YJV"",""阻燃电缆"",""阻燃电力电缆""]","[""ZR"",""阻燃""]","[""0304"",""0309""]","[""消防"",""重要负荷""]","[""YJV"",""NH""]",m,,1,m,,,GB/T 19666-2019,61,电线电缆及光纤光缆 > 电线电缆 > 电力电缆,0.01
MAT-CABL-008,耐火电缆 NH-YJV,电缆电线,电力电缆,NH-YJV,电缆电线/电力电缆/NH-YJV,"[""NH-YJV"",""耐火电力电缆""]","[""NH"",""耐火""]","[""0309""]","[""消防设备""]","[""YJV"",""ZR""]",m,,1,m,,,GB/T 19666-2019,61,电线电缆及光纤光缆 > 电线电缆 > 电力电缆,0.01
MAT-CABL-009,通信光缆/网线,电缆电线,通信线缆,-,电缆电线/通信线缆,"[""光缆"",""网线"",""光纤"",""超五类"",""六类"",""RJ45""]","[""光缆"",""网线"",""光纤"",""六类""]","[""0305"",""0311""]","[""通信"",""网络""]","[""电力电缆""]",m,,1,m,,,YD/T 901-2018,,,
MAT-ELEC-001,配电箱/柜(照明/动力),电气设备,配电箱柜,-,电气设备/配电箱柜,"[""配电箱"",""配电柜"",""照明配电箱"",""动力配电箱"",""AL"",""AP""]","[""配电箱"",""配电柜"",""AL"",""AP""]","[""0304"",""0305""]","[""配电""]","[""控制箱""]",台,,1,台,,,,63,电气设备及附件 > 配电设备 > 配电箱,0.0
MAT-ELEC-002,控制箱/柜,电气设备,控制箱柜,-,电气设备/控制箱柜,"[""控制箱"",""控制柜"",""PLC柜"",""MCC""]","[""控制箱"",""控制柜""]","[""0304"",""0306""]","[""控制""]","[""配电箱""]",台,,1,台,,,,157,消防器材 > 火灾报警产品 > 火灾报警、警报及消防联动控制装置,0.01
MAT-ELEC-003,开关柜(高压/低压),电气设备,开关柜,-,电气设备/开关柜,"[""开关柜"",""高压柜"",""低压柜"",""KYN"",""GGD"",""GCS"",""MNS""]","[""开关柜"",""高压"",""低压"",""KYN"",""GGD""]","[""0304""]","[""变配电""]","[""配电箱""]",台,,1,台,,,,1314,开关、插座 > 开关插座 > 调光面板开关,0.02
MAT-ELEC-004,变压器(干式/油浸),电气设备,变压器,-,电气设备/变压器,"[""变压器"",""干式变压器"",""油浸变压器"",""SCB"",""S13""]","[""变压器"",""SCB""]","[""0304""]","[""变配电""]",[],台,,1,台,,,,1372,电气设备及附件 > 配电设备 > 变压器,0.0
MAT-ELEC-005,仪表(温度/压力/流量/液位),电气设备,仪表,-,电气设备/仪表,"[""温度计"",""压力表"",""流量计"",""液位计"",""热电阻"",""变送器""]","[""温度计"",""压力表"",""流量计"",""液位计"",""变送器"",""热电阻""]","[""0306""]","[""过程检测"",""自控""]","[""执行器""]",台,,1,台,,,,122,工程检测仪器仪表 > 其他仪器仪表及附件 > 仪器仪表元器件及器材,0.0
MAT-ELEC-006,执行器/电动头,电气设备,执行器,-,电气设备/执行器,"[""执行器"",""电动执行器"",""气动执行器"",""电动头""]","[""执行器"",""电动头""]","[""0306""]","[""自控""]","[""仪表""]",台,,1,台,,,,,,
MAT-LIGH-001,LED灯具(平板/筒灯/吸顶),照明器具,灯具,LED,照明器具/灯具/LED,"[""LED灯"",""平板灯"",""筒灯"",""吸顶灯"",""LED面板灯""]","[""LED"",""平板灯"",""筒灯""]","[""0304""]","[""照明""]","[""荧光灯"",""应急灯""]",套,,1,套,,,,1294,灯具、光源 > 室内照明 > 筒灯,0.01
MAT-LIGH-002,应急照明灯具,照明器具,灯具,应急灯,照明器具/灯具/应急灯,"[""应急灯"",""应急照明灯"",""疏散指示灯"",""安全出口""]","[""应急"",""疏散"",""安全出口""]","[""0304"",""0309""]","[""应急照明""]","[""LED灯"",""普通灯具""]",套,,1,套,,,,,,
MAT-LIGH-003,开关/插座,照明器具,开关插座,-,照明器具/开关插座,"[""开关"",""插座"",""单联开关"",""双联开关"",""五孔插座""]","[""开关"",""插座"",""单联"",""双联"",""五孔""]","[""0304""]","[""照明"",""插座""]","[""灯具""]",个,,1,个,,,,1314,开关、插座 > 开关插座 > 调光面板开关,0.02
MAT-LIGH-004,照明配电箱(户内),照明器具,配电箱,照明,照明器具/配电箱/照明,"[""照明配电箱"",""AL箱"",""PZ30""]","[""照明配电箱"",""AL"",""PZ30""]","[""0304""]","[""照明""]","[""动力配电箱""]",台,,1,台,,,,63,电气设备及附件 > 配电设备 > 配电箱,0.0
MAT-HVAC-001,风机(轴流/离心/混流),暖通设备,风机,-,暖通设备/风机,"[""风机"",""轴流风机"",""离心风机"",""混流风机"",""排风机"",""送风机""]","[""风机"",""轴流"",""离心"",""排风"",""送风""]","[""0307"",""0302"",""0304""]","[""通风"",""空调""]","[""风阀"",""风口""]",台,,1,台,,,,216,通风空调设备 > 通风设备 > 通风机,0.0
MAT-HVAC-002,镀锌钢板风管,暖通设备,风管,-,暖通设备/风管,"[""风管"",""镀锌钢板风管"",""矩形风管"",""圆形风管""]","[""风管"",""镀锌钢板"",""矩形"",""圆形""]","[""0307""]","[""通风"",""空调""]","[""防火阀""]",m²,,1,m²,,,,1095,黑色及有色金属 > 建筑钢材 > 钢板,0.05
MAT-HVAC-003,风口(散流器/百叶),暖通设备,风口,-,暖通设备/风口,"[""风口"",""散流器"",""百叶风口"",""送风口"",""回风口""]","[""风口"",""散流器"",""百叶""]","[""0307""]","[""通风"",""空调""]","[""风管"",""风阀""]",个,,1,个,,,,80,通风空调设备 > 空调末端设备 > 风口,0.0
MAT-HVAC-004,风阀(调节阀/止回阀/防火阀),暖通设备,风阀,-,暖通设备/风阀,"[""风阀"",""调节阀"",""止回阀"",""防火阀"",""排烟防火阀"",""电动调节阀""]","[""风阀"",""调节阀"",""防火阀"",""排烟防火阀""]","[""0307""]","[""通风"",""空调"",""防排烟""]","[""风口"",""风机""]",个,,1,个,,,,1264,阀门 > 调节阀类 > 调节阀,0.01
MAT-HVAC-005,空调机组(新风/组合式),暖通设备,空调设备,-,暖通设备/空调设备,"[""空调机"",""新风机组"",""组合式空调"",""AHU"",""PAU"",""风机盘管""]","[""空调机"",""新风"",""组合式"",""风机盘管"",""AHU"",""PAU""]","[""0307""]","[""空调""]","[""风机""]",台,,1,台,,,,1588,通风空调设备 > 空调设备 > 分散式空调系统（空调器）,0.0
MAT-HVAC-006,消声器/静压箱,暖通设备,消声设备,-,暖通设备/消声设备,"[""消声器"",""静压箱"",""消声弯头""]","[""消声"",""静压箱""]","[""0307""]","[""通风"",""空调""]",[],个,,1,个,,,,1618,通风空调设备 > 风管及风管部件 > 消声器,0.138
MAT-FIRE-001,消火栓箱(室内/室外),消防器材,消火栓,-,消防器材/消火栓,"[""消火栓"",""消火栓箱"",""室内消火栓"",""室外消火栓""]","[""消火栓"",""室内"",""室外"",""SN""]","[""0309""]","[""消防""]","[""喷头"",""灭火器""]",套,,1,套,,,,103,消防器材 > 喷水灭火产品 > 消火栓,0.01
MAT-FIRE-002,自动喷淋喷头,消防器材,喷头,-,消防器材/喷头,"[""喷头"",""喷淋头"",""洒水喷头"",""闭式喷头"",""开式喷头""]","[""喷头"",""喷淋"",""ZST"",""洒水""]","[""0309""]","[""自动喷淋""]","[""消火栓""]",个,,1,个,,,,1216,消防器材 > 喷水灭火产品 > 消防喷头,0.01
MAT-FIRE-003,感烟/感温探测器,消防器材,探测器,-,消防器材/探测器,"[""感烟探测器"",""感温探测器"",""烟感"",""温感"",""点型探测器""]","[""感烟"",""感温"",""烟感"",""温感"",""探测器""]","[""0309""]","[""火灾报警""]","[""报警按钮"",""模块""]",个,,1,个,,,,1224,消防器材 > 火灾报警产品 > 探测器,0.01
MAT-FIRE-004,手动报警按钮/声光报警器,消防器材,报警设备,-,消防器材/报警设备,"[""报警按钮"",""手动报警"",""声光报警"",""消火栓按钮""]","[""报警按钮"",""声光"",""消火栓按钮"",""手报""]","[""0309""]","[""火灾报警""]","[""探测器""]",个,,1,个,,,,1226,消防器材 > 火灾报警产品 > 其他报警器材,0.01
MAT-FIRE-005,火灾报警控制器/模块,消防器材,控制器,-,消防器材/控制器,"[""火灾报警控制器"",""联动控制器"",""输入模块"",""输出模块"",""控制模块"",""总线隔离器""]","[""报警控制器"",""联动"",""模块"",""隔离器""]","[""0309""]","[""火灾报警""]","[""探测器"",""报警按钮""]",台,,1,台,,,,157,消防器材 > 火灾报警产品 > 火灾报警、警报及消防联动控制装置,0.01
MAT-FIRE-006,气体灭火装置(柜式/管网),消防器材,气体灭火,-,消防器材/气体灭火,"[""气体灭火"",""七氟丙烷"",""IG541"",""气灭""]","[""气体灭火"",""七氟丙烷"",""IG541"",""气灭""]","[""0309""]","[""气体灭火""]","[""水灭火""]",套,,1,套,,,,1212,消防器材 > 灭火器 > 成套气体灭火设备,0.01
MAT-FIRE-007,灭火器(干粉/CO₂),消防器材,灭火器,-,消防器材/灭火器,"[""灭火器"",""干粉灭火器"",""二氧化碳灭火器"",""手提式灭火器""]","[""灭火器"",""干粉"",""二氧化碳"",""手提式""]","[""0309""]","[""消防""]","[""消火栓""]",具,,1,具,,,,220,消防器材 > 灭火器 > 灭火器,0.01
MAT-FIRE-008,消防水带/水枪/接口,消防器材,消防配件,-,消防器材/消防配件,"[""水带"",""水枪"",""消防水带"",""消防水枪"",""消防接口""]","[""水带"",""水枪"",""消防水带"",""接口""]","[""0309""]","[""消防""]","[""消火栓""]",套,,1,套,,,,1218,消防器材 > 喷水灭火产品 > 软管卷盘、水龙带及接口,0.01
MAT-PLUM-001,陶瓷洗脸盆(立柱/台上),卫浴器具,洗脸盆,-,卫浴器具/洗脸盆,"[""洗脸盆"",""洗面盆"",""洗手盆"",""立柱盆"",""台上盆"",""台下盆""]","[""洗脸盆"",""洗面盆"",""洗手盆"",""立柱盆"",""台上盆""]","[""0310""]","[""给排水""]","[""大便器"",""小便器""]",套,,1,套,,,,1433,墙砖、地砖、地板、地毯类材料 > 陶瓷砖（板） > 瓷砖,0.04
MAT-PLUM-002,坐便器/蹲便器,卫浴器具,大便器,-,卫浴器具/大便器,"[""大便器"",""坐便器"",""蹲便器"",""马桶"",""座便器""]","[""大便器"",""坐便器"",""蹲便器"",""马桶""]","[""0310""]","[""给排水""]","[""洗脸盆""]",套,,1,套,,,,1547,洁具及燃气器具 > 卫浴洁具 > 蹲便器,0.01
MAT-PLUM-003,小便器(挂式/落地),卫浴器具,小便器,-,卫浴器具/小便器,"[""小便器"",""挂式小便器"",""落地小便器"",""壁挂小便器""]","[""小便器"",""挂式"",""落地""]","[""0310""]","[""给排水""]","[""大便器""]",套,,1,套,,,,1549,洁具及燃气器具 > 卫浴洁具 > 小便器,0.01
MAT-PLUM-004,淋浴器(手持/花洒),卫浴器具,淋浴器,-,卫浴器具/淋浴器,"[""淋浴器"",""花洒"",""手持花洒"",""淋浴柱""]","[""淋浴"",""花洒"",""手持""]","[""0310""]","[""给排水""]","[""洗脸盆""]",套,,1,套,,,,1550,洁具及燃气器具 > 卫浴洁具 > 淋浴间（房）、淋浴屏,0.01
MAT-PLUM-005,地漏/存水弯,卫浴器具,地漏,-,卫浴器具/地漏,"[""地漏"",""存水弯"",""不锈钢地漏"",""铸铁地漏""]","[""地漏"",""存水弯""]","[""0310""]","[""排水""]","[""管材""]",个,,1,个,,,,,,
MAT-PLUM-006,水龙头/角阀,卫浴器具,水龙头,-,卫浴器具/水龙头,"[""水龙头"",""角阀"",""混合龙头"",""感应龙头""]","[""水龙头"",""角阀"",""感应""]","[""0310""]","[""给水""]","[""软管""]",个,,1,个,,,,,,
MAT-PLUM-007,卫生洁具配件(下水/软管),卫浴器具,配件,-,卫浴器具/配件,"[""下水"",""软管"",""排水栓"",""不锈钢软管"",""编织软管""]","[""下水"",""软管"",""排水栓"",""编织软管"",""不锈钢软管""]","[""0310""]","[""给排水""]","[""水龙头""]",套,,1,套,,,,,,
MAT-HEAT-001,散热器(钢制/铸铝),供暖器具,散热器,-,供暖器具/散热器,"[""散热器"",""暖气片"",""钢制散热器"",""铸铝散热器"",""铜铝复合散热器""]","[""散热器"",""暖气片"",""采暖""]","[""0310""]","[""采暖""]","[""地暖""]",组,,1,组,,,,1572,水暖器材及热水、采暖锅炉设备 > 散热器 > 其他散热器,0.0
MAT-HEAT-002,地暖管/集分水器,供暖器具,地暖,-,供暖器具/地暖,"[""地暖"",""地暖管"",""PE-RT"",""集分水器"",""分水器"",""地暖分水器""]","[""地暖"",""PE-RT"",""集分水器""]","[""0310""]","[""地暖""]","[""散热器""]",套,,1,套,,,,28,管材 > 塑料管材 > 塑料管,0.03
MAT-TUBE-001,仪表管(不锈钢/铜),仪表管路,仪表管,-,仪表管路/仪表管,"[""仪表管"",""不锈钢管"",""紫铜管"",""仪表管路""]","[""仪表管"",""不锈钢仪表管"",""紫铜仪表管""]","[""0306""]","[""仪表管路""]","[""工艺管道""]",m,,1,m,,,,,,
MAT-TUBE-002,仪表阀门/三阀组,仪表管路,仪表阀门,-,仪表管路/仪表阀门,"[""仪表阀"",""三阀组"",""针形阀"",""仪表截止阀""]","[""仪表阀"",""三阀组"",""针形阀"",""仪表截止阀""]","[""0306""]","[""仪表管路""]","[""工艺阀门""]",个,,1,个,,,,122,工程检测仪器仪表 > 其他仪器仪表及附件 > 仪器仪表元器件及器材,0.0
MAT-INSU-001,岩棉管壳/板,绝热保温,岩棉,-,绝热保温/岩棉,"[""岩棉"",""岩棉管壳"",""岩棉板"",""岩棉毡""]","[""岩棉"",""管壳"",""保温""]","[""0312"",""0307""]","[""管道保温"",""风管保温""]","[""橡塑"",""玻璃棉""]",m³,,1,m³,,,GB/T 11835-2016,37,绝热（保温）、耐火材料 > 保温绝热材料 > 岩棉及其制品,0.05
MAT-INSU-002,橡塑海绵管/板,绝热保温,橡塑,-,绝热保温/橡塑,"[""橡塑"",""橡塑海绵"",""橡塑管"",""橡塑板""]","[""橡塑"",""NBR"",""PVC/NBR""]","[""0312"",""0307""]","[""管道保温"",""风管保温""]","[""岩棉"",""玻璃棉""]",m³,,1,m³,,,,1193,绝热（保温）、耐火材料 > 保温绝热材料 > 柔性泡沫橡塑制品,0.05
MAT-INSU-003,玻璃棉管壳/板,绝热保温,玻璃棉,-,绝热保温/玻璃棉,"[""玻璃棉"",""玻璃棉管壳"",""玻璃棉板""]","[""玻璃棉""]","[""0312""]","[""管道保温""]","[""岩棉"",""橡塑""]",m³,,1,m³,,,GB/T 11835-2016,1186,绝热（保温）、耐火材料 > 保温绝热材料 > 玻璃棉及其制品,0.05
MAT-INSU-004,保温钉/铝箔胶带/粘结剂,绝热保温,保温辅材,-,绝热保温/保温辅材,"[""保温钉"",""铝箔胶带"",""保温粘结剂"",""铝箔布""]","[""保温钉"",""铝箔"",""粘结剂""]","[""0312""]","[""保温""]","[""保温材料""]",项,,1,项,,,,,,
MAT-COAT-001,环氧富锌底漆,防腐油漆,底漆,-,防腐油漆/底漆,"[""环氧富锌底漆"",""富锌底漆"",""环氧底漆""]","[""环氧"",""富锌"",""底漆"",""环氧富锌""]","[""0312""]","[""防腐""]","[""面漆"",""防火涂料""]",kg,,1,kg,,,HG/T 3668-2009,1180,涂料及防腐、防水材料 > 油漆 > 通用油漆,0.05
MAT-COAT-002,环氧云铁中间漆,防腐油漆,中间漆,-,防腐油漆/中间漆,"[""环氧云铁"",""云铁中间漆"",""环氧云铁中间漆""]","[""云铁"",""中间漆"",""环氧云铁""]","[""0312""]","[""防腐""]","[""底漆"",""面漆""]",kg,,1,kg,,,,53,涂料及防腐、防水材料 > 涂料 > 建筑涂料,0.05
MAT-COAT-003,聚氨酯面漆/丙烯酸面漆,防腐油漆,面漆,-,防腐油漆/面漆,"[""聚氨酯面漆"",""丙烯酸面漆"",""脂肪族聚氨酯面漆""]","[""面漆"",""聚氨酯面漆"",""丙烯酸面漆""]","[""0312""]","[""防腐""]","[""底漆"",""中间漆""]",kg,,1,kg,,,,,,
MAT-COAT-004,防火涂料(薄型/厚型),防腐油漆,防火涂料,-,防腐油漆/防火涂料,"[""防火涂料"",""薄型防火涂料"",""厚型防火涂料"",""超薄型防火涂料""]","[""防火涂料"",""薄型"",""厚型""]","[""0312"",""0303""]","[""钢结构防火"",""管道防火""]","[""防腐漆""]",kg,,1,kg,,,,1177,涂料及防腐、防水材料 > 涂料 > 功能性建筑涂料,0.05
MAT-COAT-005,耐酸砖/板衬里,防腐油漆,衬里,-,防腐油漆/衬里,"[""耐酸砖"",""耐酸板"",""衬里"",""搪铅"",""衬铅"",""衬胶""]","[""耐酸砖"",""衬里"",""搪铅"",""衬铅"",""衬胶""]","[""0312""]","[""衬里""]","[""涂料""]",m²,,1,m²,,,GB/T 8488-2008,,,
MAT-AUXI-001,高强无收缩灌浆料,辅材,灌浆料,-,辅材/灌浆料,"[""灌浆料"",""无收缩灌浆料"",""高强灌浆料"",""设备灌浆料"",""CGM""]","[""灌浆"",""无收缩"",""高强""]","[""0301"",""0302"",""0303"",""0304""]","[""设备基础灌浆"",""地脚螺栓灌浆""]","[""混凝土""]",t,,1,t,,,GB/T 50448-2015,232,涂料及防腐、防水材料 > 防水材料 > 防水涂料,0.05
MAT-AUXI-002,地脚螺栓(普通/锚固),辅材,螺栓,地脚螺栓,辅材/螺栓/地脚螺栓,"[""地脚螺栓"",""锚栓"",""化学锚栓"",""膨胀锚栓"",""M20"",""M24""]","[""地脚螺栓"",""锚栓"",""化学锚栓""]","[""0301"",""0302"",""0303"",""0304""]","[""设备固定"",""基础固定""]","[""普通螺栓""]",套,,1,套,,,GB/T 799-2020,,,
MAT-AUXI-003,普通螺栓/螺母/垫圈,辅材,螺栓,紧固件,辅材/螺栓/紧固件,"[""螺栓"",""螺母"",""垫圈"",""弹簧垫圈"",""普通螺栓"",""高强螺栓""]","[""螺栓"",""螺母"",""垫圈"",""高强螺栓"",""普通螺栓""]","[""0301"",""0303"",""0304"",""0307"",""0308"",""0309"",""0310""]","[""连接固定""]","[""地脚螺栓""]",套,,1,套,,,,,,
MAT-AUXI-004,电焊条(J422/J507),辅材,焊材,焊条,辅材/焊材/焊条,"[""焊条"",""电焊条"",""J422"",""J507"",""不锈钢焊条"",""A102""]","[""焊条"",""J422"",""J507"",""电焊条""]","[""0303"",""0307"",""0308"",""0309"",""0310""]","[""焊接""]","[""焊丝""]",kg,,1,kg,,,GB/T 5117-2012,,,
MAT-AUXI-005,密封胶/垫片/填料,辅材,密封,-,辅材/密封,"[""密封胶"",""硅酮密封胶"",""石棉垫片"",""金属缠绕垫"",""四氟垫"",""O型圈""]","[""密封胶"",""垫片"",""缠绕垫"",""四氟垫""]","[""0308"",""0310"",""0309""]","[""法兰密封"",""管道连接""]","[""螺栓""]",套,,1,套,,,,1288,法兰及其垫片 > 法兰垫片 > 其他垫片,0.02
MAT-AUXI-006,穿墙套管(刚性/柔性),辅材,套管,-,辅材/套管,"[""穿墙套管"",""刚性套管"",""柔性套管"",""防水套管"",""钢套管""]","[""穿墙套管"",""刚性套管"",""柔性套管"",""防水套管""]","[""0308"",""0310""]","[""管道穿墙""]","[""管材""]",个,,1,个,,,,1254,管件及管道用器材 > 管道用器材 > 套管,0.03
MAT-AUXI-007,防火封堵材料(防火泥/防火包),辅材,防火封堵,-,辅材/防火封堵,"[""防火泥"",""防火包"",""防火堵料"",""有机防火堵料"",""无机防火堵料""]","[""防火泥"",""防火包"",""防火堵料"",""防火封堵""]","[""0304"",""0308"",""0309""]","[""防火封堵"",""穿墙封堵""]","[""密封胶""]",t,,1,t,,,,125,绝热（保温）、耐火材料 > 耐火材料 > 其他耐火材料,0.04
MAT-AUXI-008,接地材料(镀锌扁钢/圆钢/铜排),辅材,接地,-,辅材/接地,"[""接地"",""接地母线"",""接地扁钢"",""接地极"",""镀锌扁钢接地"",""铜包钢接地""]","[""接地"",""扁钢"",""接地极"",""镀锌扁钢""]","[""0304"",""0305"",""0306"",""0309""]","[""接地"",""防雷""]","[""电缆""]",m,,1,m,,,GB/T 50065-2011,1084,黑色及有色金属 > 建筑钢材 > 圆钢,0.03
MAT-AUXI-009,绝缘材料(绝缘垫/绝缘子/热缩管),辅材,绝缘,-,辅材/绝缘,"[""绝缘垫"",""绝缘子"",""热缩管"",""热缩头"",""绝缘胶带""]","[""绝缘垫"",""绝缘子"",""热缩"",""绝缘胶带""]","[""0304"",""0305""]","[""电气安全""]","[""电缆""]",项,,1,项,,,,,,
MAT-AUXI-010,型钢吊架/支架(成品),辅材,支架,成品支架,辅材/支架/成品支架,"[""成品支架"",""装配式支架"",""综合支吊架"",""抗震支架""]","[""成品支架"",""抗震支架"",""综合支吊架""]","[""0304"",""0307"",""0308"",""0310""]","[""管道支架"",""桥架支架""]","[""型钢""]",套,,1,套,,,,1343,电气线路敷设材料 > 电缆桥架 > 电缆桥架连接件及附件,0.01
MAT-AUXI-011,电缆终端头/中间接头,辅材,电缆附件,-,辅材/电缆附件,"[""电缆终端头"",""电缆中间头"",""热缩终端"",""冷缩终端"",""电缆头""]","[""终端头"",""中间头"",""电缆头"",""热缩"",""冷缩""]","[""0304"",""0305""]","[""电缆""]","[""电缆""]",套,,1,套,,,,1346,电气线路敷设材料 > 电缆头及接线端子 > 电缆头,0.01
MAT-AUXI-012,软接头/橡胶接头,辅材,管道附件,-,辅材/管道附件,"[""软接头"",""橡胶接头"",""柔性接头"",""减振接头"",""可曲挠接头""]","[""软接头"",""橡胶接头"",""柔性接头"",""可曲挠"",""减振""]","[""0307"",""0310""]","[""管道"",""水泵连接""]","[""补偿器"",""密封胶""]",个,,1,个,,,GB/T 14905-2020,1251,管件及管道用器材 > 管道用器材 > 补偿器及软接头,0.03
MAT-AUXI-013,仪表接头/卡套/阀门,辅材,仪表辅材,-,辅材/仪表辅材,"[""仪表接头"",""卡套接头"",""仪表阀门"",""仪表活接头""]","[""仪表接头"",""卡套"",""仪表阀门""]","[""0306""]","[""仪表管路""]","[""工艺管件""]",个,,1,个,,,,1246,管件及管道用器材 > 金属管件 > 铜、铜合金管件,0.03
MAT-AUXI-014,减振垫/弹簧减振器,辅材,减振,-,辅材/减振,"[""减振垫"",""减振器"",""弹簧减振器"",""橡胶减振垫""]","[""减振垫"",""减振器"",""弹簧减振器""]","[""0307"",""0304""]","[""设备减振""]","[""支架""]",个,,1,个,,,,1621,工程机械设备 > 其他机械设备 > 减震器,0.0
MAT-AUXI-015,水位控制阀/浮球阀,辅材,液位控制,-,辅材/液位控制,"[""浮球阀"",""水位控制阀"",""液位控制阀"",""液压水位控制阀""]","[""浮球阀"",""水位控制阀"",""液位控制阀""]","[""0310""]","[""水箱控制"",""水池控制""]","[""阀门"",""软接头""]",个,,1,个,,,,157,消防器材 > 火灾报警产品 > 火灾报警、警报及消防联动控制装置,0.01
MAT-AUXI-016,Y型过滤器,辅材,过滤器,-,辅材/过滤器,"[""过滤器"",""Y型过滤器"",""管道过滤器"",""Y型过滤器""]","[""过滤器"",""Y型过滤器""]","[""0310""]","[""管道""]","[""阀门""]",个,,1,个,,,,1250,管件及管道用器材 > 管道用器材 > 过滤器,0.03
MAT-AUXI-017,橡胶垫块/木垫,辅材,垫块,-,辅材/垫块,"[""垫铁"",""斜垫铁"",""平垫铁"",""调整垫铁"",""木垫"",""橡胶垫""]","[""垫铁"",""垫块"",""调整垫铁""]","[""0301"",""0302"",""0303""]","[""设备安装""]","[""灌浆料""]",块,,1,块,,,,,,
MAT-AUXI-018,石棉绳/布/板,辅材,石棉,-,辅材/石棉,"[""石棉绳"",""石棉布"",""石棉板"",""石棉橡胶板""]","[""石棉绳"",""石棉布"",""石棉板"",""石棉橡胶板""]","[""0302"",""0308""]","[""锅炉"",""管道保温""]","[""密封胶"",""垫片""]",kg,,1,kg,,,,,,
MAT-AUXI-019,配管(镀锌钢管/可挠金属管/阻燃PVC),辅材,配管,-,辅材/配管,"[""配管"",""镀锌钢管"",""可挠金属管"",""阻燃PVC管"",""JDG管"",""KBG管"",""SC管"",""MT管""]","[""配管"",""JDG"",""KBG"",""SC管"",""可挠金属管"",""阻燃PVC管""]","[""0304"",""0305""]","[""电气配管""]","[""工艺管道""]",m,,1,m,,,GB/T 3091-2015,1231,管材 > 金属管材 > 镀锌钢管,0.02
MAT-ELEQ-005,防雷装置（避雷针/避雷带/避雷网）,电气,防雷接地,防雷装置,电气/防雷接地/防雷装置,"[""防雷装置"",""避雷针"",""避雷带"",""避雷网"",""接闪器"",""引下线""]","[""防雷"",""避雷针"",""避雷带"",""避雷网"",""接闪器"",""引下线""]","[""030401""]","[""建筑物屋面和突出屋面构件"",""高层建筑"",""塔楼""]","[""接地极"",""接地母线""]",套,1套/箱,1,套,,,,,,
MAT-ELEQ-006,接地装置（接地极/接地母线/接地网）,电气,防雷接地,接地装置,电气/防雷接地/接地装置,"[""接地装置"",""接地极"",""接地母线"",""接地网"",""接地线"",""等电位""]","[""接地"",""接地极"",""接地母线"",""接地网"",""等电位"",""防雷接地""]","[""030401""]","[""基础接地"",""建筑物接地"",""设备接地"",""防雷接地""]","[""避雷针"",""避雷带""]",套,1套/批,1,套,,,,1358,保险、绝缘及电热材料 > 防雷接地材料 > 接地装置,0.02
MAT-EQP-001,电站锅炉成套设备,热力设备,锅炉,电站锅炉,热力设备/锅炉/电站锅炉,"[""锅炉"",""电站锅炉"",""高压锅炉"",""中压锅炉""]","[""锅炉"",""高温高压"",""蒸发量""]","[""0302""]","[""锅炉房""]","[""工业锅炉"",""热水锅炉"",""供暖锅炉""]",台,,1,台,,,,1586,水暖器材及热水、采暖锅炉设备 > 锅炉设备 > 锅炉,0.0
MAT-EQP-002,汽轮发电机组,热力设备,汽轮机,汽轮发电机,热力设备/汽轮机/汽轮发电机,"[""汽轮机"",""汽轮发电机"",""发电机组"",""蒸汽轮机""]","[""汽轮机"",""发电"",""MW""]","[""0302""]","[""汽机间""]","[""燃气轮机"",""柴油发电机""]",台,,1,台,,,,101,电气设备及附件 > 电气机械设备 > 发电机,0.0
MAT-EQP-003,汽轮机辅机成套设备,热力设备,汽轮机,辅机设备,热力设备/汽轮机/辅机,"[""汽轮机辅机"",""凝汽器"",""加热器"",""除氧器"",""给水泵""]","[""辅机"",""凝汽器"",""高加"",""低加""]","[""0302""]","[""汽机间""]","[""主机"",""本体""]",套,,1,套,,,,,,
MAT-EQP-004,汽轮机附属设备,热力设备,汽轮机,附属设备,热力设备/汽轮机/附属,"[""附属设备"",""减温减压"",""旁路"",""疏水""]","[""附属"",""旁路"",""减温减压""]","[""0302""]","[""汽机间""]","[""主机"",""辅机""]",套,,1,套,,,,,,
MAT-EQP-005,卸煤设备,热力设备,输煤,卸煤,热力设备/输煤/卸煤,"[""卸煤"",""翻车机"",""卸煤沟"",""卸车""]","[""卸煤"",""翻车"",""螺旋卸""]","[""0302""]","[""煤场""]","[""输煤皮带"",""碎煤""]",台,,1,台,,,,,,
MAT-EQP-006,煤场设备,热力设备,输煤,煤场,热力设备/输煤/煤场,"[""煤场"",""堆取料机"",""斗轮机"",""抓斗""]","[""堆取料"",""斗轮"",""煤场""]","[""0302""]","[""煤场""]","[""卸煤"",""碎煤"",""输煤皮带""]",台,,1,台,,,,,,
MAT-EQP-007,碎煤设备,热力设备,输煤,碎煤,热力设备/输煤/碎煤,"[""碎煤"",""破碎机"",""环锤"",""筛分""]","[""碎煤"",""破碎"",""筛分""]","[""0302""]","[""碎煤楼""]","[""卸煤"",""煤场""]",台,,1,台,,,,,,
MAT-EQP-008,化学水预处理设备,热力设备,水处理,预处理,热力设备/水处理/预处理,"[""预处理"",""澄清"",""过滤"",""沉淀""]","[""化学水"",""预处理"",""澄清池""]","[""0302""]","[""化学水车间""]","[""除盐"",""凝结水处理""]",套,,1,套,,,,,,
MAT-EQP-009,锅炉补给水除盐设备,热力设备,水处理,除盐,热力设备/水处理/除盐,"[""除盐"",""离子交换"",""EDI"",""反渗透""]","[""除盐"",""混床"",""EDI"",""RO""]","[""0302""]","[""化学水车间""]","[""预处理""]",套,,1,套,,,,1586,水暖器材及热水、采暖锅炉设备 > 锅炉设备 > 锅炉,0.0
MAT-EQP-010,凝结水精处理设备,热力设备,水处理,凝结水处理,热力设备/水处理/凝结水,"[""凝结水处理"",""精处理"",""高速混床""]","[""凝结水"",""精处理"",""粉末树脂""]","[""0302""]","[""汽机间""]","[""除盐"",""预处理""]",套,,1,套,,,,,,
MAT-EQP-011,循环水处理设备,热力设备,水处理,循环水处理,热力设备/水处理/循环水,"[""循环水处理"",""加药"",""杀菌"",""阻垢""]","[""循环水"",""加药"",""杀菌灭藻""]","[""0302""]","[""循环水泵房""]","[""除盐"",""凝结水处理""]",套,,1,套,,,,,,
MAT-EQP-012,给水炉水校正处理设备,热力设备,水处理,加药处理,热力设备/水处理/加药,"[""给水处理"",""炉水处理"",""加药"",""磷酸盐""]","[""给水"",""炉水"",""加药"",""校正""]","[""0302""]","[""化学水车间""]","[""除盐"",""凝结水处理""]",套,,1,套,,,,,,
MAT-EQP-013,脱硫设备,热力设备,环保,脱硫,热力设备/环保/脱硫,"[""脱硫"",""FGD"",""石灰石"",""石膏"",""湿法""]","[""脱硫"",""SO2"",""石灰石"",""石膏""]","[""0302""]","[""脱硫岛""]","[""脱硝"",""除尘""]",套,,1,套,,,,,,
MAT-EQP-014,脱硝设备,热力设备,环保,脱硝,热力设备/环保/脱硝,"[""脱硝"",""SCR"",""SNCR"",""催化剂"",""氨""]","[""脱硝"",""NOx"",""SCR"",""氨""]","[""0302""]","[""脱硝区""]","[""脱硫"",""除尘""]",套,,1,套,,,,,,
MAT-EQP-015,低压锅炉成套设备,热力设备,锅炉,低压锅炉,热力设备/锅炉/低压锅炉,"[""低压锅炉"",""工业锅炉"",""热水锅炉""]","[""低压"",""工业锅炉"",""供暖锅炉""]","[""0302""]","[""锅炉房""]","[""电站锅炉"",""余热锅炉""]",台,,1,台,,,,1586,水暖器材及热水、采暖锅炉设备 > 锅炉设备 > 锅炉,0.0
MAT-EQP-016,低压锅炉辅机设备,热力设备,锅炉,低压锅炉辅机,热力设备/锅炉/低压辅机,"[""锅炉辅机"",""鼓风机"",""引风机"",""除尘器"",""省煤器""]","[""辅机"",""鼓引风"",""除尘"",""省煤器""]","[""0302""]","[""锅炉房""]","[""锅炉本体""]",套,,1,套,,,,1586,水暖器材及热水、采暖锅炉设备 > 锅炉设备 > 锅炉,0.0
MAT-EQP-017,燃机余热锅炉辅助设备,热力设备,锅炉,余热锅炉,热力设备/锅炉/余热锅炉,"[""余热锅炉"",""HRSG"",""燃机余热""]","[""余热"",""HRSG"",""联合循环""]","[""0302""]","[""余热锅炉区""]","[""电站锅炉"",""低压锅炉""]",套,,1,套,,,,1586,水暖器材及热水、采暖锅炉设备 > 锅炉设备 > 锅炉,0.0
MAT-EQP-018,三联供锅炉辅助设备,热力设备,锅炉,三联供,热力设备/锅炉/三联供,"[""三联供"",""CCHP"",""冷热电"",""分布式""]","[""三联供"",""CCHP"",""分布式能源""]","[""0302""]","[""能源站""]","[""电站锅炉""]",套,,1,套,,,,1586,水暖器材及热水、采暖锅炉设备 > 锅炉设备 > 锅炉,0.0
MAT-EQP-019,气柜,静置设备,气柜,储气,静置设备/气柜,"[""气柜"",""储气柜"",""干式气柜"",""湿式气柜""]","[""气柜"",""储气"",""煤气柜""]","[""0303""]","[""气柜区""]","[""储罐"",""球罐""]",台,,1,台,,,,1369,电气设备及附件 > 配电设备 > 电气柜类,0.0
MAT-EQP-020,非金属化工设备,静置设备,非金属设备,化工容器,静置设备/非金属,"[""非金属设备"",""搪玻璃"",""石墨"",""塑料设备"",""玻璃钢""]","[""非金属"",""搪玻璃"",""石墨"",""FRP""]","[""0303""]","[""化工车间""]","[""碳钢设备"",""不锈钢设备""]",台,,1,台,,,,,,
MAT-EQP-021,过程分析仪表,自动化仪表,分析仪表,过程分析,自动化仪表/分析仪表/过程分析,"[""分析仪表"",""在线分析"",""气体分析"",""水质分析"",""色谱""]","[""分析仪"",""在线"",""CEMS"",""色谱""]","[""0306""]","[""仪表间""]","[""检测仪表"",""变送器""]",台,,1,台,,,,1809,工程检测仪器仪表 > 计量测量及分析仪器仪表 > 分析仪表,0.0
MAT-EQP-022,工厂对讲系统,自动化仪表,通信,对讲,自动化仪表/通信/对讲,"[""对讲系统"",""广播对讲"",""工厂扩音"",""呼叫站""]","[""对讲"",""广播"",""扩音"",""呼叫""]","[""0306""]","[""全厂""]","[""电话系统"",""火灾报警"",""联动控制""]",套,,1,套,,,,159,弱电智能化系统及设备 > 楼宇智能化系统 > 门禁系统,0.01
MAT-EQP-023,工业计算机系统,自动化仪表,计算机,工业控制,自动化仪表/计算机/工控,"[""工业计算机"",""DCS"",""PLC"",""工控机"",""SCADA""]","[""DCS"",""PLC"",""工控"",""SCADA""]","[""0306""]","[""控制室""]","[""办公电脑"",""服务器""]",套,,1,套,,,,,,
MAT-SVC-001,电气调整试验(服务),调试服务,电气调试,调整试验,调试服务/电气调试,"[""电气调试"",""交接试验"",""预防性试验"",""继保调试""]","[""调试"",""试验"",""整定""]","[""0304""]","[""全厂""]","[""设备安装""]",项,,1,项,,,,,,
MAT-SVC-002,无损检验(服务),检测服务,无损检测,NDT,检测服务/无损检测,"[""无损检验"",""NDT"",""RT"",""UT"",""MT"",""PT""]","[""无损"",""NDT"",""射线"",""超声"",""磁粉""]","[""0303""]","[""全厂""]","[""水压试验""]",项,,1,项,,,,,,
MAT-SVC-003,采暖空调水系统调试(服务),调试服务,暖通调试,系统调试,调试服务/暖通调试,"[""系统调试"",""水压试验"",""冲洗"",""平衡调试""]","[""调试"",""冲洗"",""试压"",""平衡""]","[""0310""]","[""全楼""]","[""管道安装"",""设备安装""]",项,,1,项,,,,1588,通风空调设备 > 空调设备 > 分散式空调系统（空调器）,0.0
MAT-SVC-004,锅炉系统调试与性能试验(服务),调试服务,锅炉调试,性能试验,调试服务/锅炉调试,"[""锅炉调试"",""性能试验"",""燃烧调整"",""热效率""]","[""调试"",""性能试验"",""燃烧""]","[""0302""]","[""锅炉房""]","[""安装"",""筑炉""]",项,,1,项,,,,1586,水暖器材及热水、采暖锅炉设备 > 锅炉设备 > 锅炉,0.0
MAT-AUX-999,零星/杂项材料(按项),辅材,综合,零星,辅材/综合/零星,"[""零星"",""杂项"",""辅材"",""其他"",""按项""]","[""零星"",""杂项"",""其他""]","[""0301~0314""]","[""全项目""]","[""标准材料"",""明确物料""]",项,,1,项,,,,,,
