material_id,material_name,leaf_id,display_path,match_method,match_score,standard_loss_rate,loss_rate_pct,rule_code,matched_category_ids,matched_category_count
MAT-ADH-001,瓷砖胶粘剂 C1型,1433,墙砖、地砖、地板、地毯类材料 > 陶瓷砖（板） > 瓷砖,auto,17,0.04,4%,TILE,134,1
MAT-ALM-001,铝合金型材(幕墙用),75,黑色及有色金属 > 铝材 > 铝合金建筑型材,auto,5,0.03,3%,METAL_GENERAL,,0
MAT-ALM-002,铝方通,,,manual,0,0.03,3.0,,1460,1
MAT-ALM-003,铝格栅(吊顶),181,橡胶、塑料及非金属材料 > 其他非金属材料 > 土工材料,auto,4,0.03,3%,METAL_GENERAL,1460,1
MAT-AUX-001,石灰（消石灰）,1128,水泥、砖瓦灰砂石及混凝土制品 > 砂石、粉、灰、土 > 灰、粉、土等掺合填充料,auto,5,0.03,3%,SAND_STONE,1128,1
MAT-AUX-003,地毯(满铺),98,墙砖、地砖、地板、地毯类材料 > 地毯、挂毯 > 地毯,auto,6,0.03,3%,CARPET_FLOOR,98,1
MAT-AUX-004,木地板(成品),40,墙砖、地砖、地板、地毯类材料 > 木地板 > 实木地板,auto,4,0.03,3%,WOOD_FINISHED,,0
MAT-AUX-005,预制水磨石踏步板,,,manual,2,0.03,3.0,,195,1
MAT-AUX-006,木踢脚线,1528,装饰线条、装饰件、栏杆、扶手及其他 > 装饰线条 > 踢脚线,auto,14,0.03,3%,DECOR_LINE,,0
MAT-AUX-007,石材踢脚线,1528,装饰线条、装饰件、栏杆、扶手及其他 > 装饰线条 > 踢脚线,auto,14,0.03,3%,DECOR_LINE,,0
MAT-AUX-008,装饰线条(成品木线),207,装饰线条、装饰件、栏杆、扶手及其他 > 装饰线条 > 其他装饰线条,auto,8,0.03,3%,DECOR_LINE,,0
MAT-AUX-009,亚克力灯箱板,,,manual,1,0.03,3.0,,,0
MAT-AUX-010,门窗套线(成品),,,manual,0,0.03,3.0,,,0
MAT-AUX-011,窗台板(人造石),,,manual,0,0.03,3.0,,1453,1
MAT-AUX-012,窗帘(成品),,,manual,0,0.03,3.0,,133,1
MAT-AUX-013,窗帘轨(成品),,,manual,0,0.03,3.0,,133,1
MAT-AUX-014,防腐胶泥,1123,砼、砂浆及其他配合比材料 > 其他配合比材料 > 胶泥、脂、油,auto,4,0.03,3%,OTHER_MATERIAL_LOW_CONF,1123,1
MAT-AUX-015,软包面料(成品),,,manual,0,0.03,3.0,,,0
MAT-AUX-999,零星/杂项材料(按项),,,manual,0,0.03,3.0,,1736,1
MAT-AUXI-001,高强无收缩灌浆料,232,涂料及防腐、防水材料 > 防水材料 > 防水涂料,auto,4,0.05,5%,WATERPROOF_COATING,1175|1176,2
MAT-AUXI-002,地脚螺栓(普通/锚固),,,manual,2,0.03,3.0,,1158|164,2
MAT-AUXI-003,普通螺栓/螺母/垫圈,,,manual,1,0.03,3.0,,1518|164,2
MAT-AUXI-004,电焊条(J422/J507),,,manual,2,0.03,3.0,,1154,1
MAT-AUXI-005,密封胶/垫片/填料,1288,法兰及其垫片 > 法兰垫片 > 其他垫片,auto,4,0.02,2%,FLANGE_GASKET,134,1
MAT-AUXI-006,穿墙套管(刚性/柔性),1254,管件及管道用器材 > 管道用器材 > 套管,auto,5,0.03,3%,PIPE_GENERAL,,0
MAT-AUXI-007,防火封堵材料(防火泥/防火包),125,绝热（保温）、耐火材料 > 耐火材料 > 其他耐火材料,auto,5,0.04,4%,FIRE_RESISTANT,1211|125,2
MAT-AUXI-008,接地材料(镀锌扁钢/圆钢/铜排),1084,黑色及有色金属 > 建筑钢材 > 圆钢,auto,5,0.03,3%,METAL_GENERAL,60,1
MAT-AUXI-009,绝缘材料(绝缘垫/绝缘子/热缩管),,,manual,2,0.03,3.0,,1360|148|169|60,4
MAT-AUXI-010,型钢吊架/支架(成品),1343,电气线路敷设材料 > 电缆桥架 > 电缆桥架连接件及附件,auto,4,0.01,1%,POWER_CABLE,,0
MAT-AUXI-011,电缆终端头/中间接头,1346,电气线路敷设材料 > 电缆头及接线端子 > 电缆头,auto,6,0.01,1%,POWER_CABLE,,0
MAT-AUXI-012,软接头/橡胶接头,1251,管件及管道用器材 > 管道用器材 > 补偿器及软接头,auto,8,0.03,3%,PIPE_GENERAL,,0
MAT-AUXI-013,仪表接头/卡套/阀门,1246,管件及管道用器材 > 金属管件 > 铜、铜合金管件,auto,4,0.03,3%,FITTING,,0
MAT-AUXI-014,减振垫/弹簧减振器,1621,工程机械设备 > 其他机械设备 > 减震器,auto,8,0.0,0%,EQUIPMENT_COMPLETE,1621,1
MAT-AUXI-015,水位控制阀/浮球阀,157,消防器材 > 火灾报警产品 > 火灾报警、警报及消防联动控制装置,auto,6,0.01,1%,FIRE_EQUIPMENT,1268,1
MAT-AUXI-016,Y型过滤器,1250,管件及管道用器材 > 管道用器材 > 过滤器,auto,5,0.03,3%,PIPE_GENERAL,1250,1
MAT-AUXI-017,橡胶垫块/木垫,,,manual,1,0.03,3.0,,1157|126|1354,3
MAT-AUXI-018,石棉绳/布/板,,,manual,1,0.03,3.0,,1197|1391,2
MAT-AUXI-019,配管(镀锌钢管/可挠金属管/阻燃PVC),1231,管材 > 金属管材 > 镀锌钢管,auto,5,0.02,2%,PIPE_METAL,,0
MAT-BLO-001,蒸压加气混凝土砌块 A5.0 B06,17,水泥、砖瓦灰砂石及混凝土制品 > 砌砖、砌块 > 砌块,auto,5,0.04,4%,BLOCK,17,1
MAT-BLO-002,轻集料混凝土小型空心砌块,1112,砼、砂浆及其他配合比材料 > 预拌混凝土 > 轻骨料混凝土,auto,5,0.01,1%,CONCRETE_READY_MIXED,17,1
MAT-BRD-001,纸面石膏板 9.5mm,51,墙面、天棚及屋面饰面材料 > 非金属装饰板 > 石膏板,auto,6,0.03,3%,METAL_GENERAL,,0
MAT-BRD-003,硅酸钙板 8mm,1195,绝热（保温）、耐火材料 > 保温绝热材料 > 复合硅酸盐绝热材料,auto,3,0.05,5%,INSULATION_BOARD,1458,1
MAT-BRD-004,矿棉吸音板 600x600,1475,吸声、抗辐射及无损探伤材料 > 吸声材料 > 木质吸音板,auto,4,0.05,5%,ACOUSTIC_MATERIAL,43,1
MAT-BRD-005,玻璃钢(FRP)板 2mm,1418,玻璃及玻璃制品 > 普通玻璃 > 浮法玻璃,auto,4,0.03,3%,GLASS,1399|222,2
MAT-BRD-006,聚氯乙烯板(PVC) 3mm,,,manual,1,0.03,3.0,,,0
MAT-BRD-007,装饰饰面板(成品) 2440×1220,1407,木、竹材料及其制品 > 木材及其制品 > 胶合板,auto,4,0.06,6%,WOOD_BOARD,131,1
MAT-BRD-008,保温装饰一体板,10005,绝热（保温）、耐火材料 > 保温绝热材料 > 保温装饰一体板,auto,5,0.05,5%,INSULATION_BOARD,,0
MAT-BRD-009,装配式装饰板(成品),,,manual,1,0.03,3.0,,,0
MAT-BRI-001,烧结普通砖 MU10,1129,水泥、砖瓦灰砂石及混凝土制品 > 砌砖、砌块 > 砌砖,auto,4,0.03,3%,BRICK,1129|1730,2
MAT-BRI-002,烧结多孔砖 MU10,1129,水泥、砖瓦灰砂石及混凝土制品 > 砌砖、砌块 > 砌砖,auto,4,0.03,3%,BRICK,,0
MAT-CABL-001,电力电缆 YJV,61,电线电缆及光纤光缆 > 电线电缆 > 电力电缆,auto,9,0.01,1%,POWER_CABLE,,0
MAT-CABL-002,电力电缆 YJV22(铠装),61,电线电缆及光纤光缆 > 电线电缆 > 电力电缆,auto,9,0.01,1%,POWER_CABLE,,0
MAT-CABL-003,控制电缆 KVV,157,消防器材 > 火灾报警产品 > 火灾报警、警报及消防联动控制装置,auto,6,0.01,1%,FIRE_EQUIPMENT,,0
MAT-CABL-004,电线 BV,1332,电线电缆及光纤光缆 > 电线电缆 > 电气装备用电线电缆,auto,4,0.02,2%,CABLE_GENERAL,,0
MAT-CABL-005,电线 NH-BV(耐火),1332,电线电缆及光纤光缆 > 电线电缆 > 电气装备用电线电缆,auto,5,0.02,2%,CABLE_GENERAL,,0
MAT-CABL-006,封闭母线槽,1341,电气线路敷设材料 > 母线槽 > 母线槽,auto,5,0.005,0.5%,BRIDGE_TRAY,,0
MAT-CABL-007,阻燃电缆 ZR-YJV,61,电线电缆及光纤光缆 > 电线电缆 > 电力电缆,auto,4,0.01,1%,POWER_CABLE,,0
MAT-CABL-008,耐火电缆 NH-YJV,61,电线电缆及光纤光缆 > 电线电缆 > 电力电缆,auto,4,0.01,1%,POWER_CABLE,,0
MAT-CABL-009,通信光缆/网线,,,manual,0,0.02,2.0,,,0
MAT-COAT-001,环氧富锌底漆,1180,涂料及防腐、防水材料 > 油漆 > 通用油漆,auto,4,0.05,5%,PAINT_COATING,1177,1
MAT-COAT-002,环氧云铁中间漆,53,涂料及防腐、防水材料 > 涂料 > 建筑涂料,auto,4,0.05,5%,PAINT_COATING,1177,1
MAT-COAT-003,聚氨酯面漆/丙烯酸面漆,,,manual,1,0.05,5.0,,1179,1
MAT-COAT-004,防火涂料(薄型/厚型),1177,涂料及防腐、防水材料 > 涂料 > 功能性建筑涂料,auto,5,0.05,5%,PAINT_COATING,1177,1
MAT-COAT-005,耐酸砖/板衬里,,,manual,1,0.05,5.0,,1184,1
MAT-CON-001,预拌混凝土 C30,16,砼、砂浆及其他配合比材料 > 预拌混凝土 > 普通混凝土,auto,4,0.01,1%,CONCRETE_READY_MIXED,,0
MAT-CON-002,预拌混凝土 C25,16,砼、砂浆及其他配合比材料 > 预拌混凝土 > 普通混凝土,auto,4,0.01,1%,CONCRETE_READY_MIXED,,0
MAT-CON-003,预拌混凝土 C35,16,砼、砂浆及其他配合比材料 > 预拌混凝土 > 普通混凝土,auto,4,0.01,1%,CONCRETE_READY_MIXED,,0
MAT-CON-004,细石混凝土 C20,16,砼、砂浆及其他配合比材料 > 预拌混凝土 > 普通混凝土,auto,5,0.01,1%,CONCRETE_READY_MIXED,,0
MAT-CON-005,预拌混凝土 C20,16,砼、砂浆及其他配合比材料 > 预拌混凝土 > 普通混凝土,auto,4,0.01,1%,CONCRETE_READY_MIXED,,0
MAT-CON-006,防腐混凝土 C30,16,砼、砂浆及其他配合比材料 > 预拌混凝土 > 普通混凝土,auto,4,0.01,1%,CONCRETE_READY_MIXED,1116,1
MAT-CON-007,水下混凝土 C30,16,砼、砂浆及其他配合比材料 > 预拌混凝土 > 普通混凝土,auto,4,0.01,1%,CONCRETE_READY_MIXED,1116,1
MAT-CON-008,防水混凝土 P8,232,涂料及防腐、防水材料 > 防水材料 > 防水涂料,auto,6,0.05,5%,WATERPROOF_COATING,1116,1
MAT-CON-009,耐酸混凝土,16,砼、砂浆及其他配合比材料 > 预拌混凝土 > 普通混凝土,auto,4,0.01,1%,CONCRETE_READY_MIXED,,0
MAT-CON-010,轻骨料混凝土 LC5.0,1112,砼、砂浆及其他配合比材料 > 预拌混凝土 > 轻骨料混凝土,auto,9,0.01,1%,CONCRETE_READY_MIXED,1112,1
MAT-CPR-001,预制混凝土化粪池,1671,水处理及环保设备 > 环保设备 > 化粪池,auto,5,0.0,0%,EQUIPMENT_COMPLETE,,0
MAT-CPR-002,预制混凝土隔油池,16,砼、砂浆及其他配合比材料 > 预拌混凝土 > 普通混凝土,auto,4,0.01,1%,CONCRETE_READY_MIXED,,0
MAT-DEC-001,铝塑板,,,manual,1,0.03,3.0,,1457|46|68,3
MAT-DEC-002,铝单板(幕墙),,,manual,1,0.03,3.0,,46|68,2
MAT-DEC-003,阳光板,,,manual,0,0.03,3.0,,49,1
MAT-DEC-004,陶土板,,,manual,0,0.03,3.0,,54,1
MAT-DEC-005,隔音板,,,manual,1,0.03,3.0,,,0
MAT-DOO-001,钢质防盗门（成品）,1488,门窗及楼梯制品 > 特种门窗 > 防盗门,auto,5,0.01,1%,DOOR_WINDOW,1488,1
MAT-DOO-002,钢质防火门 甲级（成品）,70,门窗及楼梯制品 > 特种门窗 > 防火门,auto,5,0.01,1%,DOOR_WINDOW,149,1
MAT-DOO-003,断桥铝合金窗（成品）,150,门窗及楼梯制品 > 普通门窗 > 铝合金门窗,auto,8,0.01,1%,DOOR_WINDOW,150,1
MAT-DOO-004,铝合金门（成品）,150,门窗及楼梯制品 > 普通门窗 > 铝合金门窗,auto,5,0.01,1%,DOOR_WINDOW,,0
MAT-DOO-005,木质门（成品）,152,门窗及楼梯制品 > 普通门窗 > 木门窗,auto,4,0.01,1%,DOOR_WINDOW,152|70,2
MAT-DOO-006,钢木大门(平开),,,manual,2,0.01,1.0,,102,1
MAT-DOO-007,推拉门(成品),151,门窗及楼梯制品 > 普通门窗 > 塑钢、塑铝门窗,auto,5,0.01,1%,DOOR_WINDOW,,0
MAT-DOO-008,木质防火门甲级,70,门窗及楼梯制品 > 特种门窗 > 防火门,auto,5,0.01,1%,DOOR_WINDOW,70,1
MAT-DOO-009,塑钢窗(成品),151,门窗及楼梯制品 > 普通门窗 > 塑钢、塑铝门窗,auto,4,0.01,1%,DOOR_WINDOW,151,1
MAT-DOO-010,防火窗(成品),149,门窗及楼梯制品 > 普通门窗 > 钢门窗,auto,4,0.01,1%,DOOR_WINDOW,149,1
MAT-DOO-011,百叶窗(成品),150,门窗及楼梯制品 > 普通门窗 > 铝合金门窗,auto,4,0.01,1%,DOOR_WINDOW,,0
MAT-DOO-012,纱窗(成品),1493,门窗及楼梯制品 > 其他门窗及配件 > 纱门、纱窗,auto,4,0.01,1%,DOOR_WINDOW,,0
MAT-DOO-013,特种门(成品),,,manual,0,0.01,1.0,,,0
MAT-DOO-014,电子感应门(成品),154,门窗及楼梯制品 > 普通门窗 > 全玻门、自动门,auto,4,0.01,1%,DOOR_WINDOW,154,1
MAT-DOO-015,全玻自由门(成品),,,manual,0,0.01,1.0,,,0
MAT-DOO-016,钢质防火卷帘门,73,门窗及楼梯制品 > 卷帘 > 普通卷帘,auto,10,0.01,1%,DOOR_WINDOW,73,1
MAT-EAR-001,素土（回填用）,,,manual,0,0.01,1.0,,1122,1
MAT-EAR-002,级配砂石,19,水泥、砖瓦灰砂石及混凝土制品 > 砂石、粉、灰、土 > 砂,auto,4,0.03,3%,SAND_STONE,19,1
MAT-ELEC-001,配电箱/柜(照明/动力),63,电气设备及附件 > 配电设备 > 配电箱,auto,5,0.0,0%,EQUIPMENT_COMPLETE,63,1
MAT-ELEC-002,控制箱/柜,157,消防器材 > 火灾报警产品 > 火灾报警、警报及消防联动控制装置,auto,6,0.01,1%,FIRE_EQUIPMENT,1226,1
MAT-ELEC-003,开关柜(高压/低压),1314,开关、插座 > 开关插座 > 调光面板开关,auto,4,0.02,2%,ELECTRICAL_ACCESSORY,,0
MAT-ELEC-004,变压器(干式/油浸),1372,电气设备及附件 > 配电设备 > 变压器,auto,5,0.0,0%,EQUIPMENT_COMPLETE,1372,1
MAT-ELEC-005,仪表(温度/压力/流量/液位),122,工程检测仪器仪表 > 其他仪器仪表及附件 > 仪器仪表元器件及器材,auto,3,0.0,0%,EQUIPMENT_COMPLETE,1802|1833,2
MAT-ELEC-006,执行器/电动头,,,manual,1,0,0.0,,218,1
MAT-ELEQ-005,防雷装置（避雷针/避雷带/避雷网）,,,manual,1,0,0.0,,1357|60,2
MAT-ELEQ-006,接地装置（接地极/接地母线/接地网）,1358,保险、绝缘及电热材料 > 防雷接地材料 > 接地装置,auto,5,0.02,2%,ELECTRICAL_ACCESSORY,60,1
MAT-EQP-001,电站锅炉成套设备,1586,水暖器材及热水、采暖锅炉设备 > 锅炉设备 > 锅炉,auto,5,0.0,0%,EQUIPMENT_COMPLETE,,0
MAT-EQP-002,汽轮发电机组,101,电气设备及附件 > 电气机械设备 > 发电机,auto,5,0.0,0%,EQUIPMENT_COMPLETE,101,1
MAT-EQP-003,汽轮机辅机成套设备,,,manual,1,0,0.0,,,0
MAT-EQP-004,汽轮机附属设备,,,manual,1,0,0.0,,,0
MAT-EQP-005,卸煤设备,,,manual,0,0,0.0,,,0
MAT-EQP-006,煤场设备,,,manual,0,0,0.0,,,0
MAT-EQP-007,碎煤设备,,,manual,0,0,0.0,,,0
MAT-EQP-008,化学水预处理设备,,,manual,1,0,0.0,,,0
MAT-EQP-009,锅炉补给水除盐设备,1586,水暖器材及热水、采暖锅炉设备 > 锅炉设备 > 锅炉,auto,5,0.0,0%,EQUIPMENT_COMPLETE,,0
MAT-EQP-010,凝结水精处理设备,,,manual,1,0,0.0,,,0
MAT-EQP-011,循环水处理设备,,,manual,2,0,0.0,,,0
MAT-EQP-012,给水炉水校正处理设备,,,manual,1,0,0.0,,,0
MAT-EQP-013,脱硫设备,,,manual,0,0,0.0,,1125,1
MAT-EQP-014,脱硝设备,,,manual,0,0,0.0,,1541,1
MAT-EQP-015,低压锅炉成套设备,1586,水暖器材及热水、采暖锅炉设备 > 锅炉设备 > 锅炉,auto,5,0.0,0%,EQUIPMENT_COMPLETE,,0
MAT-EQP-016,低压锅炉辅机设备,1586,水暖器材及热水、采暖锅炉设备 > 锅炉设备 > 锅炉,auto,5,0.0,0%,EQUIPMENT_COMPLETE,,0
MAT-EQP-017,燃机余热锅炉辅助设备,1586,水暖器材及热水、采暖锅炉设备 > 锅炉设备 > 锅炉,auto,5,0.0,0%,EQUIPMENT_COMPLETE,,0
MAT-EQP-018,三联供锅炉辅助设备,1586,水暖器材及热水、采暖锅炉设备 > 锅炉设备 > 锅炉,auto,5,0.0,0%,EQUIPMENT_COMPLETE,,0
MAT-EQP-019,气柜,1369,电气设备及附件 > 配电设备 > 电气柜类,auto,4,0.0,0%,EQUIPMENT_COMPLETE,,0
MAT-EQP-020,非金属化工设备,,,manual,1,0,0.0,,222,1
MAT-EQP-021,过程分析仪表,1809,工程检测仪器仪表 > 计量测量及分析仪器仪表 > 分析仪表,auto,13,0.0,0%,EQUIPMENT_COMPLETE,,0
MAT-EQP-022,工厂对讲系统,159,弱电智能化系统及设备 > 楼宇智能化系统 > 门禁系统,auto,4,0.01,1%,DOOR_WINDOW,,0
MAT-EQP-023,工业计算机系统,,,manual,1,0,0.0,,122,1
MAT-FAB-001,膜材料(建筑),,,manual,1,0.03,3.0,,130|91,2
MAT-FAB-002,丝绒面料(装饰),,,manual,1,0.03,3.0,,,0
MAT-FAB-003,织锦缎(装饰),,,manual,1,0.03,3.0,,,0
MAT-FAB-004,人造革,,,manual,0,0.03,3.0,,198,1
MAT-FAB-005,织物软雕,,,manual,0,0.03,3.0,,,0
MAT-FIRE-001,消火栓箱(室内/室外),103,消防器材 > 喷水灭火产品 > 消火栓,auto,6,0.01,1%,FIRE_EQUIPMENT,103|1228,2
MAT-FIRE-002,自动喷淋喷头,1216,消防器材 > 喷水灭火产品 > 消防喷头,auto,6,0.01,1%,FIRE_EQUIPMENT,1216,1
MAT-FIRE-003,感烟/感温探测器,1224,消防器材 > 火灾报警产品 > 探测器,auto,10,0.01,1%,FIRE_EQUIPMENT,1224,1
MAT-FIRE-004,手动报警按钮/声光报警器,1226,消防器材 > 火灾报警产品 > 其他报警器材,auto,4,0.01,1%,FIRE_EQUIPMENT,1226|89,2
MAT-FIRE-005,火灾报警控制器/模块,157,消防器材 > 火灾报警产品 > 火灾报警、警报及消防联动控制装置,auto,15,0.01,1%,FIRE_EQUIPMENT,1225|157,2
MAT-FIRE-006,气体灭火装置(柜式/管网),1212,消防器材 > 灭火器 > 成套气体灭火设备,auto,5,0.01,1%,FIRE_EQUIPMENT,,0
MAT-FIRE-007,灭火器(干粉/CO₂),220,消防器材 > 灭火器 > 灭火器,auto,5,0.01,1%,FIRE_EQUIPMENT,220,1
MAT-FIRE-008,消防水带/水枪/接口,1218,消防器材 > 喷水灭火产品 > 软管卷盘、水龙带及接口,auto,9,0.01,1%,FIRE_EQUIPMENT,1223,1
MAT-FITT-001,碳钢弯头(冲压/无缝),,,manual,1,0.03,3.0,,,0
MAT-FITT-002,沟槽管件(卡箍/弯头/三通),30,管材 > 其他管材 > 其他管材,auto,4,0.03,3%,PIPE_GENERAL,1252,1
MAT-FITT-003,碳钢法兰(平焊/对焊),1279,法兰及其垫片 > 法兰 > 不锈钢法兰,auto,5,0.02,2%,FLANGE_GASKET,,0
MAT-FITT-004,管道支架(型钢制),1343,电气线路敷设材料 > 电缆桥架 > 电缆桥架连接件及附件,auto,4,0.01,1%,POWER_CABLE,1242,1
MAT-FITT-005,补偿器(波纹管/套筒),1158,五金制品 > 其他五金 > 钢筋接头、锚具及钢筋保护帽,auto,4,0.025,2.5%,STEEL_REBAR,1251,1
MAT-FLR-001,同质透心塑胶地板 2mm,129,墙砖、地砖、地板、地毯类材料 > 塑料、橡胶地板 > 塑料地板,auto,8,0.03,3%,CARPET_FLOOR,,0
MAT-FPC-001,膨胀型钢结构防火涂料（薄型）,1177,涂料及防腐、防水材料 > 涂料 > 功能性建筑涂料,auto,5,0.05,5%,PAINT_COATING,,0
MAT-FPC-002,非膨胀型钢结构防火涂料（厚型）,1177,涂料及防腐、防水材料 > 涂料 > 功能性建筑涂料,auto,5,0.05,5%,PAINT_COATING,1177,1
MAT-FPC-003,防火涂料稀释剂,1177,涂料及防腐、防水材料 > 涂料 > 功能性建筑涂料,auto,5,0.05,5%,PAINT_COATING,,0
MAT-FPC-004,防火涂料(饰面型),1177,涂料及防腐、防水材料 > 涂料 > 功能性建筑涂料,auto,5,0.05,5%,PAINT_COATING,,0
MAT-FRM-001,轻钢龙骨（吊顶）,1465,龙骨、龙骨配件 > 龙骨 > 轻钢龙骨,auto,5,0.03,3%,KEEL,,0
MAT-FRM-002,轻钢龙骨(隔墙用) 75型,1465,龙骨、龙骨配件 > 龙骨 > 轻钢龙骨,auto,5,0.03,3%,KEEL,,0
MAT-FRM-003,铝合金龙骨(天棚用),1467,龙骨、龙骨配件 > 龙骨 > 铝合金龙骨,auto,5,0.03,3%,KEEL,,0
MAT-FUL-001,液化石油气,,,manual,1,0,0.0,,1539,1
MAT-GLA-001,中空钢化玻璃 5+12A+5,1420,玻璃及玻璃制品 > 普通玻璃 > 钢化玻璃,auto,11,0.03,3%,GLASS,1423,1
MAT-GLA-002,钢化中空玻璃 6Low-E+12A+6,1423,玻璃及玻璃制品 > 普通玻璃 > 中空玻璃,auto,9,0.03,3%,GLASS,1423,1
MAT-GLA-003,钢化玻璃 12mm(落地玻璃),1420,玻璃及玻璃制品 > 普通玻璃 > 钢化玻璃,auto,11,0.03,3%,GLASS,,0
MAT-GLA-004,镜子(银镜) 5mm,1430,玻璃及玻璃制品 > 玻璃制品 > 玻璃镜,auto,8,0.03,3%,GLASS,1554,1
MAT-GLS-001,镜面玻璃(成品),1418,玻璃及玻璃制品 > 普通玻璃 > 浮法玻璃,auto,8,0.03,3%,GLASS,,0
MAT-GLS-002,镭射玻璃(成品),1426,玻璃及玻璃制品 > 艺术玻璃 > 镭射玻璃,auto,5,0.03,3%,GLASS,,0
MAT-GLS-003,防弹玻璃,1418,玻璃及玻璃制品 > 普通玻璃 > 浮法玻璃,auto,4,0.03,3%,GLASS,1427,1
MAT-GLS-004,磨砂玻璃,1418,玻璃及玻璃制品 > 普通玻璃 > 浮法玻璃,auto,4,0.03,3%,GLASS,,0
MAT-GLS-005,玻璃马赛克,1429,玻璃及玻璃制品 > 玻璃制品 > 玻璃马赛克,auto,5,0.04,4%,TILE,1435,1
MAT-GLS-006,玻璃砖,1428,玻璃及玻璃制品 > 玻璃制品 > 玻璃砖,auto,5,0.03,3%,BRICK,1428,1
MAT-GRO-001,填缝剂（美缝剂）,,,manual,2,0.03,3.0,,1175|1176,2
MAT-GRO-002,装配式套筒灌浆料,1158,五金制品 > 其他五金 > 钢筋接头、锚具及钢筋保护帽,auto,4,0.025,2.5%,STEEL_REBAR,1175,1
MAT-GRO-003,座浆料,232,涂料及防腐、防水材料 > 防水材料 > 防水涂料,auto,4,0.05,5%,WATERPROOF_COATING,1175,1
MAT-HDR-001,木扶手(成品),1529,装饰线条、装饰件、栏杆、扶手及其他 > 装饰栏杆及扶手 > 扶手,auto,5,0.01,1%,DOOR_WINDOW,1529,1
MAT-HDR-002,木栏杆(成品),74,装饰线条、装饰件、栏杆、扶手及其他 > 装饰栏杆及扶手 > 栏杆、栏板,auto,4,0.01,1%,DOOR_WINDOW,74,1
MAT-HDW-001,窗用执手锁（铝合金）,76,五金制品 > 门窗及幕墙五金 > 门窗五金,auto,4,0.01,1%,DOOR_WINDOW,76,1
MAT-HDW-002,窗用摩擦铰链（不锈钢）,76,五金制品 > 门窗及幕墙五金 > 门窗五金,auto,5,0.01,1%,DOOR_WINDOW,,0
MAT-HEAT-001,散热器(钢制/铸铝),1572,水暖器材及热水、采暖锅炉设备 > 散热器 > 其他散热器,auto,5,0.0,0%,EQUIPMENT_COMPLETE,,0
MAT-HEAT-002,地暖管/集分水器,28,管材 > 塑料管材 > 塑料管,auto,4,0.03,3%,PIPE_PLASTIC,1573,1
MAT-HVAC-001,风机(轴流/离心/混流),216,通风空调设备 > 通风设备 > 通风机,auto,7,0.0,0%,EQUIPMENT_COMPLETE,216,1
MAT-HVAC-002,镀锌钢板风管,1095,黑色及有色金属 > 建筑钢材 > 钢板,auto,5,0.05,5%,STEEL_STRUCTURAL,1615,1
MAT-HVAC-003,风口(散流器/百叶),80,通风空调设备 > 空调末端设备 > 风口,auto,6,0.0,0%,EQUIPMENT_COMPLETE,,0
MAT-HVAC-004,风阀(调节阀/止回阀/防火阀),1264,阀门 > 调节阀类 > 调节阀,auto,5,0.01,1%,VALVE,1264|82,2
MAT-HVAC-005,空调机组(新风/组合式),1588,通风空调设备 > 空调设备 > 分散式空调系统（空调器）,auto,9,0.0,0%,EQUIPMENT_COMPLETE,177,1
MAT-HVAC-006,消声器/静压箱,1618,通风空调设备 > 风管及风管部件 > 消声器,auto,5,0.138,13.8%,DUCT,1618,1
MAT-INS-001,绝热用挤塑聚苯乙烯泡沫塑料(XPS),,,manual,2,0.03,3.0,,1191,1
MAT-INS-002,绝热用模塑聚苯乙烯泡沫塑料(EPS),,,manual,2,0.03,3.0,,1190,1
MAT-INS-003,岩棉板 120kg/m³,37,绝热（保温）、耐火材料 > 保温绝热材料 > 岩棉及其制品,auto,5,0.05,5%,INSULATION_BOARD,37|43,2
MAT-INS-004,石墨聚苯板 SEPS B1级,1190,绝热（保温）、耐火材料 > 保温绝热材料 > 模塑聚苯乙烯泡沫塑料（EPS）制品,auto,5,0.05,5%,INSULATION_BOARD,1190|1400,2
MAT-INS-005,无机纤维粒状棉,,,manual,2,0.03,3.0,,222,1
MAT-INS-006,挤塑聚苯板 XPS 50mm,1190,绝热（保温）、耐火材料 > 保温绝热材料 > 模塑聚苯乙烯泡沫塑料（EPS）制品,auto,4,0.05,5%,INSULATION_BOARD,1191,1
MAT-INSU-001,岩棉管壳/板,37,绝热（保温）、耐火材料 > 保温绝热材料 > 岩棉及其制品,auto,5,0.05,5%,INSULATION_BOARD,37,1
MAT-INSU-002,橡塑海绵管/板,1193,绝热（保温）、耐火材料 > 保温绝热材料 > 柔性泡沫橡塑制品,auto,7,0.05,5%,INSULATION_BOARD,,0
MAT-INSU-003,玻璃棉管壳/板,1186,绝热（保温）、耐火材料 > 保温绝热材料 > 玻璃棉及其制品,auto,13,0.05,5%,INSULATION_BOARD,1186,1
MAT-INSU-004,保温钉/铝箔胶带/粘结剂,,,manual,2,0.03,3.0,,164|169,2
MAT-LIGH-001,LED灯具(平板/筒灯/吸顶),1294,灯具、光源 > 室内照明 > 筒灯,auto,5,0.01,1%,LAMP,1289|211,2
MAT-LIGH-002,应急照明灯具,,,manual,1,0,0.0,,237,1
MAT-LIGH-003,开关/插座,1314,开关、插座 > 开关插座 > 调光面板开关,auto,4,0.02,2%,ELECTRICAL_ACCESSORY,,0
MAT-LIGH-004,照明配电箱(户内),63,电气设备及附件 > 配电设备 > 配电箱,auto,5,0.0,0%,EQUIPMENT_COMPLETE,63,1
MAT-MET-001,金属花饰栏杆(成品),74,装饰线条、装饰件、栏杆、扶手及其他 > 装饰栏杆及扶手 > 栏杆、栏板,auto,4,0.01,1%,DOOR_WINDOW,74,1
MAT-MET-002,铁艺围栏,,,manual,1,0.03,3.0,,182,1
MAT-MET-003,金属屋面板,22,水泥、砖瓦灰砂石及混凝土制品 > 混凝土制品 > 钢筋混凝土预制构件（非装配式）,auto,4,0.02,2%,CONCRETE_PRODUCTS,52,1
MAT-MET-004,自承式楼承板,,,manual,0,0.03,3.0,,,0
MAT-MET-005,桁架格栅,181,橡胶、塑料及非金属材料 > 其他非金属材料 > 土工材料,auto,4,0.03,3%,METAL_GENERAL,1460,1
MAT-MOR-001,干混砌筑砂浆 DM M10,,,manual,1,0.02,2.0,,,0
MAT-MOR-002,干混抹灰砂浆 DP M10,,,manual,1,0.02,2.0,,,0
MAT-MOR-003,干混地面砂浆 DS M20,,,manual,1,0.02,2.0,,,0
MAT-MOR-004,界面剂/墙固,134,油品、化工原料及胶粘材料 > 胶粘材料 > 胶粘剂,auto,4,0.05,5%,SEALING_STOP_WATER,1118|1179,2
MAT-MOR-005,干混抹面砂浆,,,manual,1,0.02,2.0,,1118,1
MAT-MOR-006,砌块砌筑粘结剂,17,水泥、砖瓦灰砂石及混凝土制品 > 砌砖、砌块 > 砌块,auto,5,0.04,4%,BLOCK,,0
MAT-MOR-007,防腐砂浆,,,manual,2,0.02,2.0,,1118,1
MAT-MOR-008,聚合物水泥砂浆,20,水泥、砖瓦灰砂石及混凝土制品 > 水泥 > 水泥,auto,5,0.02,2%,CEMENT,1118,1
MAT-MSH-001,耐碱玻纤网格布 160g/m²,,,manual,1,0.03,3.0,,1155,1
MAT-OTH-001,电闸箱,,,manual,0,0,0.0,,,0
MAT-OTH-002,陶瓷活动地板,1433,墙砖、地砖、地板、地毯类材料 > 陶瓷砖（板） > 瓷砖,auto,4,0.04,4%,TILE,,0
MAT-OTH-003,广角镜,,,manual,0,0,0.0,,1734,1
MAT-OTH-004,旗帜风动系统,,,manual,0,0,0.0,,,0
MAT-PAI-001,内墙乳胶漆 白色,53,涂料及防腐、防水材料 > 涂料 > 建筑涂料,auto,6,0.05,5%,PAINT_COATING,53,1
MAT-PAI-002,外墙乳胶漆,53,涂料及防腐、防水材料 > 涂料 > 建筑涂料,auto,8,0.05,5%,PAINT_COATING,53,1
MAT-PAI-003,真石漆,53,涂料及防腐、防水材料 > 涂料 > 建筑涂料,auto,4,0.05,5%,PAINT_COATING,53,1
MAT-PAI-004,氟碳漆(金属面),,,manual,1,0.05,5.0,,1180,1
MAT-PIPE-001,无缝钢管 20#,1233,管材 > 金属管材 > 无缝钢管,auto,6,0.02,2%,PIPE_METAL,,0
MAT-PIPE-002,镀锌钢管 DN15~DN150,1231,管材 > 金属管材 > 镀锌钢管,auto,5,0.02,2%,PIPE_METAL,,0
MAT-PIPE-003,塑料管 PPR/UPVC,28,管材 > 塑料管材 > 塑料管,auto,7,0.03,3%,PIPE_PLASTIC,28,1
MAT-PIPE-004,铸铁排水管,,,manual,2,0.02,2.0,,121,1
MAT-PIPE-005,不锈钢管,1232,管材 > 金属管材 > 不锈钢管,auto,5,0.02,2%,PIPE_METAL,,0
MAT-PIPE-006,铜管,1239,管材 > 金属管材 > 铜管、铜合金管,auto,4,0.02,2%,PIPE_METAL,1239,1
MAT-PLUM-001,陶瓷洗脸盆(立柱/台上),1433,墙砖、地砖、地板、地毯类材料 > 陶瓷砖（板） > 瓷砖,auto,4,0.04,4%,TILE,1545,1
MAT-PLUM-002,坐便器/蹲便器,1547,洁具及燃气器具 > 卫浴洁具 > 蹲便器,auto,5,0.01,1%,SANITARY_FIXTURE,1549,1
MAT-PLUM-003,小便器(挂式/落地),1549,洁具及燃气器具 > 卫浴洁具 > 小便器,auto,6,0.01,1%,SANITARY_FIXTURE,1549,1
MAT-PLUM-004,淋浴器(手持/花洒),1550,洁具及燃气器具 > 卫浴洁具 > 淋浴间（房）、淋浴屏,auto,3,0.01,1%,SANITARY_FIXTURE,36,1
MAT-PLUM-005,地漏/存水弯,,,manual,0,0,0.0,,36,1
MAT-PLUM-006,水龙头/角阀,,,manual,1,0,0.0,,1549,1
MAT-PLUM-007,卫生洁具配件(下水/软管),,,manual,1,0,0.0,,36,1
MAT-PNT-001,环氧富锌底漆,1180,涂料及防腐、防水材料 > 油漆 > 通用油漆,auto,4,0.05,5%,PAINT_COATING,1177,1
MAT-PNT-002,过氯乙烯防腐漆,,,manual,2,0.05,5.0,,1177,1
MAT-PRE-001,预制钢筋混凝土方桩,15,黑色及有色金属 > 建筑钢材 > 钢筋,auto,5,0.025,2.5%,STEEL_REBAR,,0
MAT-PRE-002,化学锚栓 M12x160,,,manual,0,0.03,3.0,,1158|164,2
MAT-PRE-003,预埋铁脚（镀锌）,,,manual,1,0.03,3.0,,,0
MAT-PUT-001,内墙耐水腻子,,,manual,2,0.05,5.0,,1119|1179|53,3
MAT-PUT-002,外墙柔性腻子,53,涂料及防腐、防水材料 > 涂料 > 建筑涂料,auto,4,0.05,5%,PAINT_COATING,1179,1
MAT-ROF-001,彩色混凝土瓦,16,砼、砂浆及其他配合比材料 > 预拌混凝土 > 普通混凝土,auto,4,0.01,1%,CONCRETE_READY_MIXED,21,1
MAT-ROF-002,小青瓦(粘土),,,manual,0,0.05,5.0,,1714,1
MAT-ROF-003,沥青瓦,1183,涂料及防腐、防水材料 > 防腐材料 > 沥青,auto,5,0.03,3%,ROAD_BRIDGE,,0
MAT-ROF-004,S形瓦(陶瓷),1433,墙砖、地砖、地板、地毯类材料 > 陶瓷砖（板） > 瓷砖,auto,4,0.04,4%,TILE,1714,1
MAT-ROF-005,陶瓷锦砖(马赛克),1435,墙砖、地砖、地板、地毯类材料 > 陶瓷砖（板） > 马赛克,auto,5,0.04,4%,TILE,1433|1435,2
MAT-ROF-006,植草砖,,,manual,1,0.05,5.0,,1730,1
MAT-ROF-007,广场砖,1730,道路桥梁专用材料 > 路面材料 > 路面砖、广场砖,auto,8,0.03,3%,BRICK,1433|1730,2
MAT-ROF-008,黏土脊瓦,,,manual,0,0.05,5.0,,1714,1
MAT-ROF-009,S形脊瓦,,,manual,0,0.05,5.0,,1710,1
MAT-ROF-010,瓷质波形瓦脊瓦,,,manual,1,0.05,5.0,,,0
MAT-SDR-001,装饰门扇(成品),,,manual,1,0.01,1.0,,,0
MAT-SDR-002,冷藏库门,,,manual,0,0.01,1.0,,156,1
MAT-SDR-003,人防砼密闭门,,,manual,1,0.01,1.0,,78,1
MAT-SDR-004,变电室门,,,manual,1,0.01,1.0,,102,1
MAT-SEA-001,硅酮耐候密封胶,134,油品、化工原料及胶粘材料 > 胶粘材料 > 胶粘剂,auto,4,0.05,5%,SEALING_STOP_WATER,134,1
MAT-SEA-002,改性沥青嵌缝油膏,1183,涂料及防腐、防水材料 > 防腐材料 > 沥青,auto,5,0.03,3%,ROAD_BRIDGE,1175|1176,2
MAT-SEA-003,SBS弹性沥青防水胶,232,涂料及防腐、防水材料 > 防水材料 > 防水涂料,auto,7,0.05,5%,WATERPROOF_COATING,1176,1
MAT-SEA-004,聚氨酯发泡剂 750ml,134,油品、化工原料及胶粘材料 > 胶粘材料 > 胶粘剂,auto,3,0.05,5%,SEALING_STOP_WATER,134|1541,2
MAT-SGN-001,钛金字(标识),,,manual,1,0.03,3.0,,145,1
MAT-STE-001,热轧带肋钢筋 HRB400E,15,黑色及有色金属 > 建筑钢材 > 钢筋,auto,5,0.025,2.5%,STEEL_REBAR,,0
MAT-STE-002,热轧光圆钢筋 HPB300,15,黑色及有色金属 > 建筑钢材 > 钢筋,auto,5,0.025,2.5%,STEEL_REBAR,,0
MAT-STE-003,热轧H型钢 Q355B,1092,黑色及有色金属 > 建筑钢材 > H型钢,auto,5,0.05,5%,STEEL_STRUCTURAL,,0
MAT-STE-004,热轧槽钢 Q235B,,,manual,0,0.03,3.0,,1090|1097,2
MAT-STE-005,热轧等边角钢 Q235B,1091,黑色及有色金属 > 建筑钢材 > 角钢,auto,5,0.05,5%,STEEL_STRUCTURAL,1091,1
MAT-STE-006,钢板 Q235B,1095,黑色及有色金属 > 建筑钢材 > 钢板,auto,5,0.05,5%,STEEL_STRUCTURAL,1095,1
MAT-STE-007,焊接钢管(直缝) Q235B,27,管材 > 金属管材 > 焊接钢管,auto,6,0.02,2%,PIPE_METAL,,0
MAT-STE-008,高强螺栓 10.9级,,,manual,1,0.03,3.0,,164,1
MAT-STE-009,焊接球节点,,,manual,1,0.03,3.0,,,0
MAT-STE-010,无缝钢管 Q355B,1233,管材 > 金属管材 > 无缝钢管,auto,6,0.02,2%,PIPE_METAL,,0
MAT-STE-011,热轧等边角钢 Q235B,1091,黑色及有色金属 > 建筑钢材 > 角钢,auto,5,0.05,5%,STEEL_STRUCTURAL,1091,1
MAT-STE-012,压型钢板 YX51-760,1095,黑色及有色金属 > 建筑钢材 > 钢板,auto,9,0.05,5%,STEEL_STRUCTURAL,,0
MAT-STE-013,不锈钢管 304  phi50,1232,管材 > 金属管材 > 不锈钢管,auto,5,0.02,2%,PIPE_METAL,1529,1
MAT-STEL-001,等边角钢 Q235B,1091,黑色及有色金属 > 建筑钢材 > 角钢,auto,5,0.05,5%,STEEL_STRUCTURAL,1091,1
MAT-STEL-002,槽钢 Q235B,,,manual,0,0.03,3.0,,1090|1097,2
MAT-STEL-003,工字钢 Q235B,1089,黑色及有色金属 > 建筑钢材 > 工字钢,auto,5,0.05,5%,STEEL_STRUCTURAL,,0
MAT-STEL-004,热镀锌钢板/扁钢,1086,黑色及有色金属 > 建筑钢材 > 扁钢,auto,5,0.05,5%,STEEL_STRUCTURAL,1086|1095,2
MAT-STEL-005,电缆桥架(钢制/镀锌),147,电气线路敷设材料 > 电缆桥架 > 电缆桥架,auto,5,0.01,1%,POWER_CABLE,147,1
MAT-STEL-006,通丝吊杆/吊架,,,manual,0,0.03,3.0,,,0
MAT-STN-001,方整石(料石),,,manual,0,0.03,3.0,,1126,1
MAT-STN-002,凹凸假麻石块,1450,装饰石材及石材制品 > 天然石材 > 麻石,auto,5,0.02,2%,STONE_FINISH,1449,1
MAT-STN-003,凹凸麻石块,1450,装饰石材及石材制品 > 天然石材 > 麻石,auto,5,0.02,2%,STONE_FINISH,1449,1
MAT-STN-004,石质缘石,1729,道路桥梁专用材料 > 路面材料 > 路面天然石构件,auto,4,0.03,3%,SAND_STONE,1729,1
MAT-STO-001,毛石（块石） MU30,1126,水泥、砖瓦灰砂石及混凝土制品 > 砂石、粉、灰、土 > 石料,auto,4,0.03,3%,SAND_STONE,1125|1126,2
MAT-STO-002,花岗岩板 20mm,1447,装饰石材及石材制品 > 天然石材 > 花岗石板,auto,5,0.02,2%,STONE_FINISH,135,1
MAT-STO-003,花岗岩板(墙面用) 25mm,1447,装饰石材及石材制品 > 天然石材 > 花岗石板,auto,5,0.02,2%,STONE_FINISH,,0
MAT-SVC-001,电气调整试验(服务),,,manual,1,0,0.0,,,0
MAT-SVC-002,无损检验(服务),,,manual,1,0,0.0,,,0
MAT-SVC-003,采暖空调水系统调试(服务),1588,通风空调设备 > 空调设备 > 分散式空调系统（空调器）,auto,5,0.0,0%,EQUIPMENT_COMPLETE,,0
MAT-SVC-004,锅炉系统调试与性能试验(服务),1586,水暖器材及热水、采暖锅炉设备 > 锅炉设备 > 锅炉,auto,5,0.0,0%,EQUIPMENT_COMPLETE,,0
MAT-TIL-001,全瓷抛光砖 600×600mm,,,manual,1,0.03,3.0,,1433,1
MAT-TIL-002,防滑地砖 300×300mm,1433,墙砖、地砖、地板、地毯类材料 > 陶瓷砖（板） > 瓷砖,auto,4,0.04,4%,TILE,,0
MAT-TIL-003,釉面内墙砖 300×600mm,1433,墙砖、地砖、地板、地毯类材料 > 陶瓷砖（板） > 瓷砖,auto,5,0.04,4%,TILE,1433,1
MAT-TIL-004,墙面砖 300x600,,,manual,1,0.03,3.0,,1433|1713,2
MAT-TIL-005,耐酸砖(面层用) 230×113×65,,,manual,1,0.03,3.0,,1184,1
MAT-TIL-006,防滑地砖 800x800,1433,墙砖、地砖、地板、地毯类材料 > 陶瓷砖（板） > 瓷砖,auto,4,0.04,4%,TILE,1713,1
MAT-TRM-001,木装饰线条,207,装饰线条、装饰件、栏杆、扶手及其他 > 装饰线条 > 其他装饰线条,auto,8,0.03,3%,DECOR_LINE,,0
MAT-TRM-002,瓷腰线砖,,,manual,0,0.03,3.0,,,0
MAT-TRN-001,木胶合板模板 1830×915×15mm,1407,木、竹材料及其制品 > 木材及其制品 > 胶合板,auto,5,0.06,6%,WOOD_BOARD,1160,1
MAT-TRN-002,钢管脚手架 Φ48×3.5mm,,,manual,0,0.05,5.0,,,0
MAT-TRN-003,组合钢模板,1160,周转材料及工器具 > 模板及附件 > 模板及其附件,auto,3,0.05,5.0,NA_TURNOVER_TOOL,1160,1
MAT-TRN-004,铝合金模板,,,manual,2,0.05,5.0,,1160,1
MAT-TUBE-001,仪表管(不锈钢/铜),,,manual,1,0.02,2.0,,1239,1
MAT-TUBE-002,仪表阀门/三阀组,122,工程检测仪器仪表 > 其他仪器仪表及附件 > 仪器仪表元器件及器材,auto,8,0.0,0%,EQUIPMENT_COMPLETE,122,1
MAT-UTL-001,施工用水,,,manual,0,0,0.0,,196,1
MAT-VALV-001,闸阀(铸铁/铸钢),1257,阀门 > 截断阀类 > 闸阀,auto,5,0.01,1%,VALVE,,0
MAT-VALV-002,蝶阀(对夹/法兰),1259,阀门 > 截断阀类 > 蝶阀,auto,5,0.01,1%,VALVE,1259,1
MAT-VALV-003,截止阀,25,阀门 > 截断阀类 > 截止阀,auto,5,0.01,1%,VALVE,,0
MAT-VALV-004,止回阀,1269,阀门 > 止回阀类 > 止回阀,auto,5,0.01,1%,VALVE,,0
MAT-VALV-005,球阀,1258,阀门 > 截断阀类 > 球阀,auto,5,0.01,1%,VALVE,,0
MAT-VALV-006,安全阀,1272,阀门 > 安全阀类 > 安全阀,auto,5,0.01,1%,VALVE,,0
MAT-VALV-007,调节阀,1264,阀门 > 调节阀类 > 调节阀,auto,5,0.01,1%,VALVE,1264,1
MAT-VALV-008,减压阀,1265,阀门 > 调节阀类 > 减压阀,auto,5,0.01,1%,VALVE,,0
MAT-WAL-001,轻质隔墙板（GRC）,52,墙面、天棚及屋面饰面材料 > 轻质复合板 > 轻质复合板,auto,4,0.05,5%,BOARD_CEILING,52,1
MAT-WAL-002,壁纸(无纺布),128,墙面、天棚及屋面饰面材料 > 壁纸、壁布 > 壁纸,auto,5,0.05,5%,BOARD_CEILING,128,1
MAT-WAP-001,SBS改性沥青防水卷材 3mm,223,涂料及防腐、防水材料 > 防水材料 > 防水卷材,auto,11,0.12,12%,WATERPROOF_ROLL,,0
MAT-WAP-002,SBS改性沥青防水卷材 4mm,223,涂料及防腐、防水材料 > 防水材料 > 防水卷材,auto,11,0.12,12%,WATERPROOF_ROLL,,0
MAT-WAP-003,聚氨酯防水涂料（双组分）,232,涂料及防腐、防水材料 > 防水材料 > 防水涂料,auto,11,0.05,5%,WATERPROOF_COATING,232,1
MAT-WAP-004,水泥基渗透结晶型防水涂料,232,涂料及防腐、防水材料 > 防水材料 > 防水涂料,auto,12,0.05,5%,WATERPROOF_COATING,,0
MAT-WAP-005,JS聚合物水泥防水涂料,232,涂料及防腐、防水材料 > 防水材料 > 防水涂料,auto,14,0.05,5%,WATERPROOF_COATING,,0
MAT-WAP-006,自粘聚合物改性沥青防水卷材,223,涂料及防腐、防水材料 > 防水材料 > 防水卷材,auto,12,0.12,12%,WATERPROOF_ROLL,,0
MAT-WAP-007,橡胶止水带 300×8mm,1218,消防器材 > 喷水灭火产品 > 软管卷盘、水龙带及接口,auto,5,0.01,1%,FIRE_EQUIPMENT,231,1
MAT-WAP-008,聚氯乙烯防水卷材(PVC),223,涂料及防腐、防水材料 > 防水材料 > 防水卷材,auto,11,0.12,12%,WATERPROOF_ROLL,,0
MAT-WAP-009,冷底子油,,,manual,1,0.05,5.0,,1183,1
MAT-WAP-010,屋面瓦(水泥彩瓦),20,水泥、砖瓦灰砂石及混凝土制品 > 水泥 > 水泥,auto,5,0.02,2%,CEMENT,21,1
MAT-WMS-001,热镀锌钢丝网 Φ0.8@20×20,1081,黑色及有色金属 > 建筑钢材 > 钢丝,auto,5,0.03,3%,STEEL_PRESTRESS,1155,1
MAT-WOD-001,木格栅(装饰),181,橡胶、塑料及非金属材料 > 其他非金属材料 > 土工材料,auto,4,0.03,3%,METAL_GENERAL,,0
MAT-WOO-001,规格材（工程用材）,143,木、竹材料及其制品 > 木材及其制品 > 原木,auto,4,0.18,18%,WOOD_RAW,143,1
MAT-WOO-002,方木(屋架用),,,manual,0,0.05,5.0,,143,1
MAT-WOO-003,细木工板 18mm,1410,木、竹材料及其制品 > 木材及其制品 > 细木工板,auto,9,0.06,6%,WOOD_BOARD,,0
MAT-WOO-004,木窗(成品),152,门窗及楼梯制品 > 普通门窗 > 木门窗,auto,4,0.01,1%,DOOR_WINDOW,152,1
MAT-BRD-002,铝合金扣板 600×600,46,墙面、天棚及屋面饰面材料 > 金属装饰板 > 铝装饰板,manual,90,0.03,3.0,,46,1
