section_code,boq_code,boq_name,step,process_name,description,main_material_types,aux_material_types,is_main,notes
011101,011101001,水泥砂浆楼地面,1,基层清理,清除楼地面浮灰/杂物/油污/提前湿润基层,,水,false,措施工序
011101,011101001,水泥砂浆楼地面,2,找平层施工,水泥砂浆或细石混凝土找平/控制标高和平整度,"预拌砂浆(找平用),细石混凝土(找平用)","界面剂",true,厚度按项目特征取值
011101,011101001,水泥砂浆楼地面,3,面层施工,铺水泥砂浆面层/压实抹光/压光收面,"预拌砂浆(面层用)","界面剂,耐磨骨料(条件触发)",true,配合比/厚度按项目特征取值
011101,011101001,水泥砂浆楼地面,4,养护,洒水养护或覆膜养护/防止开裂起砂,"养护剂(可选)","水,养护膜",false,辅助工序
011101,011101002,细石混凝土楼地面,1,基层清理,清除楼地面浮灰/杂物/油污/提前湿润基层,,水,false,措施工序
011101,011101002,细石混凝土楼地面,2,找平层施工,水泥砂浆找平/控制标高,"预拌砂浆(找平用)","界面剂",true,有找平层时执行
011101,011101002,细石混凝土楼地面,3,面层施工,浇筑细石混凝土面层/振捣/抹平/压光,"预拌混凝土(细石)","界面剂,钢筋网片(条件触发)",true,强度等级/厚度按项目特征取值
011101,011101002,细石混凝土楼地面,4,养护,洒水养护或覆膜养护/防止开裂,"养护剂(可选)","水,养护膜",false,辅助工序
011101,011101003,自流平楼地面,1,基层清理,清除浮灰/打磨基层/吸尘/修补裂缝,"修补砂浆(条件触发)","水",false,基层处理是自流平质量关键
011101,011101003,自流平楼地面,2,界面剂涂刷,涂刷界面剂/封闭基层/增强粘结,"界面剂","底涂",true,遍数按产品要求
011101,011101003,自流平楼地面,3,自流平面层,搅拌自流平砂浆/镘涂/消泡/自流平,"自流平砂浆","消泡滚筒",true,厚度按项目特征/产品要求
011101,011101003,自流平楼地面,4,养护,自然养护/控制通风/防止过快干燥,,,false,辅助工序
011101,011101004,耐磨楼地面,1,基层清理,清除浮灰/杂物/油污/湿润基层,,水,false,措施工序
011101,011101004,耐磨楼地面,2,找平层施工,水泥砂浆或细石混凝土找平,"预拌砂浆(找平用),细石混凝土(找平用)","界面剂",true,厚度按项目特征
011101,011101004,耐磨楼地面,3,面层施工,浇筑细石混凝土或砂浆面层/撒耐磨骨料/抹光,"预拌混凝土(细石),预拌砂浆(面层用)","耐磨骨料,界面剂,钢筋网片(条件触发)",true,强度/厚度按项目特征
011101,011101004,耐磨楼地面,4,养护,洒水养护或覆膜养护/防止开裂起砂,"养护剂(可选)","水,养护膜",false,辅助工序
011101,011101006,平面砂浆找平层,1,基层清理,清除浮灰/杂物/油污/湿润基层,,水,false,措施工序
011101,011101006,平面砂浆找平层,2,界面处理,涂刷界面剂或凿毛处理,"界面剂",,true,条件触发：基层光滑时
011101,011101006,平面砂浆找平层,3,找平层施工,铺水泥砂浆/刮平/压实/抹平,"预拌砂浆(找平用)","界面剂",true,配合比/厚度按项目特征
011101,011101006,平面砂浆找平层,4,养护,洒水养护/防止开裂起砂,"养护剂(可选)","水",false,辅助工序
011102,011102001,石材楼地面,1,基层清理,清除基层浮灰/杂物/油污/湿润基层,,水,false,措施工序
011102,011102001,石材楼地面,2,找平层施工,水泥砂浆找平找坡/控制标高和平整度,"预拌砂浆(找平用)","界面剂",true,厚度/配合比按项目特征
011102,011102001,石材楼地面,3,结合层+铺贴,铺水泥砂浆结合层/试排/铺贴石材/敲实/调平,"预拌砂浆(结合层),石材(面层)","界面剂,石材粘结剂(条件触发)",true,结合层厚度/配合比按项目特征
011102,011102001,石材楼地面,4,勾缝,清理缝隙/调配勾缝材料/嵌缝/擦缝/清理表面,"白水泥,专用勾缝剂,云石胶(条件触发)",,false,缝宽/颜色按设计要求
011102,011102001,石材楼地面,5,养护与防护,洒水养护/结晶硬化处理/涂刷防护剂,"防护剂(条件触发),养护剂(可选)","水,保护膜",false,防护处理条件触发：天然石材
011102,011102002,拼碎石材楼地面,1,基层清理,清除基层浮灰/杂物/油污/湿润基层,,水,false,措施工序
011102,011102002,拼碎石材楼地面,2,找平层施工,水泥砂浆找平找坡/控制标高,"预拌砂浆(找平用)","界面剂",true,厚度/配合比按项目特征
011102,011102002,拼碎石材楼地面,3,结合层+铺贴,铺水泥砂浆结合层/拼碎石材排版铺贴/敲实/调平,"预拌砂浆(结合层),拼碎石材(面层)","界面剂,石材粘结剂(条件触发)",true,结合层厚度/拼花图案按设计
011102,011102002,拼碎石材楼地面,4,勾缝,清理缝隙/调配勾缝材料/嵌缝/擦缝,"白水泥,专用勾缝剂,云石胶(条件触发)",,false,缝宽/颜色按设计要求
011102,011102002,拼碎石材楼地面,5,养护与防护,洒水养护/结晶硬化处理/涂刷防护剂,"防护剂(条件触发),养护剂(可选)","水,保护膜",false,防护处理条件触发：天然石材
011102,011102003,块料楼地面,1,基层清理,清除基层浮灰/杂物/油污/湿润基层,,水,false,措施工序
011102,011102003,块料楼地面,2,找平层施工,水泥砂浆找平找坡/控制标高和平整度,"预拌砂浆(找平用)","界面剂",true,厚度/配合比按项目特征
011102,011102003,块料楼地面,3,结合层+铺贴,铺干硬性水泥砂浆结合层/预铺排版/铺贴块料/敲实/调平,"预拌砂浆(结合层),块料(面层)","界面剂,瓷砖胶(条件触发),十字卡(条件触发)",true,块料品种/规格/结合层厚度按项目特征
011102,011102003,块料楼地面,4,勾缝,清理缝隙/调配勾缝剂/嵌缝/擦缝/清理表面,"白水泥,专用填缝剂,美缝剂(条件触发)",,false,缝宽/颜色按设计要求
011102,011102003,块料楼地面,5,养护与保护,洒水养护/成品保护/清理表面,"养护剂(可选)","水,保护膜,地面保护垫",false,成品保护条件触发：后续有装修工序
011103,011103001,橡塑板楼地面,1,基层清理,清除浮灰/杂物/油污/打磨平整/吸尘,"修补砂浆(条件触发)","水",false,基层平整度要求高
011103,011103001,橡塑板楼地面,2,找平层施工,水泥砂浆或自流平找平/控制平整度,"预拌砂浆(找平用),自流平找平层","界面剂",true,基层平整度不满足时执行
011103,011103001,橡塑板楼地面,3,粘结层+铺贴,涂刷胶粘剂/预铺/粘贴橡塑板/滚压排气/切割修边,"橡塑板(面层)","胶粘剂,焊条(条件触发)",true,胶粘剂按橡塑板配套选用
011103,011103001,橡塑板楼地面,4,接缝处理,接缝焊接或冷焊/清理接缝,"焊条(条件触发)","冷焊液(条件触发)",false,焊缝用于卷材/冷焊用于片材
011103,011103002,橡塑卷材楼地面,1,基层清理,清除浮灰/杂物/油污/打磨平整/吸尘,"修补砂浆(条件触发)","水",false,基层平整度要求高
011103,011103002,橡塑卷材楼地面,2,找平层施工,水泥砂浆或自流平找平/控制平整度,"预拌砂浆(找平用),自流平找平层","界面剂",true,基层平整度不满足时执行
011103,011103002,橡塑卷材楼地面,3,粘结层+铺贴,涂刷胶粘剂/展卷/粘贴橡塑卷材/滚压排气/切割修边,"橡塑卷材(面层)","胶粘剂",true,胶粘剂按橡塑卷材配套选用
011103,011103002,橡塑卷材楼地面,4,接缝焊接,开槽/热风焊接/修平焊缝,"焊条",,true,卷材接缝必须焊接
011104,011104002,竹/木地板,1,基层清理,清除浮灰/杂物/检查基层含水率,,,false,含水率不达标需干燥处理
011104,011104002,竹/木地板,2,防潮层施工,铺设防潮膜或涂刷防潮涂料,"防潮膜,防潮涂料",,true,楼面(非底层)条件触发
011104,011104002,竹/木地板,3,龙骨/找平层,铺设木龙骨或水泥砂浆找平/控制标高和平整度,"木龙骨(条件触发),预拌砂浆(找平用)(条件触发)","垫片,防潮垫",true,龙骨或找平按设计要求
011104,011104002,竹/木地板,4,面层铺装,铺装竹/木地板/切割/钉固或悬浮铺装,"竹地板(面层),木地板(面层),复合地板(面层)","地板钉,地板胶(条件触发),踢脚线",true,铺装方式按产品要求
011104,011104002,竹/木地板,5,收边收口,安装踢脚线/收边条/过门条,"踢脚线,收边条,过门条",,false,辅助工序
011105,011105001,水泥砂浆踢脚线,1,基层清理,清除基层浮灰/杂物/湿润,,水,false,措施工序
011105,011105001,水泥砂浆踢脚线,2,界面处理,涂刷界面剂或凿毛,"界面剂",,true,条件触发：基层光滑时
011105,011105001,水泥砂浆踢脚线,3,底层抹灰,水泥砂浆打底/控制厚度和平直度,"预拌砂浆(抹灰用)","界面剂",true,厚度/配合比按项目特征
011105,011105001,水泥砂浆踢脚线,4,面层施工,水泥砂浆面层/压实抹光,"预拌砂浆(面层用)",,true,高度/厚度按项目特征
011105,011105002,石材踢脚线,1,基层清理,清除基层浮灰/杂物/湿润基层,,水,false,措施工序
011105,011105002,石材踢脚线,2,结合层+铺贴,铺水泥砂浆结合层/粘贴石材踢脚线/调平,"预拌砂浆(结合层),石材踢脚线(面层)","石材粘结剂(条件触发)",true,高度/厚度按项目特征
011105,011105002,石材踢脚线,3,勾缝,清理缝隙/调配勾缝材料/嵌缝/擦缝,"白水泥,专用勾缝剂,云石胶(条件触发)",,false,缝宽/颜色按设计要求
011105,011105003,块料踢脚线,1,基层清理,清除基层浮灰/杂物/湿润基层,,水,false,措施工序
011105,011105003,块料踢脚线,2,结合层+铺贴,铺水泥砂浆结合层/粘贴块料踢脚线/调平,"预拌砂浆(结合层),块料踢脚线(面层)","瓷砖胶(条件触发)",true,高度/规格按项目特征
011105,011105003,块料踢脚线,3,勾缝,清理缝隙/调配勾缝材料/嵌缝/擦缝,"白水泥,专用填缝剂,美缝剂(条件触发)",,false,缝宽/颜色按设计要求
011105,011105006,金属踢脚线,1,基层清理,清除基层浮灰/杂物,,,false,措施工序
011105,011105006,金属踢脚线,2,基层板安装,安装基层板或龙骨/控制平直度,"基层板(条件触发),龙骨(条件触发)","膨胀螺栓,自攻螺丝",true,按设计要求
011105,011105006,金属踢脚线,3,金属踢脚线安装,安装金属踢脚线/切割/拼接/固定,"金属踢脚线(面层)","固定卡扣,密封胶,收边条",true,高度/材质按项目特征
011106,011106001,水泥砂浆楼梯,1,基层清理,清除基层浮灰/杂物/湿润基层,,水,false,措施工序
011106,011106001,水泥砂浆楼梯,2,找平层施工,水泥砂浆找平/控制标高和踏步尺寸,"预拌砂浆(找平用)","界面剂",true,厚度/配合比按项目特征
011106,011106001,水泥砂浆楼梯,3,面层施工,铺水泥砂浆面层/压实抹光/踏步防滑条,"预拌砂浆(面层用)","界面剂,防滑条(条件触发)",true,配合比/厚度按项目特征
011106,011106001,水泥砂浆楼梯,4,养护,洒水养护/防止开裂起砂,"养护剂(可选)","水,养护膜",false,辅助工序
011106,011106002,石材楼梯,1,基层清理,清除基层浮灰/杂物/湿润基层,,水,false,措施工序
011106,011106002,石材楼梯,2,找平层施工,水泥砂浆找平/控制标高和踏步尺寸,"预拌砂浆(找平用)","界面剂",true,厚度/配合比按项目特征
011106,011106002,石材楼梯,3,结合层+铺贴,铺水泥砂浆结合层/粘贴石材/踏步防滑处理/调平,"预拌砂浆(结合层),石材(面层)","石材粘结剂(条件触发),防滑条(条件触发)",true,石材品种/规格按项目特征
011106,011106002,石材楼梯,4,勾缝,清理缝隙/调配勾缝材料/嵌缝/擦缝,"白水泥,专用勾缝剂,云石胶(条件触发)",,false,缝宽/颜色按设计要求
011106,011106002,石材楼梯,5,养护与防护,洒水养护/结晶硬化处理/涂刷防护剂,"防护剂(条件触发),养护剂(可选)","水,保护膜",false,防护处理条件触发：天然石材
011106,011106003,块料楼梯,1,基层清理,清除基层浮灰/杂物/湿润基层,,水,false,措施工序
011106,011106003,块料楼梯,2,找平层施工,水泥砂浆找平/控制标高和踏步尺寸,"预拌砂浆(找平用)","界面剂",true,厚度/配合比按项目特征
011106,011106003,块料楼梯,3,结合层+铺贴,铺水泥砂浆结合层/铺贴块料/踏步防滑处理/调平,"预拌砂浆(结合层),块料(面层)","瓷砖胶(条件触发),防滑条(条件触发)",true,块料品种/规格按项目特征
011106,011106003,块料楼梯,4,勾缝,清理缝隙/调配勾缝剂/嵌缝/擦缝,"白水泥,专用填缝剂,美缝剂(条件触发)",,false,缝宽/颜色按设计要求
011106,011106003,块料楼梯,5,养护与保护,洒水养护/成品保护,"养护剂(可选)","水,保护膜,地面保护垫",false,成品保护条件触发
011107,011107001,水泥砂浆台阶,1,基层清理,清除基层浮灰/杂物/湿润基层,,水,false,措施工序
011107,011107001,水泥砂浆台阶,2,找平层施工,水泥砂浆找平/控制标高和踏步尺寸,"预拌砂浆(找平用)","界面剂",true,厚度/配合比按项目特征
011107,011107001,水泥砂浆台阶,3,面层施工,铺水泥砂浆面层/压实抹光/踏步防滑条,"预拌砂浆(面层用)","界面剂,防滑条(条件触发)",true,配合比/厚度按项目特征
011107,011107001,水泥砂浆台阶,4,养护,洒水养护/防止开裂起砂,"养护剂(可选)","水,养护膜",false,辅助工序
011107,011107004,块料台阶,1,基层清理,清除基层浮灰/杂物/湿润基层,,水,false,措施工序
011107,011107004,块料台阶,2,找平层施工,水泥砂浆找平/控制标高和踏步尺寸,"预拌砂浆(找平用)","界面剂",true,厚度/配合比按项目特征
011107,011107004,块料台阶,3,结合层+铺贴,铺水泥砂浆结合层/铺贴块料/踏步防滑处理/调平,"预拌砂浆(结合层),块料(面层)","瓷砖胶(条件触发),防滑条(条件触发)",true,块料品种/规格按项目特征
011107,011107004,块料台阶,4,勾缝,清理缝隙/调配勾缝剂/嵌缝/擦缝,"白水泥,专用填缝剂,美缝剂(条件触发)",,false,缝宽/颜色按设计要求
011107,011107004,块料台阶,5,养护与保护,洒水养护/成品保护,"养护剂(可选)","水,保护膜",false,成品保护条件触发
011107,011107002,石材台阶,1,基层清理,清除基层浮灰/杂物/湿润基层,,水,false,措施工序
011107,011107002,石材台阶,2,找平层施工,水泥砂浆找平/控制标高和踏步尺寸,"预拌砂浆(找平用)","界面剂",true,厚度/配合比按项目特征
011107,011107002,石材台阶,3,结合层+铺贴,铺水泥砂浆结合层/粘贴石材/踏步防滑处理/调平,"预拌砂浆(结合层),石材(面层)","石材粘结剂(条件触发),防滑条(条件触发)",true,石材品种/规格按项目特征
011107,011107002,石材台阶,4,勾缝,清理缝隙/调配勾缝材料/嵌缝/擦缝,"白水泥,专用勾缝剂,云石胶(条件触发)",,false,缝宽/颜色按设计要求
011107,011107002,石材台阶,5,养护与防护,洒水养护/结晶硬化处理/涂刷防护剂,"防护剂(条件触发),养护剂(可选)","水,保护膜",false,防护处理条件触发：天然石材
