输入材料名,匹配状态,标准材料名,末级分类ID,末级分类名称,分类路径,匹配依据,候选数量
商砼,exact,普通混凝土,16,普通混凝土,砼、砂浆及其他配合比材料 > 预拌混凝土 > 普通混凝土,manual,1
商品混凝土,exact,普通混凝土,16,普通混凝土,砼、砂浆及其他配合比材料 > 预拌混凝土 > 普通混凝土,manual,1
预拌砼,exact,普通混凝土,16,普通混凝土,砼、砂浆及其他配合比材料 > 预拌混凝土 > 普通混凝土,manual,1
三级盘螺,exact,三级盘螺,15,钢筋,黑色及有色金属 > 建筑钢材 > 钢筋,standard_name,1
四级螺纹钢,exact,四级螺纹钢,15,钢筋,黑色及有色金属 > 建筑钢材 > 钢筋,standard_name,1
绑扎丝,exact,镀锌铁丝,1156,铁丝,五金制品 > 其他五金 > 铁丝,manual,1
耐碱玻纤网格布,exact,耐碱网格布,1155,网、纱、布,五金制品 > 其他五金 > 网、纱、布,manual,1
木胶合板模板,exact,胶合板模板,1160,模板及其附件,周转材料及工器具 > 模板及附件 > 模板及其附件,manual,1
混凝土养护薄膜,exact,养护膜,130,塑料薄膜、布,橡胶、塑料及非金属材料 > 塑料材料及制品 > 塑料薄膜、布,manual,1
