末级分类ID,分类路径,材料名称,别称,来源,备注
16,砼、砂浆及其他配合比材料 > 预拌混凝土 > 普通混凝土,普通混凝土,商砼,manual,商品混凝土俗称
16,砼、砂浆及其他配合比材料 > 预拌混凝土 > 普通混凝土,普通混凝土,商品混凝土,manual,预拌混凝土常用说法
16,砼、砂浆及其他配合比材料 > 预拌混凝土 > 普通混凝土,普通混凝土,预拌砼,manual,预拌混凝土简称
1156,五金制品 > 其他五金 > 铁丝,镀锌铁丝,绑扎丝,manual,钢筋绑扎常用说法
1156,五金制品 > 其他五金 > 铁丝,镀锌铁丝,镀锌绑扎丝,manual,钢筋绑扎常用说法
1155,五金制品 > 其他五金 > 网、纱、布,耐碱网格布,耐碱玻纤网格布,manual,保温抗裂层常用说法
134,油品、化工原料及胶粘材料 > 胶粘材料 > 胶粘剂,粘接剂,专用粘接剂,manual,保温粘接剂常用说法
130,橡胶、塑料及非金属材料 > 塑料材料及制品 > 塑料薄膜、布,养护膜,混凝土养护薄膜,manual,混凝土养护常用说法
1160,周转材料及工器具 > 模板及附件 > 模板及其附件,胶合板模板,木胶合板模板,manual,模板工程常用说法
