规则ID,规则类型,适用对象,适用项目类型,适用专业,触发信号,需要识别字段,判断逻辑,AI动作,拆解深度,置信度规则,待确认字段,禁止动作,核验来源,启用状态
PT-HIGHRISE_RESIDENTIAL,项目类型,高层住宅,高层住宅,主体结构、砌筑工程、防水工程、保温工程、门窗工程、楼地面工程、墙柱面工程、天棚工程,居住建筑；剪力墙、框架剪力墙；地下室、标准层、屋面、公区、户内,建筑功能、结构形式、典型空间、品质定位、采购倾向,识别为高层住宅后，按其典型结构、空间和材料倾向约束拆解深度。,作为上下文约束,主体、砌筑、防水、保温可深拆；精装、消防、电梯只识别范围,用户显式选择为高；仅模型识别需结合清单章节和项目名称降级,门窗材质、防水厚度、保温厚度、甲供范围需要确认,不得仅凭项目类型默认材料规格、档次或采购责任,K01项目类型库；业务范围确认,是
PT-COMMODITY_HOUSING,项目类型,普通商品房,普通商品房,主体结构、砌筑工程、防水工程、保温工程、门窗工程、楼地面工程、墙柱面工程,居住建筑；剪力墙、框架剪力墙、框架；地下室、住宅户内、公共走道、屋面、外立面,建筑功能、结构形式、典型空间、品质定位、采购倾向,识别为普通商品房后，按其典型结构、空间和材料倾向约束拆解深度。,作为上下文约束,土建与普通装饰可中深度拆解,用户显式选择为高；仅模型识别需结合清单章节和项目名称降级,交付标准和精装范围差异大，不能默认推断复杂主材,不得仅凭项目类型默认材料规格、档次或采购责任,K01项目类型库；业务范围确认,是
PT-AFFORDABLE_HOUSING,项目类型,回迁安置房 / 保障房,回迁安置房 / 保障房,主体结构、砌筑工程、防水工程、保温工程、门窗工程、墙柱面工程,保障性居住建筑；剪力墙、框架剪力墙；地下室、标准层、屋面、公区、户内,建筑功能、结构形式、典型空间、品质定位、采购倾向,识别为回迁安置房 / 保障房后，按其典型结构、空间和材料倾向约束拆解深度。,作为上下文约束,主体、砌筑、防水、保温可深拆；高档装饰不默认推断,用户显式选择为高；仅模型识别需结合清单章节和项目名称降级,不应按改善型商品房或豪宅材料档次默认推断,不得仅凭项目类型默认材料规格、档次或采购责任,K01项目类型库；业务范围确认,是
PT-LOWRISE_VILLA,项目类型,低层住宅 / 洋房,低层住宅 / 洋房,主体结构、砌筑工程、防水工程、保温工程、门窗工程、楼地面工程、墙柱面工程、天棚工程,低层居住建筑；框架、框架剪力墙、砌体结构；地下室、首层、标准层、坡屋面、庭院,建筑功能、结构形式、典型空间、品质定位、采购倾向,识别为低层住宅 / 洋房后，按其典型结构、空间和材料倾向约束拆解深度。,作为上下文约束,常规土建可深拆，复杂外立面需确认,用户显式选择为高；仅模型识别需结合清单章节和项目名称降级,坡屋面、外立面和门窗规格差异较大,不得仅凭项目类型默认材料规格、档次或采购责任,K01项目类型库；业务范围确认,是
PT-INDUSTRIAL_PLANT,项目类型,工业厂房,工业厂房,主体结构、防水工程、保温工程、门窗工程、楼地面工程、墙柱面工程,生产建筑；钢结构、排架、框架、门式刚架；生产区、仓储区、设备基础、屋面、外墙、办公辅房,建筑功能、结构形式、典型空间、品质定位、采购倾向,识别为工业厂房后，按其典型结构、空间和材料倾向约束拆解深度。,作为上下文约束,普通厂房土建可中度拆解，洁净和工艺系统只标记风险,用户显式选择为高；仅模型识别需结合清单章节和项目名称降级,洁净厂房、工艺设备基础、工业管线不能按普通厂房默认推断,不得仅凭项目类型默认材料规格、档次或采购责任,K01项目类型库；业务范围确认,是
PT-UNDERGROUND_GARAGE,项目类型,地下车库,地下车库,主体结构、防水工程、保温工程、楼地面工程、墙柱面工程、天棚工程,地下停车建筑；框架、框架剪力墙；车库区、坡道、设备用房、集水坑、顶板、外墙,建筑功能、结构形式、典型空间、品质定位、采购倾向,识别为地下车库后，按其典型结构、空间和材料倾向约束拆解深度。,作为上下文约束,主体、防水、地坪可深拆；消防通风只识别范围,用户显式选择为高；仅模型识别需结合清单章节和项目名称降级,抗渗等级、防水层数、地坪做法和专业分包范围需要确认,不得仅凭项目类型默认材料规格、档次或采购责任,K01项目类型库；业务范围确认,是
PF-BUILDING_TYPE,项目/清单特征,建筑类型,HIGHRISE_RESIDENTIAL、COMMODITY_HOUSING、AFFORDABLE_HOUSING、LOWRISE_VILLA、INDUSTRIAL_PLANT、UNDERGROUND_GARAGE,,住宅、厂房、地下车库、配套用房,建筑类型,影响项目类型识别和材料档次默认值,作为规格/粒度补充,影响材料规格、算量和置信度,缺失按场景降级,缺失时由项目名称和章节推断,不得在关键特征缺失时凭空补默认值,K02项目特征库；T3/N1参数字段,是
PF-STRUCTURE_TYPE,项目/清单特征,结构形式,HIGHRISE_RESIDENTIAL、COMMODITY_HOUSING、AFFORDABLE_HOUSING、LOWRISE_VILLA、INDUSTRIAL_PLANT、UNDERGROUND_GARAGE,,剪力墙、框架剪力墙、框架、钢结构、砌体结构,结构形式,影响主体结构材料族和钢筋/混凝土默认拆解深度,作为规格/粒度补充,影响材料规格、算量和置信度,缺失按场景降级,缺失时按项目类型提示确认,不得在关键特征缺失时凭空补默认值,K02项目特征库；T3/N1参数字段,是
PF-BUILDING_HEIGHT,项目/清单特征,建筑高度,HIGHRISE_RESIDENTIAL、COMMODITY_HOUSING、AFFORDABLE_HOUSING、LOWRISE_VILLA、INDUSTRIAL_PLANT、UNDERGROUND_GARAGE,,建筑高度,建筑高度,影响高层/低层判断和措施风险,作为规格/粒度补充,影响材料规格、算量和置信度,缺失按场景降级,缺失时不影响常规材料拆解,不得在关键特征缺失时凭空补默认值,K02项目特征库；T3/N1参数字段,是
PF-FLOOR_COUNT,项目/清单特征,建筑层数,HIGHRISE_RESIDENTIAL、COMMODITY_HOUSING、AFFORDABLE_HOUSING、LOWRISE_VILLA、INDUSTRIAL_PLANT、UNDERGROUND_GARAGE,,建筑层数,建筑层数,影响按楼栋/阶段拆分建议,作为规格/粒度补充,影响材料规格、算量和置信度,缺失按场景降级,缺失时不自动按楼层拆分,不得在关键特征缺失时凭空补默认值,K02项目特征库；T3/N1参数字段,是
PF-BASEMENT_FLOORS,项目/清单特征,地下层数,HIGHRISE_RESIDENTIAL、COMMODITY_HOUSING、AFFORDABLE_HOUSING、LOWRISE_VILLA、INDUSTRIAL_PLANT、UNDERGROUND_GARAGE,,地下层数,地下层数,影响地下防水、抗渗、车库场景判断,作为规格/粒度补充,影响材料规格、算量和置信度,缺失按场景降级,缺失时仅根据地下室/车库关键词判断,不得在关键特征缺失时凭空补默认值,K02项目特征库；T3/N1参数字段,是
PF-BUILDING_AREA,项目/清单特征,建筑面积,HIGHRISE_RESIDENTIAL、COMMODITY_HOUSING、AFFORDABLE_HOUSING、LOWRISE_VILLA、INDUSTRIAL_PLANT、UNDERGROUND_GARAGE,,建筑面积,建筑面积,影响综合指标校核,作为规格/粒度补充,影响材料规格、算量和置信度,缺失按场景降级,缺失时不做指标校核,不得在关键特征缺失时凭空补默认值,K02项目特征库；T3/N1参数字段,是
PF-DECORATION_STANDARD,项目/清单特征,装修标准,HIGHRISE_RESIDENTIAL、COMMODITY_HOUSING、AFFORDABLE_HOUSING、LOWRISE_VILLA、INDUSTRIAL_PLANT、UNDERGROUND_GARAGE,,毛坯、简装、精装、公区精装,装修标准,影响装饰材料是否深拆,作为规格/粒度补充,影响材料规格、算量和置信度,缺失按场景降级,缺失时复杂精装主材不自动推断,不得在关键特征缺失时凭空补默认值,K02项目特征库；T3/N1参数字段,是
PF-DELIVERY_STANDARD,项目/清单特征,交付标准,HIGHRISE_RESIDENTIAL、COMMODITY_HOUSING、AFFORDABLE_HOUSING、LOWRISE_VILLA、INDUSTRIAL_PLANT、UNDERGROUND_GARAGE,,毛坯交付、精装交付、公区精装,交付标准,影响户内/公区装饰范围,作为规格/粒度补充,影响材料规格、算量和置信度,缺失按场景降级,缺失时输出待确认,不得在关键特征缺失时凭空补默认值,K02项目特征库；T3/N1参数字段,是
PF-QUALITY_POSITIONING,项目/清单特征,品质定位,HIGHRISE_RESIDENTIAL、COMMODITY_HOUSING、AFFORDABLE_HOUSING、LOWRISE_VILLA、INDUSTRIAL_PLANT、UNDERGROUND_GARAGE,,经济型、标准型、改善型、功能型,品质定位,影响材料档次提示,作为规格/粒度补充,影响材料规格、算量和置信度,缺失按场景降级,缺失时不按高档材料默认推断,不得在关键特征缺失时凭空补默认值,K02项目特征库；T3/N1参数字段,是
PF-ENERGY_STANDARD,项目/清单特征,节能标准,HIGHRISE_RESIDENTIAL、COMMODITY_HOUSING、AFFORDABLE_HOUSING、LOWRISE_VILLA、INDUSTRIAL_PLANT、UNDERGROUND_GARAGE,,节能标准,节能标准,影响保温材料厚度和燃烧等级确认,作为规格/粒度补充,影响材料规格、算量和置信度,缺失按场景降级,缺失时保温厚度/等级需确认,不得在关键特征缺失时凭空补默认值,K02项目特征库；T3/N1参数字段,是
PF-GREEN_BUILDING_LEVEL,项目/清单特征,绿色建筑等级,HIGHRISE_RESIDENTIAL、COMMODITY_HOUSING、AFFORDABLE_HOUSING、LOWRISE_VILLA、INDUSTRIAL_PLANT、UNDERGROUND_GARAGE,,一星、二星、三星,绿色建筑等级,影响节能门窗和保温提示,作为规格/粒度补充,影响材料规格、算量和置信度,缺失按场景降级,缺失时不主动提高材料档次,不得在关键特征缺失时凭空补默认值,K02项目特征库；T3/N1参数字段,是
PF-CONCRETE_GRADE,项目/清单特征,混凝土强度等级,HIGHRISE_RESIDENTIAL、COMMODITY_HOUSING、AFFORDABLE_HOUSING、LOWRISE_VILLA、INDUSTRIAL_PLANT、UNDERGROUND_GARAGE,主体结构,C15、C20、C25、C30、C35、C40、C45、C50,混凝土强度等级,决定商品混凝土规格,缺失则追问或降级,影响材料规格、算量和置信度,缺失不得高置信,缺失时不得高置信输出混凝土规格,不得在关键特征缺失时凭空补默认值,K02项目特征库；T3/N1参数字段,是
PF-IMPERMEABILITY_GRADE,项目/清单特征,抗渗等级,HIGHRISE_RESIDENTIAL、COMMODITY_HOUSING、AFFORDABLE_HOUSING、LOWRISE_VILLA、INDUSTRIAL_PLANT、UNDERGROUND_GARAGE,主体结构、防水工程,P6、P8、P10、P12,抗渗等级,决定抗渗混凝土是否单列,作为规格/粒度补充,影响材料规格、算量和置信度,缺失按场景降级,地下防水/地下室构件缺失时提示确认,不得在关键特征缺失时凭空补默认值,K02项目特征库；T3/N1参数字段,是
PF-REBAR_GRADE,项目/清单特征,钢筋等级,HIGHRISE_RESIDENTIAL、COMMODITY_HOUSING、AFFORDABLE_HOUSING、LOWRISE_VILLA、INDUSTRIAL_PLANT、UNDERGROUND_GARAGE,主体结构,HPB300、HRB400、HRB400E、HRB500,钢筋等级,决定钢筋规格族,作为规格/粒度补充,影响材料规格、算量和置信度,缺失按场景降级,缺失时钢筋只能按候选或总量输出,不得在关键特征缺失时凭空补默认值,K02项目特征库；T3/N1参数字段,是
PF-MASONRY_MATERIAL,项目/清单特征,砌体材质,HIGHRISE_RESIDENTIAL、COMMODITY_HOUSING、AFFORDABLE_HOUSING、LOWRISE_VILLA、INDUSTRIAL_PLANT、UNDERGROUND_GARAGE,砌筑工程,蒸压加气混凝土砌块、轻集料砌块、烧结普通砖、多孔砖,砌体材质,决定砌块/砖材料族,缺失则追问或降级,影响材料规格、算量和置信度,缺失不得高置信,缺失时砌筑材料低置信候选,不得在关键特征缺失时凭空补默认值,K02项目特征库；T3/N1参数字段,是
PF-MASONRY_THICKNESS,项目/清单特征,砌体厚度,HIGHRISE_RESIDENTIAL、COMMODITY_HOUSING、AFFORDABLE_HOUSING、LOWRISE_VILLA、INDUSTRIAL_PLANT、UNDERGROUND_GARAGE,砌筑工程,砌体厚度,砌体厚度,影响砌体单位和砂浆消耗量校核,作为规格/粒度补充,影响材料规格、算量和置信度,缺失按场景降级,缺失时提示确认墙厚,不得在关键特征缺失时凭空补默认值,K02项目特征库；T3/N1参数字段,是
PF-WATERPROOF_MATERIAL_TYPE,项目/清单特征,防水材料类型,HIGHRISE_RESIDENTIAL、COMMODITY_HOUSING、AFFORDABLE_HOUSING、LOWRISE_VILLA、INDUSTRIAL_PLANT、UNDERGROUND_GARAGE,防水工程,SBS卷材、自粘卷材、聚氨酯涂料、JS涂料,防水材料类型,决定卷材/涂料候选,缺失则追问或降级,影响材料规格、算量和置信度,缺失不得高置信,缺失时只输出防水候选系统,不得在关键特征缺失时凭空补默认值,K02项目特征库；T3/N1参数字段,是
PF-WATERPROOF_THICKNESS,项目/清单特征,防水厚度,HIGHRISE_RESIDENTIAL、COMMODITY_HOUSING、AFFORDABLE_HOUSING、LOWRISE_VILLA、INDUSTRIAL_PLANT、UNDERGROUND_GARAGE,防水工程,防水厚度,防水厚度,影响卷材规格和涂料用量,缺失则追问或降级,影响材料规格、算量和置信度,缺失不得高置信,缺失时要求用户确认厚度,不得在关键特征缺失时凭空补默认值,K02项目特征库；T3/N1参数字段,是
PF-WATERPROOF_LOCATION,项目/清单特征,防水部位,HIGHRISE_RESIDENTIAL、COMMODITY_HOUSING、AFFORDABLE_HOUSING、LOWRISE_VILLA、INDUSTRIAL_PLANT、UNDERGROUND_GARAGE,防水工程,屋面、地下室、卫生间、厨房、外墙、楼地面,防水部位,影响防水做法和附加层风险,作为规格/粒度补充,影响材料规格、算量和置信度,缺失按场景降级,缺失时按清单章节推断并提示,不得在关键特征缺失时凭空补默认值,K02项目特征库；T3/N1参数字段,是
PF-INSULATION_MATERIAL_TYPE,项目/清单特征,保温材料类型,HIGHRISE_RESIDENTIAL、COMMODITY_HOUSING、AFFORDABLE_HOUSING、LOWRISE_VILLA、INDUSTRIAL_PLANT、UNDERGROUND_GARAGE,保温工程,岩棉板、XPS板、EPS板、石墨聚苯板,保温材料类型,决定保温板候选,缺失则追问或降级,影响材料规格、算量和置信度,缺失不得高置信,缺失时只输出保温候选,不得在关键特征缺失时凭空补默认值,K02项目特征库；T3/N1参数字段,是
PF-INSULATION_THICKNESS,项目/清单特征,保温厚度,HIGHRISE_RESIDENTIAL、COMMODITY_HOUSING、AFFORDABLE_HOUSING、LOWRISE_VILLA、INDUSTRIAL_PLANT、UNDERGROUND_GARAGE,保温工程,保温厚度,保温厚度,影响m²到m³换算,缺失则追问或降级,影响材料规格、算量和置信度,缺失不得高置信,缺失时不得高置信计算体积,不得在关键特征缺失时凭空补默认值,K02项目特征库；T3/N1参数字段,是
PF-DOOR_WINDOW_MATERIAL,项目/清单特征,门窗材质,HIGHRISE_RESIDENTIAL、COMMODITY_HOUSING、AFFORDABLE_HOUSING、LOWRISE_VILLA、INDUSTRIAL_PLANT、UNDERGROUND_GARAGE,门窗工程,铝合金、断桥铝、塑钢、钢质、木质,门窗材质,决定成品门窗类型,缺失则追问或降级,影响材料规格、算量和置信度,缺失不得高置信,缺失时只输出成品门窗候选,不得在关键特征缺失时凭空补默认值,K02项目特征库；T3/N1参数字段,是
PF-GLASS_TYPE,项目/清单特征,玻璃类型,HIGHRISE_RESIDENTIAL、COMMODITY_HOUSING、AFFORDABLE_HOUSING、LOWRISE_VILLA、INDUSTRIAL_PLANT、UNDERGROUND_GARAGE,门窗工程,中空玻璃、Low-E中空玻璃、钢化玻璃,玻璃类型,影响窗规格和节能等级,作为规格/粒度补充,影响材料规格、算量和置信度,缺失按场景降级,缺失时成品窗仍可输出但需确认玻璃,不得在关键特征缺失时凭空补默认值,K02项目特征库；T3/N1参数字段,是
PF-FLOORING_METHOD,项目/清单特征,地坪做法,HIGHRISE_RESIDENTIAL、COMMODITY_HOUSING、AFFORDABLE_HOUSING、LOWRISE_VILLA、INDUSTRIAL_PLANT、UNDERGROUND_GARAGE,楼地面工程,水泥砂浆、地砖、环氧地坪、耐磨地坪,地坪做法,决定地砖/地坪材料系统,缺失则追问或降级,影响材料规格、算量和置信度,缺失不得高置信,缺失时楼地面只输出候选,不得在关键特征缺失时凭空补默认值,K02项目特征库；T3/N1参数字段,是
PF-PAINT_COATS,项目/清单特征,涂料遍数,HIGHRISE_RESIDENTIAL、COMMODITY_HOUSING、AFFORDABLE_HOUSING、LOWRISE_VILLA、INDUSTRIAL_PLANT、UNDERGROUND_GARAGE,墙柱面工程、天棚工程,涂料遍数,涂料遍数,影响涂料kg用量,作为规格/粒度补充,影响材料规格、算量和置信度,缺失按场景降级,缺失时按默认遍数低/中置信计算,不得在关键特征缺失时凭空补默认值,K02项目特征库；T3/N1参数字段,是
PF-PLASTER_THICKNESS,项目/清单特征,抹灰厚度,HIGHRISE_RESIDENTIAL、COMMODITY_HOUSING、AFFORDABLE_HOUSING、LOWRISE_VILLA、INDUSTRIAL_PLANT、UNDERGROUND_GARAGE,墙柱面工程、天棚工程,抹灰厚度,抹灰厚度,影响抹灰砂浆m³/t用量,作为规格/粒度补充,影响材料规格、算量和置信度,缺失按场景降级,缺失时使用常用厚度并要求确认,不得在关键特征缺失时凭空补默认值,K02项目特征库；T3/N1参数字段,是
PF-OWNER_SUPPLIED_SCOPE,项目/清单特征,甲供范围,HIGHRISE_RESIDENTIAL、COMMODITY_HOUSING、AFFORDABLE_HOUSING、LOWRISE_VILLA、INDUSTRIAL_PLANT、UNDERGROUND_GARAGE,,甲供范围,甲供范围,决定是否进入乙方采购清单,作为规格/粒度补充,影响材料规格、算量和置信度,缺失按场景降级,缺失时根据清单关键词识别，仍可要求确认,不得在关键特征缺失时凭空补默认值,K02项目特征库；T3/N1参数字段,是
PF-CONTRACTOR_SUPPLIED_SCOPE,项目/清单特征,乙供范围,HIGHRISE_RESIDENTIAL、COMMODITY_HOUSING、AFFORDABLE_HOUSING、LOWRISE_VILLA、INDUSTRIAL_PLANT、UNDERGROUND_GARAGE,,乙供范围,乙供范围,决定默认采购责任,作为规格/粒度补充,影响材料规格、算量和置信度,缺失按场景降级,缺失时按总包乙供默认,不得在关键特征缺失时凭空补默认值,K02项目特征库；T3/N1参数字段,是
PF-OWNER_SPECIFIED_SCOPE,项目/清单特征,甲指乙供范围,HIGHRISE_RESIDENTIAL、COMMODITY_HOUSING、AFFORDABLE_HOUSING、LOWRISE_VILLA、INDUSTRIAL_PLANT、UNDERGROUND_GARAGE,,甲指乙供范围,甲指乙供范围,决定采购责任标签,作为规格/粒度补充,影响材料规格、算量和置信度,缺失按场景降级,缺失时按关键词识别,不得在关键特征缺失时凭空补默认值,K02项目特征库；T3/N1参数字段,是
PF-SUBCONTRACT_SCOPE,项目/清单特征,专业分包范围,HIGHRISE_RESIDENTIAL、COMMODITY_HOUSING、AFFORDABLE_HOUSING、LOWRISE_VILLA、INDUSTRIAL_PLANT、UNDERGROUND_GARAGE,,专业分包范围,专业分包范围,专业分包项目不默认深拆,作为规格/粒度补充,影响材料规格、算量和置信度,缺失按场景降级,缺失时按专业分包/暂估价关键词识别,不得在关键特征缺失时凭空补默认值,K02项目特征库；T3/N1参数字段,是
PF-CENTRALIZED_PURCHASE_SCOPE,项目/清单特征,集采范围,HIGHRISE_RESIDENTIAL、COMMODITY_HOUSING、AFFORDABLE_HOUSING、LOWRISE_VILLA、INDUSTRIAL_PLANT、UNDERGROUND_GARAGE,,集采范围,集采范围,影响采购包和展示,作为规格/粒度补充,影响材料规格、算量和置信度,缺失按场景降级,缺失时不标记集采,不得在关键特征缺失时凭空补默认值,K02项目特征库；T3/N1参数字段,是
PF-OUTPUT_AUXILIARY_MATERIALS,项目/清单特征,是否输出辅材,HIGHRISE_RESIDENTIAL、COMMODITY_HOUSING、AFFORDABLE_HOUSING、LOWRISE_VILLA、INDUSTRIAL_PLANT、UNDERGROUND_GARAGE,,是否输出辅材,是否输出辅材,影响辅材候选保留/删除,作为规格/粒度补充,影响材料规格、算量和置信度,缺失按场景降级,缺失时按企业规则默认,不得在关键特征缺失时凭空补默认值,K02项目特征库；T3/N1参数字段,是
PF-OUTPUT_MEASURE_MATERIALS,项目/清单特征,是否输出措施材料,HIGHRISE_RESIDENTIAL、COMMODITY_HOUSING、AFFORDABLE_HOUSING、LOWRISE_VILLA、INDUSTRIAL_PLANT、UNDERGROUND_GARAGE,,是否输出措施材料,是否输出措施材料,影响模板脚手架等输出,作为规格/粒度补充,影响材料规格、算量和置信度,缺失按场景降级,缺失时不默认输出措施材料,不得在关键特征缺失时凭空补默认值,K02项目特征库；T3/N1参数字段,是
PF-SPLIT_BY_BUILDING,项目/清单特征,是否按楼栋拆分,HIGHRISE_RESIDENTIAL、COMMODITY_HOUSING、AFFORDABLE_HOUSING、LOWRISE_VILLA、INDUSTRIAL_PLANT、UNDERGROUND_GARAGE,,是否按楼栋拆分,是否按楼栋拆分,影响展示和归并口径,作为规格/粒度补充,影响材料规格、算量和置信度,缺失按场景降级,缺失时不拆分,不得在关键特征缺失时凭空补默认值,K02项目特征库；T3/N1参数字段,是
PF-SPLIT_BY_PHASE,项目/清单特征,是否按施工阶段拆分,HIGHRISE_RESIDENTIAL、COMMODITY_HOUSING、AFFORDABLE_HOUSING、LOWRISE_VILLA、INDUSTRIAL_PLANT、UNDERGROUND_GARAGE,,是否按施工阶段拆分,是否按施工阶段拆分,影响展示和归并口径,作为规格/粒度补充,影响材料规格、算量和置信度,缺失按场景降级,缺失时不拆分,不得在关键特征缺失时凭空补默认值,K02项目特征库；T3/N1参数字段,是
PF-EXT_001,项目/清单特征,混凝土坍落度,全部首批房建项目类型,主体结构,混凝土坍落度,混凝土坍落度,影响商混技术规格和泵送适配,作为规格/粒度补充,影响材料规格、算量和置信度,缺失按场景降级,缺失时按项目习惯提示确认,不得在关键特征缺失时凭空补默认值,K02项目特征库；T3/N1参数字段,是
PF-EXT_002,项目/清单特征,混凝土泵送方式,全部首批房建项目类型,主体结构,混凝土泵送方式,混凝土泵送方式,影响商混是否按泵送单列,作为规格/粒度补充,影响材料规格、算量和置信度,缺失按场景降级,缺失时从泵送/非泵送关键词推断,不得在关键特征缺失时凭空补默认值,K02项目特征库；T3/N1参数字段,是
PF-EXT_003,项目/清单特征,混凝土早强/缓凝要求,全部首批房建项目类型,主体结构,混凝土早强/缓凝要求,混凝土早强/缓凝要求,影响外加剂和特种商混标记,作为规格/粒度补充,影响材料规格、算量和置信度,缺失按场景降级,缺失时不默认推断,不得在关键特征缺失时凭空补默认值,K02项目特征库；T3/N1参数字段,是
PF-EXT_004,项目/清单特征,钢筋直径,全部首批房建项目类型,主体结构,钢筋直径,钢筋直径,影响钢筋规格拆分,作为规格/粒度补充,影响材料规格、算量和置信度,缺失按场景降级,缺失时钢筋按总量或候选输出,不得在关键特征缺失时凭空补默认值,K02项目特征库；T3/N1参数字段,是
PF-EXT_005,项目/清单特征,钢筋连接方式,全部首批房建项目类型,主体结构,钢筋连接方式,钢筋连接方式,影响套筒/焊接/绑扎辅材候选,作为规格/粒度补充,影响材料规格、算量和置信度,缺失按场景降级,缺失时不默认输出连接件,不得在关键特征缺失时凭空补默认值,K02项目特征库；T3/N1参数字段,是
PF-EXT_006,项目/清单特征,钢筋抗震等级,全部首批房建项目类型,主体结构,钢筋抗震等级,钢筋抗震等级,影响HRB400E等抗震钢筋判断,作为规格/粒度补充,影响材料规格、算量和置信度,缺失按场景降级,缺失时按清单文字推断,不得在关键特征缺失时凭空补默认值,K02项目特征库；T3/N1参数字段,是
PF-EXT_007,项目/清单特征,砌筑砂浆类型,全部首批房建项目类型,砌筑工程,砌筑砂浆类型,砌筑砂浆类型,影响DM/干混/湿拌砂浆输出,作为规格/粒度补充,影响材料规格、算量和置信度,缺失按场景降级,缺失时按企业习惯输出预拌砂浆候选,不得在关键特征缺失时凭空补默认值,K02项目特征库；T3/N1参数字段,是
PF-EXT_008,项目/清单特征,砌筑砂浆强度等级,全部首批房建项目类型,砌筑工程,砌筑砂浆强度等级,砌筑砂浆强度等级,影响砂浆规格,作为规格/粒度补充,影响材料规格、算量和置信度,缺失按场景降级,缺失时不得高置信输出砂浆强度,不得在关键特征缺失时凭空补默认值,K02项目特征库；T3/N1参数字段,是
PF-EXT_009,项目/清单特征,墙体用途,全部首批房建项目类型,砌筑工程,墙体用途,墙体用途,影响内墙/外墙/分户墙厚度和材质风险,作为规格/粒度补充,影响材料规格、算量和置信度,缺失按场景降级,缺失时按名称和部位提示,不得在关键特征缺失时凭空补默认值,K02项目特征库；T3/N1参数字段,是
PF-EXT_010,项目/清单特征,防水层数,全部首批房建项目类型,防水工程,防水层数,防水层数,影响卷材用量和系统拆分,作为规格/粒度补充,影响材料规格、算量和置信度,缺失按场景降级,缺失时按候选输出并要求确认,不得在关键特征缺失时凭空补默认值,K02项目特征库；T3/N1参数字段,是
PF-EXT_011,项目/清单特征,卷材施工方法,全部首批房建项目类型,防水工程,卷材施工方法,卷材施工方法,影响基层处理剂和搭接损耗,作为规格/粒度补充,影响材料规格、算量和置信度,缺失按场景降级,缺失时按热熔/自粘关键词推断,不得在关键特征缺失时凭空补默认值,K02项目特征库；T3/N1参数字段,是
PF-EXT_012,项目/清单特征,卷材搭接宽度,全部首批房建项目类型,防水工程,卷材搭接宽度,卷材搭接宽度,影响卷材损耗率,作为规格/粒度补充,影响材料规格、算量和置信度,缺失按场景降级,缺失时使用范围损耗并提示确认,不得在关键特征缺失时凭空补默认值,K02项目特征库；T3/N1参数字段,是
PF-EXT_013,项目/清单特征,防水附加层范围,全部首批房建项目类型,防水工程,防水附加层范围,防水附加层范围,影响附加层是否估算,作为规格/粒度补充,影响材料规格、算量和置信度,缺失按场景降级,缺失时按企业规则决定是否估算,不得在关键特征缺失时凭空补默认值,K02项目特征库；T3/N1参数字段,是
PF-EXT_014,项目/清单特征,保温燃烧性能等级,全部首批房建项目类型,保温工程,保温燃烧性能等级,保温燃烧性能等级,影响A级/B1级材料选择,作为规格/粒度补充,影响材料规格、算量和置信度,缺失按场景降级,缺失时要求确认,不得在关键特征缺失时凭空补默认值,K02项目特征库；T3/N1参数字段,是
PF-EXT_015,项目/清单特征,保温密度,全部首批房建项目类型,保温工程,保温密度,保温密度,影响岩棉板规格,作为规格/粒度补充,影响材料规格、算量和置信度,缺失按场景降级,缺失时不能高置信输出密度,不得在关键特征缺失时凭空补默认值,K02项目特征库；T3/N1参数字段,是
PF-EXT_016,项目/清单特征,保温导热系数,全部首批房建项目类型,保温工程,保温导热系数,保温导热系数,影响节能标准校核,作为规格/粒度补充,影响材料规格、算量和置信度,缺失按场景降级,缺失时不做合规校核,不得在关键特征缺失时凭空补默认值,K02项目特征库；T3/N1参数字段,是
PF-EXT_017,项目/清单特征,锚栓数量,全部首批房建项目类型,保温工程,锚栓数量,锚栓数量,影响锚栓采购量,作为规格/粒度补充,影响材料规格、算量和置信度,缺失按场景降级,缺失时按企业规则估算或不输出,不得在关键特征缺失时凭空补默认值,K02项目特征库；T3/N1参数字段,是
PF-EXT_018,项目/清单特征,门窗开启方式,全部首批房建项目类型,门窗工程,门窗开启方式,门窗开启方式,影响成品窗规格和五金,作为规格/粒度补充,影响材料规格、算量和置信度,缺失按场景降级,缺失时成品窗仍可输出但需确认,不得在关键特征缺失时凭空补默认值,K02项目特征库；T3/N1参数字段,是
PF-EXT_019,项目/清单特征,门窗洞口尺寸,全部首批房建项目类型,门窗工程,门窗洞口尺寸,门窗洞口尺寸,影响樘/平方米换算,作为规格/粒度补充,影响材料规格、算量和置信度,缺失按场景降级,缺失时按清单单位处理,不得在关键特征缺失时凭空补默认值,K02项目特征库；T3/N1参数字段,是
PF-EXT_020,项目/清单特征,防火门等级,全部首批房建项目类型,门窗工程,防火门等级,防火门等级,影响甲乙丙级防火门输出,作为规格/粒度补充,影响材料规格、算量和置信度,缺失按场景降级,缺失时要求确认,不得在关键特征缺失时凭空补默认值,K02项目特征库；T3/N1参数字段,是
PF-EXT_021,项目/清单特征,地砖规格,全部首批房建项目类型,楼地面工程,地砖规格,地砖规格,影响采购规格和箱数,作为规格/粒度补充,影响材料规格、算量和置信度,缺失按场景降级,缺失时按候选输出,不得在关键特征缺失时凭空补默认值,K02项目特征库；T3/N1参数字段,是
PF-EXT_022,项目/清单特征,地砖防滑等级,全部首批房建项目类型,楼地面工程,地砖防滑等级,地砖防滑等级,影响卫生间/楼梯/车库材料风险,作为规格/粒度补充,影响材料规格、算量和置信度,缺失按场景降级,缺失时不默认提高等级,不得在关键特征缺失时凭空补默认值,K02项目特征库；T3/N1参数字段,是
PF-EXT_023,项目/清单特征,瓷砖胶等级,全部首批房建项目类型,楼地面工程,瓷砖胶等级,瓷砖胶等级,影响C1/C2等胶粘剂规格,作为规格/粒度补充,影响材料规格、算量和置信度,缺失按场景降级,缺失时按常规候选,不得在关键特征缺失时凭空补默认值,K02项目特征库；T3/N1参数字段,是
PF-EXT_024,项目/清单特征,抹灰砂浆等级,全部首批房建项目类型,墙柱面工程,抹灰砂浆等级,抹灰砂浆等级,影响DP砂浆规格,作为规格/粒度补充,影响材料规格、算量和置信度,缺失按场景降级,缺失时按候选输出,不得在关键特征缺失时凭空补默认值,K02项目特征库；T3/N1参数字段,是
PF-EXT_025,项目/清单特征,基层处理方式,全部首批房建项目类型,墙柱面工程,基层处理方式,基层处理方式,影响腻子、底漆是否输出,作为规格/粒度补充,影响材料规格、算量和置信度,缺失按场景降级,缺失时按企业系统规则,不得在关键特征缺失时凭空补默认值,K02项目特征库；T3/N1参数字段,是
PF-EXT_026,项目/清单特征,腻子类型,全部首批房建项目类型,墙柱面工程,腻子类型,腻子类型,影响耐水/普通腻子,作为规格/粒度补充,影响材料规格、算量和置信度,缺失按场景降级,缺失时按部位提示确认,不得在关键特征缺失时凭空补默认值,K02项目特征库；T3/N1参数字段,是
PF-EXT_027,项目/清单特征,涂料类型,全部首批房建项目类型,墙柱面工程,涂料类型,涂料类型,影响乳胶漆/真石漆/防火涂料,作为规格/粒度补充,影响材料规格、算量和置信度,缺失按场景降级,缺失时只输出涂料候选,不得在关键特征缺失时凭空补默认值,K02项目特征库；T3/N1参数字段,是
PF-EXT_028,项目/清单特征,吊顶板材类型,全部首批房建项目类型,天棚工程,吊顶板材类型,吊顶板材类型,影响石膏板/矿棉板/铝扣板,作为规格/粒度补充,影响材料规格、算量和置信度,缺失按场景降级,缺失时天棚浅层候选,不得在关键特征缺失时凭空补默认值,K02项目特征库；T3/N1参数字段,是
PF-EXT_029,项目/清单特征,吊顶龙骨类型,全部首批房建项目类型,天棚工程,吊顶龙骨类型,吊顶龙骨类型,影响轻钢龙骨/铝龙骨,作为规格/粒度补充,影响材料规格、算量和置信度,缺失按场景降级,缺失时不高置信输出龙骨,不得在关键特征缺失时凭空补默认值,K02项目特征库；T3/N1参数字段,是
PF-EXT_030,项目/清单特征,是否甲供,全部首批房建项目类型,全部专业,是否甲供,是否甲供,决定是否进入乙方采购清单,作为规格/粒度补充,影响材料规格、算量和置信度,缺失按场景降级,缺失时由采购责任规则识别,不得在关键特征缺失时凭空补默认值,K02项目特征库；T3/N1参数字段,是
PF-EXT_031,项目/清单特征,是否专业分包,全部首批房建项目类型,全部专业,是否专业分包,是否专业分包,决定是否深拆,作为规格/粒度补充,影响材料规格、算量和置信度,缺失按场景降级,缺失时由专业分包关键词识别,不得在关键特征缺失时凭空补默认值,K02项目特征库；T3/N1参数字段,是
PF-EXT_032,项目/清单特征,是否暂估价,全部首批房建项目类型,全部专业,是否暂估价,是否暂估价,决定是否阻断材料拆解,作为规格/粒度补充,影响材料规格、算量和置信度,缺失按场景降级,缺失时由暂估价关键词识别,不得在关键特征缺失时凭空补默认值,K02项目特征库；T3/N1参数字段,是
PF-EXT_033,项目/清单特征,是否集采,全部首批房建项目类型,全部专业,是否集采,是否集采,影响采购包和展示,作为规格/粒度补充,影响材料规格、算量和置信度,缺失按场景降级,缺失时不默认集采,不得在关键特征缺失时凭空补默认值,K02项目特征库；T3/N1参数字段,是
PF-STEEL_MATERIAL_GRADE,项目/清单特征,钢结构材质牌号,INDUSTRIAL_PLANT、UNDERGROUND_GARAGE、HIGHRISE_RESIDENTIAL、COMMODITY_HOUSING,主体结构、钢结构工程、金属结构工程,Q235B、Q355B、Q345B、钢柱、钢梁、钢屋架、钢平台、型钢,材质牌号,钢结构清单涉及型钢、钢板或连接件时，材质牌号决定采购规格和替代边界。,作为规格/粒度补充,影响材料规格、算量和置信度,缺材质牌号时钢结构材料最高medium；同时缺截面时最高low,钢材牌号、执行标准、是否允许等强替代,不得把所有钢结构默认成Q235B或Q355B,T2 MAP-H001/H002/H003/H004/H010；T3 MAT-STE-003/004/005/006；N1 GB/T11263、GB/T706、GB/T709,是
PF-STEEL_SECTION_MODEL,项目/清单特征,钢构件截面型号/板厚,INDUSTRIAL_PLANT、UNDERGROUND_GARAGE、HIGHRISE_RESIDENTIAL、COMMODITY_HOUSING,主体结构、钢结构工程、金属结构工程,H型钢、槽钢、角钢、工字钢、钢板、压型钢板、楼承板,截面型号、规格、板厚、理论重量,单位为t时可按总吨候选；若要按规格采购或校核理论重量，必须识别截面型号和板厚。,缺失则追问或降级,影响规格拆分和理论重量校核,截面或板厚缺失时不得高置信按规格输出,H型钢型号、槽钢号数、角钢规格、钢板厚度、压型钢板板型,不得凭构件名称自动生成截面规格,T3 MAT-STE-003参数；N1 GB/T11263-2024、GB/T706-2016、GB/T709-2019,是
PF-BOLT_PERFORMANCE_GRADE,项目/清单特征,高强螺栓性能等级,INDUSTRIAL_PLANT、UNDERGROUND_GARAGE、HIGHRISE_RESIDENTIAL、COMMODITY_HOUSING,钢结构工程、主体结构,高强螺栓、摩擦型、扭剪型、大六角、10.9S、8.8S,性能等级、规格、套数、连接副类型,高强螺栓按连接副采购，性能等级和规格是核心采购参数。,缺失则追问或降级,影响采购规格和包装换算,缺性能等级或规格时最高medium；缺数量时不得计算采购量,M规格、8.8S/10.9S、扭剪型/大六角、包装数量,不得按钢结构吨数经验反推螺栓套数,T2 MAP-H005；T3 MAT-STE-008；N1 GB/T1231-2024,是
PF-FIREPROOF_COATING_THICKNESS,项目/清单特征,钢结构防火涂料厚度/耐火极限,INDUSTRIAL_PLANT、UNDERGROUND_GARAGE、HIGHRISE_RESIDENTIAL、COMMODITY_HOUSING,钢结构工程、墙柱面工程、油漆涂料工程,钢结构防火涂料、薄型、厚型、膨胀型、非膨胀型、耐火极限,涂料类型、涂层厚度、耐火极限、涂布率,钢结构防火涂料采购量与涂层厚度、耐火极限和产品涂布率相关。,缺失则追问或降级,影响kg换算和体系材料,缺厚度/耐火极限/涂布率时不得高置信计算kg,耐火极限、涂层厚度、膨胀型/非膨胀型、底漆是否另列,不得用单一kg/m²覆盖所有防火涂料做法,T2 MAP-R004/R006/R007/R008；T3 MAT-FPC-001/002；N1 GB14907-2018,是
PF-ANTI_CORROSION_SYSTEM,项目/清单特征,钢结构防腐体系/遍数,INDUSTRIAL_PLANT、UNDERGROUND_GARAGE、HIGHRISE_RESIDENTIAL、COMMODITY_HOUSING,钢结构工程、墙柱面工程、油漆涂料工程,金属面油漆、防腐涂料、防锈漆、环氧富锌、底漆、中间漆、面漆,涂料体系、遍数、涂布率、干膜厚度,防腐材料应按体系识别，底漆/中间漆/面漆是否拆分由清单特征和企业习惯共同决定。,作为规格/粒度补充,影响主材/系统输出和kg换算,缺体系或遍数时最高medium；缺涂布率时不得高置信换桶,底中面体系、遍数、涂布率、包装规格,不得把防腐漆默认等同于环氧富锌底漆,T2 MAP-R009/M013；T3 MAT-PNT-001；N1 HG/T3668-2009,是
PF-STOP_WATER_SPEC,项目/清单特征,止水带规格型号,HIGHRISE_RESIDENTIAL、COMMODITY_HOUSING、AFFORDABLE_HOUSING、UNDERGROUND_GARAGE、INDUSTRIAL_PLANT,防水工程、主体结构,止水带、止水条、施工缝、变形缝、后浇带、沉降缝,材质、类型、宽度、厚度、部位、长度,止水材料以长度计量时仍需规格型号决定采购物料，卷数换算还依赖包装长度。,缺失则追问或降级,影响规格和卷数换算,缺材质/宽度/厚度时最高medium；缺长度不得计算采购量,橡胶/钢板/遇水膨胀类型、宽度、厚度、卷长、部位,不得把止水带默认并入普通防水卷材,T2 MAP-L015；T3 MAT-WAP-007；N1 GB/T18173.2-2014题录/T3 GB18173.2-2014字段,是
PF-BACKFILL_MIX_RATIO,项目/清单特征,回填材料配比/压实要求,HIGHRISE_RESIDENTIAL、COMMODITY_HOUSING、AFFORDABLE_HOUSING、LOWRISE_VILLA、INDUSTRIAL_PLANT、UNDERGROUND_GARAGE,基础土石方、地基处理、主体结构,回填方、素土、灰土、3:7、2:8、级配砂石、换填垫层、褥垫层,回填材料类型、灰土配比、压实系数、部位,回填类清单材料差异大，灰土需识别配比后才能推演石灰，砂石垫层需识别级配或碎石口径。,缺失则追问或降级,影响材料候选和消耗公式,缺材料类型时最高low；灰土缺配比时不得计算石灰用量,素土/灰土/级配砂石、灰土比例、压实要求、是否外购土,不得把回填方默认拆成级配砂石或石灰,T2 MAP-A001/A002/A003/D001/D002/D004/G002；T3 MAT-EAR-001/002、MAT-AUX-001；损耗表砂石粉灰土,是
PF-STONE_SPEC,项目/清单特征,石材厚度/面层/安装方式,HIGHRISE_RESIDENTIAL、COMMODITY_HOUSING、AFFORDABLE_HOUSING、LOWRISE_VILLA、INDUSTRIAL_PLANT、UNDERGROUND_GARAGE,楼地面工程、墙柱面工程、台阶装饰,花岗岩、大理石、石材墙面、干挂石材、石材踢脚、台阶石材,石材品种、厚度、面层、安装方式、规格,石材主材、干挂龙骨挂件和胶类是否输出取决于安装方式和企业习惯。,作为规格/粒度补充,影响主材/系统候选,缺厚度或安装方式时最高medium；干挂辅材缺节点参数时最高low,石材厚度、面层、干挂/湿贴、板块规格、包装,不得把石材湿贴自动拆成干挂系统,T2 MAP-P009/N009/N012；T3 MAT-STO-002/003；N1 GB/T18601-2024；损耗表花岗石板,是
PF-METAL_MESH_SPEC,项目/清单特征,金属网丝径/网孔/镀锌,HIGHRISE_RESIDENTIAL、COMMODITY_HOUSING、AFFORDABLE_HOUSING、LOWRISE_VILLA、INDUSTRIAL_PLANT、UNDERGROUND_GARAGE,墙柱面工程、保温工程、钢结构防火涂料工程,钢丝网、镀锌钢丝网、金属网、铁丝网、墙体钢丝网、防火涂料加固网,丝径、网孔、镀锌方式、面积、搭接,金属网可作为抹灰抗裂或厚型防火涂料辅材，需区分玻纤网格布和钢丝网。,缺失则追问或降级,影响材料候选和搭接损耗,缺丝径/网孔时最高medium；缺面积/搭接不得高置信计算,丝径、网孔、镀锌、面积、搭接率、用途,不得把钢丝网和耐碱玻纤网格布互相替代,T2 MAP-H006/R007；T3 MAT-WMS-001；损耗表钢丝,是
PF-PROFILED_STEEL_PLATE_SPEC,项目/清单特征,压型钢板/金属屋面墙面板规格,INDUSTRIAL_PLANT、UNDERGROUND_GARAGE、HIGHRISE_RESIDENTIAL、COMMODITY_HOUSING,钢结构工程、主体结构、屋面工程,压型钢板、彩钢板、金属屋面板、钢板楼板、楼承板、钢墙板、钢屋面板,板型、厚度、材质、涂层、是否夹芯、搭接方式,压型钢板和金属屋墙面板按面积采购，但板型、厚度、涂层和夹芯做法决定采购物料。,缺失则追问或降级,影响规格和面积换算,缺板型或厚度时最高medium；夹芯材料缺失时不得按夹芯板输出,板型、厚度、涂层、芯材、搭接率、包装/定尺,不得把所有彩钢/压型钢板默认成同一板型或默认带保温芯材,T2 MAP-H011；T3 MAT-STE-012、MAT-MET-003/004；损耗表1095钢板,是
PF-SEALANT_JOINT_SPEC,项目/清单特征,嵌缝密封材料缝宽/缝深,HIGHRISE_RESIDENTIAL、COMMODITY_HOUSING、AFFORDABLE_HOUSING、LOWRISE_VILLA、INDUSTRIAL_PLANT、UNDERGROUND_GARAGE,防水工程、门窗工程、墙柱面工程、屋面工程,嵌缝、密封胶、硅酮胶、耐候胶、改性沥青油膏、伸缩缝、接缝,胶型、缝长、缝宽、缝深、包装规格、基层,密封材料采购量依赖缝长、截面尺寸和包装，按面积清单只能候选。,缺失则追问或降级,影响kg/支/桶换算,缺缝长或缝宽/深时不得高置信计算支数或kg,胶型、缝长、缝宽、缝深、包装容量、是否含背衬材料,不得按防水面积直接换算密封胶支数,T2 MAP-L004/M012；T3 MAT-SEA-001/002；N1 GB/T14683-2017；损耗表47/134/169,是
PF-HANDRAIL_BALUSTRADE_SPEC,项目/清单特征,栏杆扶手/玻璃栏板规格,HIGHRISE_RESIDENTIAL、COMMODITY_HOUSING、AFFORDABLE_HOUSING、LOWRISE_VILLA、INDUSTRIAL_PLANT、UNDERGROUND_GARAGE,墙柱面工程、楼地面工程、门窗工程、金属制品、措施项目,扶手、栏杆、栏板、不锈钢扶手、玻璃栏板、钢化玻璃、护窗栏杆、阳台栏杆、楼梯栏杆、临边防护栏杆、防护栏杆,永久/临时措施属性、部位、材质、规格、高度、长度或面积、玻璃厚度、管径/壁厚、立柱间距、安装方式、成品/构件口径、专业分包,永久栏杆扶手可按011503成品系统或构件候选；临边防护栏杆属于安全文明/措施或周转材料边界，需转入措施材料规则，不按永久装饰栏杆直接采购。,作为规格/粒度和永久-临时边界补充,永久栏杆成品或构件候选；临时防护只标记措施/周转范围,编码011503且部位、材质、长度/面积明确可medium/high；缺材质/规格/高度最高medium；命中临边/施工防护且缺企业措施输出规则时最高low,永久或临时、部位、扶手材质、管径/壁厚、栏杆高度、玻璃厚度、立柱间距、是否成品、是否专业分包或措施租赁,不得把施工临边防护栏杆按永久栏杆扶手输出；不得默认拆成不锈钢管、玻璃和锚栓；不得默认304不锈钢或12mm钢化玻璃,T2 MAP-S015/S016；T3 MAT-STE-013、MAT-GLA-003、MAT-MET-001、MAT-PRE-002、MAT-STE-007；N1 GB/T12771-2019、GB/T3091-2025；损耗表74/1529/1420/1232/周转材料NA,是
PF-DECOR_LINE_SKIRTING_SPEC,项目/清单特征,踢脚线/装饰线条规格,HIGHRISE_RESIDENTIAL、COMMODITY_HOUSING、AFFORDABLE_HOUSING、LOWRISE_VILLA、UNDERGROUND_GARAGE,楼地面工程、墙柱面工程,踢脚线、踢脚板、木踢脚、石材踢脚、装饰线条、收口条,材质、高度、厚度、长度、规格、安装方式,踢脚线和线条多按成品米采购，材质不同会走不同材料族和损耗口径。,作为规格/粒度补充,影响材料族和采购单位,缺材质或高度时最高medium；缺长度不得计算采购量,材质、高度、厚度、长度、安装方式、是否成品,不得把木踢脚、石材踢脚和金属收口条互相替代,T2 MAP-N008/N009；T3 MAT-AUX-006/007；损耗表1528/1522/1520,是
PF-FLOORING_SYSTEM_EVIDENCE_GAP,项目/清单特征,工业/车库地坪做法证据缺口,INDUSTRIAL_PLANT、UNDERGROUND_GARAGE,楼地面工程,环氧地坪、耐磨地坪、金刚砂、密封固化剂、固化地坪、车库地坪,地坪类型、厚度、遍数、材料体系、单位耗量、基层,当前本地库缺少环氧/金刚砂/固化剂稳定T2-T3映射，不能按经验直接生成采购量。,mark_only/ask_user,scope_only,未补齐T2/T3/N1前最高low，只能输出待补知识标签,地坪体系、厚度、遍数、产品用量、厂家资料、是否专业分包,不得凭地坪名称生成环氧树脂、固化剂或金刚砂采购量,损耗表42地坪；N1仅命中PVC地板GB/T11982，环氧/金刚砂/固化剂待补,是
PF-LIGHT_WALL_PANEL_SPEC,项目/清单特征,轻质墙板规格/嵌缝做法,HIGHRISE_RESIDENTIAL、COMMODITY_HOUSING、AFFORDABLE_HOUSING、LOWRISE_VILLA、INDUSTRIAL_PLANT、UNDERGROUND_GARAGE,砌筑工程、墙柱面工程,轻质墙板、轻质隔墙板、GRC板、ALC板、条板、嵌缝砂浆,墙板材质、厚度、规格、安装方式、嵌缝材料、是否成品,轻质墙板通常按成品板面积采购，嵌缝砂浆是否单列由清单特征和企业习惯决定。,作为规格/粒度补充,影响成品板和嵌缝辅材输出,墙板材质和厚度明确可medium/high；缺厚度或材质最高medium；嵌缝材料缺失只候选,墙板材质、厚度、板型规格、嵌缝材料、是否成品板、辅材是否单列,不得把轻质墙板默认等同于砌块墙或石膏板隔墙,T2 BD-MAP-F010/F011；T3 MAT-WAL-001、MAT-MOR-001；损耗表52轻质复合板、砂浆类规则,是
PF-PVC_FLOORING_SPEC,项目/清单特征,PVC/塑胶地板规格,HIGHRISE_RESIDENTIAL、COMMODITY_HOUSING、AFFORDABLE_HOUSING、LOWRISE_VILLA、INDUSTRIAL_PLANT、UNDERGROUND_GARAGE,楼地面工程,橡塑面层、塑胶地板、PVC地板、橡胶地板、同质透心、卷材地板,结构类型、总厚度、耐磨等级、使用等级、卷材宽度、卷材长度、基层做法,PVC/塑胶地板按成品面层面积采购，厚度、结构类型和耐磨等级决定采购规格；胶粘剂、焊线、自流平等辅材需另有做法和企业习惯才输出。,作为规格/粒度补充,成品面层浅层支持,面积+厚度+结构类型明确可medium/high；缺厚度或耐磨等级最高medium；辅材缺做法最高low,总厚度、结构类型、耐磨等级、卷材宽度/长度、胶粘剂和焊线是否单列,不得把PVC地板默认拆成地砖、地坪涂料或环氧地坪材料,T2 BD-MAP-N015；T3 MAT-FLR-001；N1 GB/T11982.1-2015、GB/T11982.2-2015；损耗表129塑料地板,是
PF-FIRE_SHUTTER_SPECIAL_DOOR_SPEC,项目/清单特征,防火卷帘/特种门窗规格与采购边界,HIGHRISE_RESIDENTIAL、COMMODITY_HOUSING、AFFORDABLE_HOUSING、LOWRISE_VILLA、INDUSTRIAL_PLANT、UNDERGROUND_GARAGE,门窗工程、消防相关范围、金属制品,防火卷帘、卷帘门、卷闸门、钢质卷帘、防火窗、特种门、保温门、隔音门、防射线门,门窗类型、防火等级或耐火极限、洞口尺寸、计量单位、是否含电机控制系统、采购责任,防火卷帘和特种门窗优先按成品门窗范围识别，但消防联动、电机控制和安装调试边界需确认采购责任。,作为规格/采购责任补充,成品范围识别，不默认深拆控制系统,类型+尺寸+等级明确可medium/high；缺等级或采购责任最高medium；含消防联动但边界不清最高low,防火等级/耐火极限、洞口尺寸、是否消防分包、是否含电机/控制箱/联动调试,不得默认拆成帘片、电机、控制箱、导轨等构件采购量,T2 MAP-K007/K016/K019；T3 MAT-DOO-010/013/016；N1 GB12955-2024、GB16809-2024；损耗表1491/1492/156,是
PF-SLOPED_ROOF_TILE_SPEC,项目/清单特征,坡屋面瓦/屋面木基层做法,LOWRISE_VILLA、COMMODITY_HOUSING、AFFORDABLE_HOUSING、HIGHRISE_RESIDENTIAL,屋面工程、木结构工程、防水工程,瓦屋面、屋面瓦、水泥瓦、彩瓦、西班牙瓦、S形瓦、沥青瓦、挂瓦条、顺水条、屋面木基层,瓦材类型、规格、坡屋面部位、基层做法、挂瓦条/顺水条是否单列、防水层是否单列,坡屋面瓦按成品瓦面积候选，挂瓦条、顺水条和防水层属于系统辅材，需由清单特征和企业习惯决定是否输出。,作为屋面系统边界补充,成品瓦主材候选，辅材待确认,瓦材类型+面积明确可medium/high；缺瓦材类型最高medium；木基层/防水层边界缺失时辅材最高low,瓦材类型、规格、基层做法、挂瓦条/顺水条、防水层、是否专业分包,不得把屋面瓦默认等同于地砖、普通防水卷材或复杂采光顶屋面,T2 BD-MAP-L016/L017、MAP-I002、MAP-L016；T3 MAT-WAP-010、MAT-ROF-003/004、MAT-WOO-001；损耗表瓦类/木材,是
PF-WINDOW_TRIM_SILL_TRACK_SPEC,项目/清单特征,门窗套/窗台板/窗帘轨收口,HIGHRISE_RESIDENTIAL、COMMODITY_HOUSING、AFFORDABLE_HOUSING、LOWRISE_VILLA、INDUSTRIAL_PLANT、UNDERGROUND_GARAGE,门窗工程、墙柱面工程、装饰装修工程,门窗套、门套、窗套、套线、筒子板、窗台板、人造石窗台、大理石窗台、窗帘轨、窗帘盒、窗帘杆、罗马杆、滑轨,清单编码010808/010809/010810、材质、长度、宽度或展开尺寸、规格、安装方式、是否成品、是否与门窗主项合并,门窗套线、窗台板、窗帘轨属于门窗章节中的收口或配件类成品材料，只有清单编码或名称明确命中时才作为独立主材候选；普通门窗清单不得自动外推这些配件。,作为门窗收口边界补充,成品主材候选，软装窗帘只标记范围,编码010808/010809/010810且长度或面积明确可medium/high；缺材质或尺寸最高medium；仅由普通门窗名称推断则最高low,材质、规格、长度或展开尺寸、是否成品、是否并入门窗主项、是否甲供或专业分包,不得从铝合金窗/成品门窗自动推断门窗套、窗台板或窗帘轨；不得把布艺窗帘、百叶帘等软装默认纳入土建材料采购量,T2 MAP-K011/K012/K014；T3 MAT-AUX-010/011/013；损耗表133/1520/1522/1528；CH-010808/010809/010810,是
PF-CANOPY_SKYLIGHT_SYSTEM_SPEC,项目/清单特征,雨篷/采光顶/阳光板屋面系统,HIGHRISE_RESIDENTIAL、COMMODITY_HOUSING、AFFORDABLE_HOUSING、LOWRISE_VILLA、INDUSTRIAL_PLANT、UNDERGROUND_GARAGE,墙柱面工程、屋面工程、金属结构工程、幕墙工程、装饰装修工程,雨篷、雨棚、玻璃雨篷、钢化玻璃雨篷、采光顶、玻璃采光顶、阳光板屋面、采光板、PC阳光板、聚碳酸酯板、钢结构雨篷、装饰板雨篷,清单编码011506/010901、面板类型、玻璃厚度或板材厚度、面积、支承结构、型钢规格、连接件、密封胶、防水收边、是否幕墙或专业分包,普通小型玻璃雨篷可按面板主材候选；采光顶、钢结构雨篷和幕墙类系统包含支承结构、连接件、密封和排水节点，缺系统边界时只能候选或标记范围。,作为雨篷/采光顶系统边界补充,普通雨篷主面板候选；采光顶/幕墙系统只识别范围或待确认,011506且面板类型、面积、厚度明确可medium/high；010901采光顶或幕墙专业命中最高medium；缺支承结构或节点做法时辅材最高low,面板类型、厚度、面积、支承结构、型钢规格、连接件、密封胶、防水收边、是否幕墙/采光顶专业分包、采购责任,不得把复杂采光顶或幕墙雨篷直接拆成单片钢化玻璃；不得默认输出型钢、锚栓、密封胶和高强螺栓数量；不得缺厚度时高置信计算玻璃或阳光板采购量,T2 MAP-S019；T3 MAT-GLA-003、MAT-GLA-001、MAT-DEC-003、MAT-PRE-002、MAT-STE-003/004/005/008；N1 GB/T706-2016、GB/T11263-2024、GB/T1231-2024、GB/T14683-2017；损耗表1420/1422/1423/1090/1091/1092/134/2104,是
PF-SIGNAGE_LIGHTBOX_CUSTOM_SPEC,项目/清单特征,招牌灯箱/美术字/标识广告定制项,HIGHRISE_RESIDENTIAL、COMMODITY_HOUSING、AFFORDABLE_HOUSING、LOWRISE_VILLA、INDUSTRIAL_PLANT、UNDERGROUND_GARAGE,墙柱面工程、装饰装修工程、弱电智能化工程、标识工程,招牌、灯箱、广告牌、店招、美术字、发光字、亚克力字、不锈钢字、铜字、钛金字、标识、标牌、广告图文、号牌、铭牌、LED显示,清单编码011507/011508/011108、是否定制成品、材质、面积或字数、字高、厚度、是否发光、电源/控制器、安装基层、品牌形象要求、专业分包或甲指乙供,招牌灯箱和美术字通常是定制标识成品或专业系统，只有面板材质、面积/字数和是否发光明确时才输出主材候选；发光、电气、控制、安装结构和品牌定制部分需追问。,作为标识广告定制项边界补充,主材候选/定制成品标记,011507/011508且材质、面积或字数明确可medium；发光字/LED/品牌定制/专业分包最高medium；缺规格或电气边界最高low,材质、面积或字数、字高、厚度、是否发光、电源控制、安装结构、品牌定制范围、专业分包/甲供/甲指乙供,不得把发光字默认拆成LED、电源、控制器和线路；不得把品牌标识定制服务硬拆为通用板材；不得缺规格时高置信计算亚克力板采购量,T2 MAP-S020/S021；T3 MAT-AUX-009、MAT-SGN-001、MAT-WOO-003；损耗表145/1797/737/1379；N1证据缺口：未命中标识广告专用产品标准索引,是
PF-CABINET_COUNTER_WOODWORK_SPEC,项目/清单特征,柜、架、台/服务台/展示柜/暖气罩/现场木作,HIGHRISE_RESIDENTIAL、COMMODITY_HOUSING、AFFORDABLE_HOUSING、LOWRISE_VILLA、INDUSTRIAL_PLANT、UNDERGROUND_GARAGE,装饰装修工程、墙柱面工程、零星装饰工程,011501、011504、柜、架、台、展示柜、货架、服务台、接待台、收银台、吧台、成品柜、装饰柜、全屋定制、暖气罩、散热器罩、木作、现场制作、细木工板,清单编码011501/011504、成品家具或现场木作、是否定制成品、板材类型、饰面材料、基层厚度、展开面积或投影面积、长度/高度/深度、五金清单、固定方式、是否含安装、专业分包/甲供/甲指乙供,柜架台和暖气罩既可能是按台套采购的成品家具/定制柜体，也可能是现场木作基层。命中成品柜、展示柜、服务台、接待台、全屋定制时先按成品或定制范围标记；只有明确现场木作、板材和可换算工程量时才输出细木工板等板材候选。,作为成品家具与现场木作边界补充,成品范围标记/现场木作主材候选,011501/011504且现场木作、板材和面积尺寸明确可medium；成品家具或全屋定制只作范围标记最高medium；缺尺寸、板材、五金或采购责任最高low,成品或现场制作、板材类型和厚度、饰面材料、面积或长宽高、五金明细、固定节点、是否含安装、甲供/甲指乙供/专业分包,不得把成品柜、展示柜、服务台、接待台、全屋定制默认拆成细木工板；不得默认输出铰链、拉手、滑轨、封边条、胶、油漆和锚栓；不得缺尺寸时高置信计算板材采购量,T2 MAP-S013/MAP-S017；T3 MAT-WOO-003、MAT-PRE-002、MAT-BRD-007、MAT-WOO-001；损耗表1410/1415/56/1777/1778/1783/1784/1786/10007；S022本地证据缺口,是
PF-BATH_ACCESSORY_MIRROR_HARDWARE_SPEC,项目/清单特征,浴厕配件/镜箱/镜面玻璃/卫浴五金,HIGHRISE_RESIDENTIAL、COMMODITY_HOUSING、AFFORDABLE_HOUSING、LOWRISE_VILLA、INDUSTRIAL_PLANT、UNDERGROUND_GARAGE,装饰装修工程、墙柱面工程、卫生间精装、给排水工程,011505、浴厕配件、洗厕配件、洗漱台、镜箱、镜面玻璃、银镜、镜子、浴室镜、浴巾架、毛巾架、肥皂盒、手纸盒、纸巾盒、给皂器、喷香机、卫生间五金、卫浴五金、花洒、地漏,清单编码011505、配件类型、镜面面积或成品数量、镜厚、是否成品镜箱、五金材质、规格型号、数量单位、是否成套、是否含安装、是否精装修分包、甲供/甲指乙供,浴厕配件中，当前本地T2/T3只对镜子/银镜形成稳定材料映射；浴巾架、肥皂盒、手纸盒、给皂器等更像卫浴五金或成品配件套装，缺规格和数量时只能标记范围并追问，不能从011505默认深拆。,作为镜面主材与卫浴五金套件边界补充,镜面主材候选/卫浴五金范围标记,011505且明确银镜/镜面玻璃、面积和厚度可medium；成品镜箱或卫浴五金套件最高medium；只写浴厕配件或精装修分包最高low,配件类型、镜面面积或成品数量、镜厚、材质、规格型号、是否成套、是否含安装、采购责任、是否精装修/给排水分包,不得把浴厕配件默认拆成浴巾架、肥皂盒、手纸盒、花洒、地漏或全部卫浴五金；不得缺数量和规格时高置信采购；不得把精装修分包或甲供洁具计入乙方采购量,T2 MAP-S018；T3 MAT-GLA-004、MAT-GLS-001；N1 GB/T23447-2023、GB/T27710-2020局部题录；损耗表36/1430/1554/1555/1558/35；S023本地证据缺口,是
