规则ID,规则类型,适用场景,输入信号,触发条件,判断逻辑,AI动作,拆解深度,置信度上限,待确认字段,禁止动作,核验来源,启用状态
CH-010102,章节路由与支持范围,基础土石方,"010102；[""回填方"",""挖基坑"",""挖沟槽"",""挖冻土"",""挖淤泥"",""石方""]",清单编码前6位或名称关键词命中 基础土石方,可召回T2材料候选，再由K05异常、K08采购责任、K03企业习惯过滤,candidate_infer,候选识别/待扩展,medium/high,,编码和名称冲突时不得直接深拆,S005 本地T1分部代码路由；S006 本地T2清单材料映射,是
CH-010201,章节路由与支持范围,地基处理,"010201；[""不填料"",""填料桩"",""复合地基"",""强夯地基"",""振冲"",""换填垫层"",""旋喷桩"",""水泥土搅拌桩"",""褥垫层"",""预压地基""]",清单编码前6位或名称关键词命中 地基处理,可召回T2材料候选，再由K05异常、K08采购责任、K03企业习惯过滤,candidate_infer,候选识别/待扩展,medium/high,,编码和名称冲突时不得直接深拆,S005 本地T1分部代码路由；S006 本地T2清单材料映射,是
CH-010202,章节路由与支持范围,基坑与边坡支护,"010202；[""冠梁"",""咬合灌注桩"",""喷射混凝土"",""土钉"",""地下连续墙"",""型钢桩"",""型钢水泥土搅拌墙"",""木制桩"",""泥浆外运"",""混凝土板桩""]",清单编码前6位或名称关键词命中 基坑与边坡支护,可召回T2材料候选，再由K05异常、K08采购责任、K03企业习惯过滤,candidate_infer/deep_infer,首批深拆,medium/high,,编码和名称冲突时不得直接深拆,S005 本地T1分部代码路由；S006 本地T2清单材料映射,是
CH-010301,章节路由与支持范围,预制桩,"010301；[""桩头"",""混凝土实心桩"",""混凝土空心桩"",""钢管桩"",""静钻根植桩"",""预制钢筋""]",清单编码前6位或名称关键词命中 预制桩,可召回T2材料候选，再由K05异常、K08采购责任、K03企业习惯过滤,candidate_infer/deep_infer,首批深拆,medium/high,,编码和名称冲突时不得直接深拆,S005 本地T1分部代码路由；S006 本地T2清单材料映射,是
CH-010302,章节路由与支持范围,灌注桩,"010302；[""声测管"",""干作业机械成孔灌注桩"",""成孔灌注桩"",""沉管灌注桩"",""泥浆护壁"",""灌注桩后注浆"",""爆扩成孔灌注桩"",""钻孔压灌桩""]",清单编码前6位或名称关键词命中 灌注桩,可召回T2材料候选，再由K05异常、K08采购责任、K03企业习惯过滤,candidate_infer,候选识别/待扩展,medium/high,,编码和名称冲突时不得直接深拆,S005 本地T1分部代码路由；S006 本地T2清单材料映射,是
CH-010401,章节路由与支持范围,砖砌体,"010401；[""地坪"",""多孔砖墙"",""多孔砖柱"",""实心砖墙"",""实心砖柱"",""明沟"",""砖地沟"",""砖基础"",""砖散水"",""砖检查井"",""空心砖墙"",""贴砌砖墙""]",清单编码前6位或名称关键词命中 砖砌体,可召回T2材料候选，再由K05异常、K08采购责任、K03企业习惯过滤,candidate_infer/deep_infer,首批深拆,medium/high,,编码和名称冲突时不得直接深拆,S005 本地T1分部代码路由；S006 本地T2清单材料映射,是
CH-010402,章节路由与支持范围,砌块砌体,"010402；[""砌块墙"",""砌块柱""]",清单编码前6位或名称关键词命中 砌块砌体,可召回T2材料候选，再由K05异常、K08采购责任、K03企业习惯过滤,candidate_infer/deep_infer,首批深拆,medium/high,,编码和名称冲突时不得直接深拆,S005 本地T1分部代码路由；S006 本地T2清单材料映射,是
CH-010403,章节路由与支持范围,石砌体,"010403；[""明沟"",""石勒脚"",""石台阶"",""石地沟"",""石坡道"",""石基础"",""石墙"",""石护坡"",""石挡土墙"",""石柱"",""石栏杆""]",清单编码前6位或名称关键词命中 石砌体,可召回T2材料候选，再由K05异常、K08采购责任、K03企业习惯过滤,candidate_infer/deep_infer,首批深拆,medium/high,,编码和名称冲突时不得直接深拆,S005 本地T1分部代码路由；S006 本地T2清单材料映射,是
CH-010404,章节路由与支持范围,轻质墙板,"010404；[""轻质保温一体墙板"",""轻质墙板""]",清单编码前6位或名称关键词命中 轻质墙板,可召回T2材料候选，再由K05异常、K08采购责任、K03企业习惯过滤,candidate_infer/deep_infer,首批深拆,medium/high,,编码和名称冲突时不得直接深拆,S005 本地T1分部代码路由；S006 本地T2清单材料映射,是
CH-010501,章节路由与支持范围,基础及楼地面垫层,"010501；[""基础垫层"",""楼地面垫层""]",清单编码前6位或名称关键词命中 基础及楼地面垫层,可召回T2材料候选，再由K05异常、K08采购责任、K03企业习惯过滤,candidate_infer/deep_infer,首批深拆,medium/high,,编码和名称冲突时不得直接深拆,S005 本地T1分部代码路由；S006 本地T2清单材料映射,是
CH-010502,章节路由与支持范围,现浇混凝土构件,"010502；[""其他板"",""内置筒芯"",""内置箱体"",""劲性钢筋"",""劲性钢筋混凝土柱"",""化粪池"",""台阶"",""后浇带"",""圈梁"",""地下室外墙"",""地坪"",""地沟"",""矩形柱"",""框架柱"",""构造柱"",""框架梁"",""过梁"",""剪力墙""]",清单编码前6位或名称关键词命中 现浇混凝土构件,可召回T2材料候选，再由K05异常、K08采购责任、K03企业习惯过滤,candidate_infer/deep_infer,首批深拆,medium/high,,编码和名称冲突时不得直接深拆,S005 本地T1分部代码路由；S006 本地T2清单材料映射,是
CH-010503,章节路由与支持范围,一般预制混凝土构件,"010503；[""井圈"",""其他构件"",""其他梁"",""吊车梁"",""垃圾道"",""大型板"",""天窗架"",""实心条板"",""屋架"",""异型柱"",""异型梁"",""拱形梁""]",清单编码前6位或名称关键词命中 一般预制混凝土构件,可召回T2材料候选，再由K05异常、K08采购责任、K03企业习惯过滤,candidate_infer/deep_infer,首批深拆,medium/high,,编码和名称冲突时不得直接深拆,S005 本地T1分部代码路由；S006 本地T2清单材料映射,是
CH-010504,章节路由与支持范围,装配式预制混凝土构件,"010504；[""其他构件"",""单梁"",""叠合剪力"",""叠合剪力墙后"",""叠合梁"",""叠合楼板"",""墙板"",""外挂墙板"",""夹心保温剪力墙板"",""女儿墙"",""实心剪力"",""实心柱""]",清单编码前6位或名称关键词命中 装配式预制混凝土构件,可召回T2材料候选，再由K05异常、K08采购责任、K03企业习惯过滤,candidate_infer/deep_infer,首批深拆,medium/high,,编码和名称冲突时不得直接深拆,S005 本地T1分部代码路由；S006 本地T2清单材料映射,是
CH-010505,章节路由与支持范围,混凝土模板,"010505；[""其他板模板"",""叠合构件后浇"",""台阶模板"",""后浇带模板"",""圈梁模板"",""地沟模板"",""坡道板模板"",""垫层模板"",""基础模板"",""基础联系梁模板"",""墙面模板"",""屋面板""]",清单编码前6位或名称关键词命中 混凝土模板,可召回T2材料候选，再由K05异常、K08采购责任、K03企业习惯过滤,candidate_infer/deep_infer,首批深拆,medium/high,,编码和名称冲突时不得直接深拆,S005 本地T1分部代码路由；S006 本地T2清单材料映射,是
CH-010506,章节路由与支持范围,钢筋及螺栓、铁件,"010506；[""二次结构钢筋"",""其他板钢筋"",""内配钢筋"",""叠合构件后浇"",""台阶钢筋"",""地坪钢筋"",""坡道板钢筋"",""坡道钢筋"",""基础及联系梁钢筋"",""墙钢筋"",""屋面刚性层"",""挡土墙钢筋"",""HPB300"",""HRB400"",""三级钢""]",清单编码前6位或名称关键词命中 钢筋及螺栓、铁件,可召回T2材料候选，再由K05异常、K08采购责任、K03企业习惯过滤,candidate_infer/deep_infer,首批深拆,medium/high,,编码和名称冲突时不得直接深拆,S005 本地T1分部代码路由；S006 本地T2清单材料映射,是
CH-010601,章节路由与支持范围,钢网架,"010601；[""钢网壳"",""钢网架""]",清单编码前6位或名称关键词命中 钢网架,可召回T2材料候选，再由K05异常、K08采购责任、K03企业习惯过滤,candidate_infer,浅层支持,medium/high,,编码和名称冲突时不得直接深拆,S005 本地T1分部代码路由；S006 本地T2清单材料映射,是
CH-010602,章节路由与支持范围,钢屋架、钢托架、钢桁架,"010602；[""钢屋架"",""钢托架"",""钢桁架""]",清单编码前6位或名称关键词命中 钢屋架、钢托架、钢桁架,可召回T2材料候选，再由K05异常、K08采购责任、K03企业习惯过滤,candidate_infer,浅层支持,medium/high,,编码和名称冲突时不得直接深拆,S005 本地T1分部代码路由；S006 本地T2清单材料映射,是
CH-010603,章节路由与支持范围,钢柱,"010603；[""实腹钢柱"",""空腹钢柱"",""钢管柱""]",清单编码前6位或名称关键词命中 钢柱,可召回T2材料候选，再由K05异常、K08采购责任、K03企业习惯过滤,candidate_infer,浅层支持,medium/high,,编码和名称冲突时不得直接深拆,S005 本地T1分部代码路由；S006 本地T2清单材料映射,是
CH-010604,章节路由与支持范围,钢梁,"010604；[""钢吊车梁"",""钢梁"",""H型钢"",""工字钢""]",清单编码前6位或名称关键词命中 钢梁,可召回T2材料候选，再由K05异常、K08采购责任、K03企业习惯过滤,candidate_infer,浅层支持,medium/high,,编码和名称冲突时不得直接深拆,S005 本地T1分部代码路由；S006 本地T2清单材料映射,是
CH-010605,章节路由与支持范围,钢板楼板、墙板、屋面板,"010605；[""钢屋面板"",""钢板墙板"",""钢板楼板""]",清单编码前6位或名称关键词命中 钢板楼板、墙板、屋面板,可召回T2材料候选，再由K05异常、K08采购责任、K03企业习惯过滤,candidate_infer,浅层支持,medium/high,,编码和名称冲突时不得直接深拆,S005 本地T1分部代码路由；S006 本地T2清单材料映射,是
CH-010606,章节路由与支持范围,钢天窗架、墙架、挡风架,"010606；[""钢墙架"",""钢天窗架"",""钢挡风架""]",清单编码前6位或名称关键词命中 钢天窗架、墙架、挡风架,可召回T2材料候选，再由K05异常、K08采购责任、K03企业习惯过滤,candidate_infer,浅层支持,medium/high,,编码和名称冲突时不得直接深拆,S005 本地T1分部代码路由；S006 本地T2清单材料映射,是
CH-010607,章节路由与支持范围,其他钢构件,"010607；[""钢平台"",""钢护栏"",""钢拉条"",""钢拉索"",""钢支撑"",""钢板天沟"",""钢梯"",""钢檩条"",""钢漏斗"",""钢走道"",""零星钢构件""]",清单编码前6位或名称关键词命中 其他钢构件,可召回T2材料候选，再由K05异常、K08采购责任、K03企业习惯过滤,candidate_infer,浅层支持,medium/high,,编码和名称冲突时不得直接深拆,S005 本地T1分部代码路由；S006 本地T2清单材料映射,是
CH-010608,章节路由与支持范围,钢构件制作及其他,"010608；[""剪力栓钉"",""支座"",""钢构件制作"",""高强螺栓""]",清单编码前6位或名称关键词命中 钢构件制作及其他,可召回T2材料候选，再由K05异常、K08采购责任、K03企业习惯过滤,candidate_infer,浅层支持,medium/high,,编码和名称冲突时不得直接深拆,S005 本地T1分部代码路由；S006 本地T2清单材料映射,是
CH-010609,章节路由与支持范围,金属制品,"010609；[""盖及盖座"",""金属井"",""金属栅栏"",""金属百页护栏"",""金属网栏""]",清单编码前6位或名称关键词命中 金属制品,可召回T2材料候选，再由K05异常、K08采购责任、K03企业习惯过滤,candidate_infer,浅层支持,medium/high,,编码和名称冲突时不得直接深拆,S005 本地T1分部代码路由；S006 本地T2清单材料映射,是
CH-010701,章节路由与支持范围,木屋架,"010701；[""屋架""]",清单编码前6位或名称关键词命中 木屋架,可召回T2材料候选，再由K05异常、K08采购责任、K03企业习惯过滤,candidate_infer,候选识别/待扩展,medium/high,,编码和名称冲突时不得直接深拆,S005 本地T1分部代码路由；S006 本地T2清单材料映射,是
CH-010702,章节路由与支持范围,木构件,"010702；[""其他木构件"",""木柱"",""木梁"",""木楼梯"",""木檩"",""装配式木楼梯""]",清单编码前6位或名称关键词命中 木构件,可召回T2材料候选，再由K05异常、K08采购责任、K03企业习惯过滤,candidate_infer,候选识别/待扩展,medium/high,,编码和名称冲突时不得直接深拆,S005 本地T1分部代码路由；S006 本地T2清单材料映射,是
CH-010703,章节路由与支持范围,屋面木基层,"010703；[""屋面木基层""]",清单编码前6位或名称关键词命中 屋面木基层,可召回T2材料候选，再由K05异常、K08采购责任、K03企业习惯过滤,candidate_infer,候选识别/待扩展,medium/high,,编码和名称冲突时不得直接深拆,S005 本地T1分部代码路由；S006 本地T2清单材料映射,是
CH-010801,章节路由与支持范围,木门,"010801；[""木质连窗门"",""木质门"",""木质门带套"",""木质防火门"",""木门框"",""门锁安装""]",清单编码前6位或名称关键词命中 木门,可召回T2材料候选，再由K05异常、K08采购责任、K03企业习惯过滤,candidate_infer/deep_infer,首批深拆,medium/high,,编码和名称冲突时不得直接深拆,S005 本地T1分部代码路由；S006 本地T2清单材料映射,是
CH-010802,章节路由与支持范围,金属门,"010802；[""塑钢"",""彩板门"",""金属"",""钢质防火门"",""防盗门""]",清单编码前6位或名称关键词命中 金属门,可召回T2材料候选，再由K05异常、K08采购责任、K03企业习惯过滤,candidate_infer/deep_infer,首批深拆,medium/high,,编码和名称冲突时不得直接深拆,S005 本地T1分部代码路由；S006 本地T2清单材料映射,是
CH-010803,章节路由与支持范围,金属卷帘(闸)门,"010803；[""金属卷帘"",""防火卷帘""]",清单编码前6位或名称关键词命中 金属卷帘(闸)门,可召回T2材料候选，再由K05异常、K08采购责任、K03企业习惯过滤,candidate_infer/deep_infer,首批深拆,medium/high,,编码和名称冲突时不得直接深拆,S005 本地T1分部代码路由；S006 本地T2清单材料映射,是
CH-010804,章节路由与支持范围,厂库房大门、特种门,"010804；[""全钢板大门"",""木板大门"",""特种门"",""金属格栅门"",""钢木大门"",""钢质花饰大门"",""防护铁丝门""]",清单编码前6位或名称关键词命中 厂库房大门、特种门,可召回T2材料候选，再由K05异常、K08采购责任、K03企业习惯过滤,candidate_infer/deep_infer,首批深拆,medium/high,,编码和名称冲突时不得直接深拆,S005 本地T1分部代码路由；S006 本地T2清单材料映射,是
CH-010805,章节路由与支持范围,其他门,"010805；[""不锈钢饰面门"",""全玻自由门"",""复合材料门"",""电动伸缩门"",""电动旋转门"",""电子感应门""]",清单编码前6位或名称关键词命中 其他门,可召回T2材料候选，再由K05异常、K08采购责任、K03企业习惯过滤,candidate_infer/deep_infer,首批深拆,medium/high,,编码和名称冲突时不得直接深拆,S005 本地T1分部代码路由；S006 本地T2清单材料映射,是
CH-010806,章节路由与支持范围,木窗,"010806；[""木橱窗"",""木纱窗"",""木质窗"",""木飘""]",清单编码前6位或名称关键词命中 木窗,可召回T2材料候选，再由K05异常、K08采购责任、K03企业习惯过滤,candidate_infer/deep_infer,首批深拆,medium/high,,编码和名称冲突时不得直接深拆,S005 本地T1分部代码路由；S006 本地T2清单材料映射,是
CH-010807,章节路由与支持范围,金属窗,"010807；[""塑钢"",""复合材料窗"",""彩板窗"",""橱窗"",""金属"",""金属格栅窗"",""金属百叶窗"",""金属纱窗"",""金属防火窗""]",清单编码前6位或名称关键词命中 金属窗,可召回T2材料候选，再由K05异常、K08采购责任、K03企业习惯过滤,candidate_infer/deep_infer,首批深拆,medium/high,,编码和名称冲突时不得直接深拆,S005 本地T1分部代码路由；S006 本地T2清单材料映射,是
CH-010808,章节路由与支持范围,门窗套,"010808；[""成品门窗套"",""木门窗套"",""石材门窗套"",""金属门窗套""]",清单编码前6位或名称关键词命中 门窗套,可召回T2材料候选，再由K05异常、K08采购责任、K03企业习惯过滤,candidate_infer/deep_infer,首批深拆,medium/high,,编码和名称冲突时不得直接深拆,S005 本地T1分部代码路由；S006 本地T2清单材料映射,是
CH-010809,章节路由与支持范围,窗台板,"010809；[""窗台板""]",清单编码前6位或名称关键词命中 窗台板,可召回T2材料候选，再由K05异常、K08采购责任、K03企业习惯过滤,candidate_infer/deep_infer,首批深拆,medium/high,,编码和名称冲突时不得直接深拆,S005 本地T1分部代码路由；S006 本地T2清单材料映射,是
CH-010810,章节路由与支持范围,窗帘、窗帘盒、轨,"010810；[""窗帘"",""窗帘盒"",""窗帘轨""]",清单编码前6位或名称关键词命中 窗帘、窗帘盒、轨,可召回T2材料候选，再由K05异常、K08采购责任、K03企业习惯过滤,candidate_infer/deep_infer,首批深拆,medium/high,,编码和名称冲突时不得直接深拆,S005 本地T1分部代码路由；S006 本地T2清单材料映射,是
CH-010901,章节路由与支持范围,屋面,"010901；[""天沟"",""屋面变形缝"",""屋面成品"",""檐沟"",""玻璃采光顶"",""玻璃钢屋面"",""瓦屋面"",""膜结构屋面"",""金属板幕墙顶"",""阳光板屋面""]",清单编码前6位或名称关键词命中 屋面,可召回T2材料候选，再由K05异常、K08采购责任、K03企业习惯过滤,mark_only,只识别范围/风险标记,medium/high,,编码和名称冲突时不得直接深拆,S005 本地T1分部代码路由；S006 本地T2清单材料映射,是
CH-010902,章节路由与支持范围,屋面防水及其他,"010902；[""屋面"",""屋面刚性层"",""屋面卷材防水"",""屋面排"",""屋面排水板"",""屋面排水管"",""屋面柔性隔离层"",""屋面涂膜防水"",""檐沟防水"",""气管"",""水管"",""阳台"",""SBS""]",清单编码前6位或名称关键词命中 屋面防水及其他,可召回T2材料候选，再由K05异常、K08采购责任、K03企业习惯过滤,candidate_infer/deep_infer,首批深拆,medium/high,,编码和名称冲突时不得直接深拆,S005 本地T1分部代码路由；S006 本地T2清单材料映射,是
CH-010903,章节路由与支持范围,墙面防水、防潮,"010903；[""墙面卷材防水"",""墙面变形缝"",""墙面涂膜防水"",""墙面砂浆防水""]",清单编码前6位或名称关键词命中 墙面防水、防潮,可召回T2材料候选，再由K05异常、K08采购责任、K03企业习惯过滤,candidate_infer/deep_infer,首批深拆,medium/high,,编码和名称冲突时不得直接深拆,S005 本地T1分部代码路由；S006 本地T2清单材料映射,是
CH-010904,章节路由与支持范围,楼(地)面防水、防潮,"010904；[""防水"",""防潮"",""面卷材防水"",""面变形缝"",""面涂膜防水"",""面砂浆""]",清单编码前6位或名称关键词命中 楼(地)面防水、防潮,可召回T2材料候选，再由K05异常、K08采购责任、K03企业习惯过滤,candidate_infer/deep_infer,首批深拆,medium/high,,编码和名称冲突时不得直接深拆,S005 本地T1分部代码路由；S006 本地T2清单材料映射,是
CH-010905,章节路由与支持范围,基础防水及止水带,"010905；[""基础卷材防水"",""基础涂膜防水"",""止水带""]",清单编码前6位或名称关键词命中 基础防水及止水带,可召回T2材料候选，再由K05异常、K08采购责任、K03企业习惯过滤,candidate_infer/deep_infer,首批深拆,medium/high,,编码和名称冲突时不得直接深拆,S005 本地T1分部代码路由；S006 本地T2清单材料映射,是
CH-011001,章节路由与支持范围,保温、隔热,"011001；[""保温柱"",""保温隔热"",""保温隔热墙面"",""保温隔热天棚"",""其他保温隔热"",""屋面"",""楼地面"",""外墙保温"",""EPS"",""XPS""]",清单编码前6位或名称关键词命中 保温、隔热,可召回T2材料候选，再由K05异常、K08采购责任、K03企业习惯过滤,candidate_infer/deep_infer,首批深拆,medium/high,,编码和名称冲突时不得直接深拆,S005 本地T1分部代码路由；S006 本地T2清单材料映射,是
CH-011002,章节路由与支持范围,防腐面层,"011002；[""块料防腐面层"",""槽块料"",""玻璃钢"",""聚氯乙烯板面层"",""防腐混凝土面层"",""防腐砂浆面层"",""防腐胶泥面层"",""防腐面层""]",清单编码前6位或名称关键词命中 防腐面层,可召回T2材料候选，再由K05异常、K08采购责任、K03企业习惯过滤,candidate_infer/deep_infer,首批深拆,medium/high,,编码和名称冲突时不得直接深拆,S005 本地T1分部代码路由；S006 本地T2清单材料映射,是
CH-011003,章节路由与支持范围,其他防腐,"011003；[""浸渍砖"",""砌筑沥青"",""防腐涂料"",""隔离层防腐""]",清单编码前6位或名称关键词命中 其他防腐,可召回T2材料候选，再由K05异常、K08采购责任、K03企业习惯过滤,candidate_infer/deep_infer,首批深拆,medium/high,,编码和名称冲突时不得直接深拆,S005 本地T1分部代码路由；S006 本地T2清单材料映射,是
CH-011101,章节路由与支持范围,整体面层及找平层,"011101；[""塑胶地面"",""平面砂浆找平层"",""楼地面"",""水泥砂浆"",""细石混凝土找平层"",""细石混凝土楼地面"",""耐磨楼地面"",""自流平找平层"",""自流平楼地面""]",清单编码前6位或名称关键词命中 整体面层及找平层,可召回T2材料候选，再由K05异常、K08采购责任、K03企业习惯过滤,candidate_infer/deep_infer,首批深拆,medium/high,,编码和名称冲突时不得直接深拆,S005 本地T1分部代码路由；S006 本地T2清单材料映射,是
CH-011102,章节路由与支持范围,石材及块料面层,"011102；[""块料楼地面"",""拼碎石"",""材楼地面"",""石材楼地面"",""瓷砖"",""地砖"",""玻化砖""]",清单编码前6位或名称关键词命中 石材及块料面层,可召回T2材料候选，再由K05异常、K08采购责任、K03企业习惯过滤,candidate_infer/deep_infer,首批深拆,medium/high,,编码和名称冲突时不得直接深拆,S005 本地T1分部代码路由；S006 本地T2清单材料映射,是
CH-011103,章节路由与支持范围,橡塑面层,"011103；[""地板"",""塑胶运动"",""橡塑卷材楼地面"",""橡塑板楼地面""]",清单编码前6位或名称关键词命中 橡塑面层,可召回T2材料候选，再由K05异常、K08采购责任、K03企业习惯过滤,candidate_infer/deep_infer,首批深拆,medium/high,,编码和名称冲突时不得直接深拆,S005 本地T1分部代码路由；S006 本地T2清单材料映射,是
CH-011104,章节路由与支持范围,其他材料面层,"011104；[""地板"",""地毯楼地面"",""复合"",""金属复合地板""]",清单编码前6位或名称关键词命中 其他材料面层,可召回T2材料候选，再由K05异常、K08采购责任、K03企业习惯过滤,candidate_infer/deep_infer,首批深拆,medium/high,,编码和名称冲突时不得直接深拆,S005 本地T1分部代码路由；S006 本地T2清单材料映射,是
CH-011105,章节路由与支持范围,踢脚线,"011105；[""块料踢脚线"",""塑料板踢脚线"",""木质踢脚线"",""水泥砂浆踢脚线"",""石材踢脚线"",""金属踢脚线""]",清单编码前6位或名称关键词命中 踢脚线,可召回T2材料候选，再由K05异常、K08采购责任、K03企业习惯过滤,candidate_infer/deep_infer,首批深拆,medium/high,,编码和名称冲突时不得直接深拆,S005 本地T1分部代码路由；S006 本地T2清单材料映射,是
CH-011106,章节路由与支持范围,楼梯面层,"011106；[""地毯楼梯"",""块料楼梯"",""复合"",""木板"",""楼梯"",""橡塑卷材楼梯"",""橡塑板楼梯"",""水泥砂浆楼梯"",""石材楼梯""]",清单编码前6位或名称关键词命中 楼梯面层,可召回T2材料候选，再由K05异常、K08采购责任、K03企业习惯过滤,candidate_infer/deep_infer,首批深拆,medium/high,,编码和名称冲突时不得直接深拆,S005 本地T1分部代码路由；S006 本地T2清单材料映射,是
CH-011107,章节路由与支持范围,台阶装饰,"011107；[""剁假石台阶"",""块料台阶"",""拼碎石材台阶"",""水泥砂浆台阶"",""石材台阶""]",清单编码前6位或名称关键词命中 台阶装饰,可召回T2材料候选，再由K05异常、K08采购责任、K03企业习惯过滤,candidate_infer/deep_infer,首批深拆,medium/high,,编码和名称冲突时不得直接深拆,S005 本地T1分部代码路由；S006 本地T2清单材料映射,是
CH-011108,章节路由与支持范围,零星装饰项目,"011108；[""减速带"",""块料零星"",""墙柱面防撞条"",""广角镜安装"",""拼碎石材"",""标志牌"",""标识"",""水泥砂浆"",""石材零星"",""车库标线"",""车挡"",""零星项目""]",清单编码前6位或名称关键词命中 零星装饰项目,可召回T2材料候选，再由K05异常、K08采购责任、K03企业习惯过滤,candidate_infer/deep_infer,首批深拆,medium/high,,编码和名称冲突时不得直接深拆,S005 本地T1分部代码路由；S006 本地T2清单材料映射,是
CH-011109,章节路由与支持范围,装配式楼地面及其他,"011109；[""架空地板"",""装配式踢脚线""]",清单编码前6位或名称关键词命中 装配式楼地面及其他,可召回T2材料候选，再由K05异常、K08采购责任、K03企业习惯过滤,candidate_infer/deep_infer,首批深拆,medium/high,,编码和名称冲突时不得直接深拆,S005 本地T1分部代码路由；S006 本地T2清单材料映射,是
CH-011201,章节路由与支持范围,墙、柱面抹灰,"011201；[""柱面一般抹灰"",""柱面勾缝"",""柱面装饰抹灰"",""立面砂浆找平层"",""墙面抹灰"",""抹灰""]",清单编码前6位或名称关键词命中 墙、柱面抹灰,可召回T2材料候选，再由K05异常、K08采购责任、K03企业习惯过滤,candidate_infer/deep_infer,首批深拆,medium/high,,编码和名称冲突时不得直接深拆,S005 本地T1分部代码路由；S006 本地T2清单材料映射,是
CH-011202,章节路由与支持范围,零星抹灰,"011202；[""一般抹灰"",""砂浆找平"",""装饰抹灰"",""零星项目""]",清单编码前6位或名称关键词命中 零星抹灰,可召回T2材料候选，再由K05异常、K08采购责任、K03企业习惯过滤,candidate_infer/deep_infer,首批深拆,medium/high,,编码和名称冲突时不得直接深拆,S005 本地T1分部代码路由；S006 本地T2清单材料映射,是
CH-011203,章节路由与支持范围,墙、柱面块料面层,"011203；[""块料墙"",""拼碎石材墙"",""柱面"",""石材墙"",""墙面砖"",""内墙砖"",""瓷砖墙面""]",清单编码前6位或名称关键词命中 墙、柱面块料面层,可召回T2材料候选，再由K05异常、K08采购责任、K03企业习惯过滤,candidate_infer/deep_infer,首批深拆,medium/high,,编码和名称冲突时不得直接深拆,S005 本地T1分部代码路由；S006 本地T2清单材料映射,是
CH-011204,章节路由与支持范围,零星块料面层,"011204；[""块料零星项目"",""拼碎石材"",""石材零星项目"",""零星项目""]",清单编码前6位或名称关键词命中 零星块料面层,可召回T2材料候选，再由K05异常、K08采购责任、K03企业习惯过滤,candidate_infer/deep_infer,首批深拆,medium/high,,编码和名称冲突时不得直接深拆,S005 本地T1分部代码路由；S006 本地T2清单材料映射,是
CH-011205,章节路由与支持范围,墙、柱饰面,"011205；[""柱面"",""柱面保温"",""柱面装配式装饰板"",""柱面装饰浮雕"",""柱面软包"",""装饰一体板"",""装饰板""]",清单编码前6位或名称关键词命中 墙、柱饰面,可召回T2材料候选，再由K05异常、K08采购责任、K03企业习惯过滤,candidate_infer/deep_infer,首批深拆,medium/high,,编码和名称冲突时不得直接深拆,S005 本地T1分部代码路由；S006 本地T2清单材料映射,是
CH-011206,章节路由与支持范围,幕墙工程,"011206；[""全玻"",""单元式幕墙"",""幕墙"",""幕墙开启扇"",""无框玻璃"",""构件式人造板幕墙"",""构件式玻璃幕墙"",""构件式石材幕墙"",""构件式金属板幕墙"",""点支承"",""玻璃幕墙""]",清单编码前6位或名称关键词命中 幕墙工程,可召回T2材料候选，再由K05异常、K08采购责任、K03企业习惯过滤,mark_only,只识别范围/风险标记,medium/high,,编码和名称冲突时不得直接深拆,S005 本地T1分部代码路由；S006 本地T2清单材料映射,是
CH-011207,章节路由与支持范围,隔墙、隔断,"011207；[""成品隔断"",""轻质隔墙"",""轻质隔断""]",清单编码前6位或名称关键词命中 隔墙、隔断,可召回T2材料候选，再由K05异常、K08采购责任、K03企业习惯过滤,candidate_infer/deep_infer,首批深拆,medium/high,,编码和名称冲突时不得直接深拆,S005 本地T1分部代码路由；S006 本地T2清单材料映射,是
CH-011301,章节路由与支持范围,天棚抹灰,"011301；[""天棚抹灰""]",清单编码前6位或名称关键词命中 天棚抹灰,可召回T2材料候选，再由K05异常、K08采购责任、K03企业习惯过滤,candidate_infer,浅层支持,medium/high,,编码和名称冲突时不得直接深拆,S005 本地T1分部代码路由；S006 本地T2清单材料映射,是
CH-011302,章节路由与支持范围,天棚吊顶,"011302；[""吊筒吊顶"",""吊顶"",""天棚"",""平面吊顶天棚"",""格栅吊顶"",""织物软雕"",""艺术造型吊顶天棚"",""藤条造型悬挂吊顶"",""装饰网架吊顶"",""跌级吊顶"",""石膏板""]",清单编码前6位或名称关键词命中 天棚吊顶,可召回T2材料候选，再由K05异常、K08采购责任、K03企业习惯过滤,candidate_infer,浅层支持,medium/high,,编码和名称冲突时不得直接深拆,S005 本地T1分部代码路由；S006 本地T2清单材料映射,是
CH-011303,章节路由与支持范围,天棚其他装饰,"011303；[""块料梁面"",""成品装饰口"",""成品装饰带"",""挡烟垂壁"",""装饰板梁面""]",清单编码前6位或名称关键词命中 天棚其他装饰,可召回T2材料候选，再由K05异常、K08采购责任、K03企业习惯过滤,candidate_infer,浅层支持,medium/high,,编码和名称冲突时不得直接深拆,S005 本地T1分部代码路由；S006 本地T2清单材料映射,是
CH-011401,章节路由与支持范围,木材面油漆,"011401；[""木地板"",""木地板油漆"",""木材面油漆"",""木板条"",""木窗油漆"",""木门油漆"",""烫硬蜡面"",""线条油漆""]",清单编码前6位或名称关键词命中 木材面油漆,可召回T2材料候选，再由K05异常、K08采购责任、K03企业习惯过滤,candidate_infer,浅层支持,medium/high,,编码和名称冲突时不得直接深拆,S005 本地T1分部代码路由；S006 本地T2清单材料映射,是
CH-011402,章节路由与支持范围,金属面油漆,"011402；[""金属构件"",""金属构件油漆"",""金属窗油漆"",""金属门油漆"",""金属面油漆"",""除锈""]",清单编码前6位或名称关键词命中 金属面油漆,可召回T2材料候选，再由K05异常、K08采购责任、K03企业习惯过滤,candidate_infer,浅层支持,medium/high,,编码和名称冲突时不得直接深拆,S005 本地T1分部代码路由；S006 本地T2清单材料映射,是
CH-011403,章节路由与支持范围,抹灰面油漆,"011403；[""刮腻子"",""抹灰线条油漆"",""抹灰面油漆""]",清单编码前6位或名称关键词命中 抹灰面油漆,可召回T2材料候选，再由K05异常、K08采购责任、K03企业习惯过滤,candidate_infer,浅层支持,medium/high,,编码和名称冲突时不得直接深拆,S005 本地T1分部代码路由；S006 本地T2清单材料映射,是
CH-011404,章节路由与支持范围,喷刷涂料,"011404；[""墙面喷刷"",""天棚喷刷"",""栏杆刷涂料"",""涂料"",""乳胶漆"",""空花格"",""线条刷涂料"",""金属构件喷刷防火涂料"",""金属面喷刷"",""防火涂料"",""防火漆"",""钢结构"",""钢构""]",清单编码前6位或名称关键词命中 喷刷涂料,可召回T2材料候选，再由K05异常、K08采购责任、K03企业习惯过滤,candidate_infer,浅层支持,medium/high,,编码和名称冲突时不得直接深拆,S005 本地T1分部代码路由；S006 本地T2清单材料映射,是
CH-011405,章节路由与支持范围,裱糊,"011405；[""墙纸裱糊"",""织锦缎裱糊""]",清单编码前6位或名称关键词命中 裱糊,可召回T2材料候选，再由K05异常、K08采购责任、K03企业习惯过滤,candidate_infer,浅层支持,medium/high,,编码和名称冲突时不得直接深拆,S005 本地T1分部代码路由；S006 本地T2清单材料映射,是
CH-011501,章节路由与支持范围,柜、架、台,"011501；[""成品柜"",""装饰台"",""装饰架"",""装饰柜""]",清单编码前6位或名称关键词命中 柜、架、台,可召回T2材料候选，再由K05异常、K08采购责任、K03企业习惯过滤,candidate_infer,候选识别/待扩展,medium/high,,编码和名称冲突时不得直接深拆,S005 本地T1分部代码路由；S006 本地T2清单材料映射,是
CH-011502,章节路由与支持范围,装饰线条,"011502；[""成品装饰线条""]",清单编码前6位或名称关键词命中 装饰线条,可召回T2材料候选，再由K05异常、K08采购责任、K03企业习惯过滤,candidate_infer,候选识别/待扩展,medium/high,,编码和名称冲突时不得直接深拆,S005 本地T1分部代码路由；S006 本地T2清单材料映射,是
CH-011503,章节路由与支持范围,扶手栏杆栏板装饰,"011503；[""不带扶手的"",""带扶手的"",""成品带扶手栏杆"",""扶手"",""栏杆"",""栏板""]",清单编码前6位或名称关键词命中 扶手栏杆栏板装饰,可召回T2材料候选，再由K05异常、K08采购责任、K03企业习惯过滤,candidate_infer,候选识别/待扩展,medium/high,,编码和名称冲突时不得直接深拆,S005 本地T1分部代码路由；S006 本地T2清单材料映射,是
CH-011504,章节路由与支持范围,暖气罩,"011504；[""成品暖气罩"",""暖气罩""]",清单编码前6位或名称关键词命中 暖气罩,可召回T2材料候选，再由K05异常、K08采购责任、K03企业习惯过滤,candidate_infer,候选识别/待扩展,medium/high,,编码和名称冲突时不得直接深拆,S005 本地T1分部代码路由；S006 本地T2清单材料映射,是
CH-011505,章节路由与支持范围,浴厕配件,"011505；[""洗厕配件"",""洗漱台"",""镜箱"",""镜面玻璃""]",清单编码前6位或名称关键词命中 浴厕配件,可召回T2材料候选，再由K05异常、K08采购责任、K03企业习惯过滤,candidate_infer,候选识别/待扩展,medium/high,,编码和名称冲突时不得直接深拆,S005 本地T1分部代码路由；S006 本地T2清单材料映射,是
CH-011506,章节路由与支持范围,雨篷旗杆装饰柱,"011506；[""成品装饰柱"",""装饰板雨篷"",""金属旗杆""]",清单编码前6位或名称关键词命中 雨篷旗杆装饰柱,可召回T2材料候选，再由K05异常、K08采购责任、K03企业习惯过滤,candidate_infer,候选识别/待扩展,medium/high,,编码和名称冲突时不得直接深拆,S005 本地T1分部代码路由；S006 本地T2清单材料映射,是
CH-011507,章节路由与支持范围,招牌灯箱,"011507；[""信报箱"",""平面"",""灯箱"",""竖式标箱"",""箱式招牌""]",清单编码前6位或名称关键词命中 招牌灯箱,可召回T2材料候选，再由K05异常、K08采购责任、K03企业习惯过滤,candidate_infer,候选识别/待扩展,medium/high,,编码和名称冲突时不得直接深拆,S005 本地T1分部代码路由；S006 本地T2清单材料映射,是
CH-011508,章节路由与支持范围,美术字,"011508；[""美术字""]",清单编码前6位或名称关键词命中 美术字,可召回T2材料候选，再由K05异常、K08采购责任、K03企业习惯过滤,candidate_infer,候选识别/待扩展,medium/high,,编码和名称冲突时不得直接深拆,S005 本地T1分部代码路由；S006 本地T2清单材料映射,是
PR-CODE_STANDARD_PREFIX,清单编制实务,分部分项、措施项目、其他项目、补充项目,"{""code_prefix_required"":true}","{""code_prefix_required"":true}",清单编码应能反映专业和分部,prefer_code_match,按问题调整,medium,,不得忽略清单边界问题直接输出高置信材料,GB 50500 工程量清单计价规范及房建清单编制实务,是
PR-CODE_MISSING_NAME_FALLBACK,清单编制实务,分部分项、措施项目、其他项目、补充项目,"{""missing_code"":true}","{""missing_code"":true}",清单编码缺失时可按名称和项目特征兜底,fallback_to_name_match,按问题调整,medium,确认标准清单项,不得忽略清单边界问题直接输出高置信材料,GB 50500 工程量清单计价规范及房建清单编制实务,是
PR-CODE_NON_STANDARD_SUPPLEMENT,清单编制实务,分部分项、措施项目、其他项目、补充项目,"{""code_non_standard"":true}","{""code_non_standard"":true}",补充项目无标准编码,candidate_infer,按问题调整,low/medium,确认清单归属章节,不得忽略清单边界问题直接输出高置信材料,GB 50500 工程量清单计价规范及房建清单编制实务,是
PR-NAME_SHOULD_DESCRIBE_WORK_RESULT,清单编制实务,分部分项、措施项目、其他项目、补充项目,"{""name_required"":true}","{""name_required"":true}",项目名称应描述工程成果,use_name_for_task,按问题调整,medium,,不得忽略清单边界问题直接输出高置信材料,GB 50500 工程量清单计价规范及房建清单编制实务,是
PR-NAME_TOO_GENERIC,清单编制实务,分部分项、措施项目、其他项目、补充项目,"{""generic_names"":[""工程"",""项目"",""综合项""]}","{""generic_names"":[""工程"",""项目"",""综合项""]}",项目名称过于泛化,ask_user,按问题调整,medium,补充项目名称或工程对象,不得忽略清单边界问题直接输出高置信材料,GB 50500 工程量清单计价规范及房建清单编制实务,是
PR-FEATURE_MATERIAL_REQUIRED,清单编制实务,分部分项、措施项目、其他项目、补充项目,"{""feature_requires_material"":true}","{""feature_requires_material"":true}",项目特征应描述材质/规格/做法,ask_user,按问题调整,low/medium,补充材料类型,不得忽略清单边界问题直接输出高置信材料,GB 50500 工程量清单计价规范及房建清单编制实务,是
PR-FEATURE_THICKNESS_REQUIRED_FOR_LAYER,清单编制实务,分部分项、措施项目、其他项目、补充项目,"{""layer_material_requires_thickness"":true}","{""layer_material_requires_thickness"":true}",层状材料应描述厚度,ask_user,按问题调整,low/medium,补充厚度,不得忽略清单边界问题直接输出高置信材料,GB 50500 工程量清单计价规范及房建清单编制实务,是
PR-FEATURE_CAN_REFERENCE_DRAWING,清单编制实务,分部分项、措施项目、其他项目、补充项目,"{""keywords"":[""详见图纸"",""详见图集""]}","{""keywords"":[""详见图纸"",""详见图集""]}",项目特征常引用图纸/图集,mark_low_confidence,按问题调整,medium,提供图纸做法或确认参数,不得忽略清单边界问题直接输出高置信材料,GB 50500 工程量清单计价规范及房建清单编制实务,是
PR-UNIT_M3_STRUCTURE,清单编制实务,分部分项、措施项目、其他项目、补充项目,"{""units"":[""m³"",""m3""]}","{""units"":[""m³"",""m3""]}",m³通常用于混凝土、砌体等体积项目,direct_infer_if_features_complete,按问题调整,medium,,不得忽略清单边界问题直接输出高置信材料,GB 50500 工程量清单计价规范及房建清单编制实务,是
PR-UNIT_M2_LAYER_REQUIRES_THICKNESS,清单编制实务,分部分项、措施项目、其他项目、补充项目,"{""units"":[""m²"",""m2""],""layer_item"":true}","{""units"":[""m²"",""m2""],""layer_item"":true}",m²层状项目常需要厚度,ask_user,按问题调整,low/medium,补充厚度/遍数,不得忽略清单边界问题直接输出高置信材料,GB 50500 工程量清单计价规范及房建清单编制实务,是
PR-UNIT_ITEM_COMPREHENSIVE,清单编制实务,分部分项、措施项目、其他项目、补充项目,"{""units"":[""项"",""宗"",""系统""]}","{""units"":[""项"",""宗"",""系统""]}",项/宗/系统为综合单位,mark_only,按问题调整,low/medium,确认拆分口径,不得忽略清单边界问题直接输出高置信材料,GB 50500 工程量清单计价规范及房建清单编制实务,是
PR-QTY_ABNORMAL_NEEDS_REVIEW,清单编制实务,分部分项、措施项目、其他项目、补充项目,"{""abnormal_quantity"":true}","{""abnormal_quantity"":true}",工程量明显异常应复核,mark_review,按问题调整,medium,确认工程量,不得忽略清单边界问题直接输出高置信材料,GB 50500 工程量清单计价规范及房建清单编制实务,是
PR-WORK_CONTENT_BOUNDARY_CLEAR,清单编制实务,分部分项、措施项目、其他项目、补充项目,"{""boundary_text_present"":true}","{""boundary_text_present"":true}",工作内容边界应与材料范围一致,use_boundary_text,按问题调整,medium,,不得忽略清单边界问题直接输出高置信材料,GB 50500 工程量清单计价规范及房建清单编制实务,是
PR-MATERIAL_SEPARATE_EXCLUDE,清单编制实务,分部分项、措施项目、其他项目、补充项目,"{""material_boundary_keywords"":[""单独列项"",""单列"",""另列"",""另行列项"",""另计"",""不含"",""不计入""]}","清单项目特征或备注中某材料名称/材料类型与单列边界词同时出现",该材料由其他清单项承担，不应在当前清单行继续深拆或进入采购清单,exclude_material_from_current_line,按问题调整,high,,不得在当前清单行输出该材料或将其计入采购量,GB 50500 工程量清单计价规范及房建清单编制实务,是
PR-WORK_CONTENT_INCLUDES_ALL,清单编制实务,分部分项、措施项目、其他项目、补充项目,"{""keywords"":[""包含全部工作"",""综合考虑""]}","{""keywords"":[""包含全部工作"",""综合考虑""]}",包含全部工作属于泛化表达,candidate_infer,按问题调整,medium,确认工作内容边界,不得忽略清单边界问题直接输出高置信材料,GB 50500 工程量清单计价规范及房建清单编制实务,是
PR-MEASURE_ITEMS_SEPARATE,清单编制实务,分部分项、措施项目、其他项目、补充项目,"{""measure_items"":[""模板"",""脚手架""]}","{""measure_items"":[""模板"",""脚手架""]}",模板脚手架等措施项目通常单独列项,remove_measure_materials,按问题调整,medium,确认是否输出措施材料,不得忽略清单边界问题直接输出高置信材料,GB 50500 工程量清单计价规范及房建清单编制实务,是
PR-MEASURE_MERGED_IN_ENTITY,清单编制实务,分部分项、措施项目、其他项目、补充项目,"{""keywords"":[""含模板"",""含脚手架"",""措施并入""]}","{""keywords"":[""含模板"",""含脚手架"",""措施并入""]}",措施项目并入实体项,ask_user,按问题调整,low/medium,确认措施材料是否输出,不得忽略清单边界问题直接输出高置信材料,GB 50500 工程量清单计价规范及房建清单编制实务,是
PR-TEMPORARY_ESTIMATE_BLOCK,清单编制实务,分部分项、措施项目、其他项目、补充项目,"{""keywords"":[""暂估价"",""专业工程暂估""]}","{""keywords"":[""暂估价"",""专业工程暂估""]}",暂估价项目不应默认拆材料,block_infer,按问题调整,low/medium,确认暂估价范围,不得忽略清单边界问题直接输出高置信材料,GB 50500 工程量清单计价规范及房建清单编制实务,是
PR-OWNER_SUPPLIED_BOUNDARY,清单编制实务,分部分项、措施项目、其他项目、补充项目,"{""keywords"":[""甲供"",""发包人供应""]}","{""keywords"":[""甲供"",""发包人供应""]}",甲供材不应进入乙方采购清单,mark_responsibility,按问题调整,low/medium,确认甲供范围,不得忽略清单边界问题直接输出高置信材料,GB 50500 工程量清单计价规范及房建清单编制实务,是
PR-SUBCONTRACT_BOUNDARY,清单编制实务,分部分项、措施项目、其他项目、补充项目,"{""keywords"":[""专业分包"",""分包工程""]}","{""keywords"":[""专业分包"",""分包工程""]}",专业分包项目不默认深拆,mark_only,按问题调整,low/medium,确认是否由分包自采,不得忽略清单边界问题直接输出高置信材料,GB 50500 工程量清单计价规范及房建清单编制实务,是
PR-PROVISIONAL_SUM_NOT_MATERIAL,清单编制实务,分部分项、措施项目、其他项目、补充项目,"{""keywords"":[""暂列金额""]}","{""keywords"":[""暂列金额""]}",暂列金额不是材料清单,block_infer,按问题调整,low/medium,确认费用性质,不得忽略清单边界问题直接输出高置信材料,GB 50500 工程量清单计价规范及房建清单编制实务,是
PR-BQX_01_01,清单编制实务,分部分项/措施/其他/补充项目,编码缺位,编码缺位,编码缺位,标记风险并调整置信度,按问题调整,medium,按问题补充缺失参数或边界,不得忽略清单边界问题直接输出高置信材料,GB/T50500-2024、GB/T50854-2024、工程量清单编制实务,是
PR-BQX_01_02,清单编制实务,分部分项/措施/其他/补充项目,编码位数异常,编码位数异常,编码位数异常,标记风险并调整置信度,按问题调整,medium,按问题补充缺失参数或边界,不得忽略清单边界问题直接输出高置信材料,GB/T50500-2024、GB/T50854-2024、工程量清单编制实务,是
PR-BQX_01_03,清单编制实务,分部分项/措施/其他/补充项目,编码专业前缀异常,编码专业前缀异常,编码专业前缀异常,标记风险并调整置信度,按问题调整,medium,按问题补充缺失参数或边界,不得忽略清单边界问题直接输出高置信材料,GB/T50500-2024、GB/T50854-2024、工程量清单编制实务,是
PR-BQX_01_04,清单编制实务,分部分项/措施/其他/补充项目,编码与章节不一致,编码与章节不一致,编码与章节不一致,标记风险并调整置信度,按问题调整,medium,按问题补充缺失参数或边界,不得忽略清单边界问题直接输出高置信材料,GB/T50500-2024、GB/T50854-2024、工程量清单编制实务,是
PR-BQX_01_05,清单编制实务,分部分项/措施/其他/补充项目,补充项目编码不规范,补充项目编码不规范,补充项目编码不规范,标记风险并调整置信度,按问题调整,medium,按问题补充缺失参数或边界,不得忽略清单边界问题直接输出高置信材料,GB/T50500-2024、GB/T50854-2024、工程量清单编制实务,是
PR-BQX_01_06,清单编制实务,分部分项/措施/其他/补充项目,同编码多名称,同编码多名称,同编码多名称,标记风险并调整置信度,按问题调整,medium,按问题补充缺失参数或边界,不得忽略清单边界问题直接输出高置信材料,GB/T50500-2024、GB/T50854-2024、工程量清单编制实务,是
PR-BQX_01_07,清单编制实务,分部分项/措施/其他/补充项目,同名称多编码,同名称多编码,同名称多编码,标记风险并调整置信度,按问题调整,medium,按问题补充缺失参数或边界,不得忽略清单边界问题直接输出高置信材料,GB/T50500-2024、GB/T50854-2024、工程量清单编制实务,是
PR-BQX_02_01,清单编制实务,分部分项/措施/其他/补充项目,名称只写材料不写工程对象,名称只写材料不写工程对象,名称只写材料不写工程对象,标记风险并调整置信度,按问题调整,medium,按问题补充缺失参数或边界,不得忽略清单边界问题直接输出高置信材料,GB/T50500-2024、GB/T50854-2024、工程量清单编制实务,是
PR-BQX_02_02,清单编制实务,分部分项/措施/其他/补充项目,名称只写部位不写做法,名称只写部位不写做法,名称只写部位不写做法,标记风险并调整置信度,按问题调整,medium,按问题补充缺失参数或边界,不得忽略清单边界问题直接输出高置信材料,GB/T50500-2024、GB/T50854-2024、工程量清单编制实务,是
PR-BQX_02_03,清单编制实务,分部分项/措施/其他/补充项目,名称混合多个工程对象,名称混合多个工程对象,名称混合多个工程对象,标记风险并调整置信度,按问题调整,medium,按问题补充缺失参数或边界,不得忽略清单边界问题直接输出高置信材料,GB/T50500-2024、GB/T50854-2024、工程量清单编制实务,是
PR-BQX_02_04,清单编制实务,分部分项/措施/其他/补充项目,名称包含品牌但无规格,名称包含品牌但无规格,名称包含品牌但无规格,标记风险并调整置信度,按问题调整,medium,按问题补充缺失参数或边界,不得忽略清单边界问题直接输出高置信材料,GB/T50500-2024、GB/T50854-2024、工程量清单编制实务,是
PR-BQX_02_05,清单编制实务,分部分项/措施/其他/补充项目,名称与项目特征矛盾,名称与项目特征矛盾,名称与项目特征矛盾,标记风险并调整置信度,按问题调整,medium,按问题补充缺失参数或边界,不得忽略清单边界问题直接输出高置信材料,GB/T50500-2024、GB/T50854-2024、工程量清单编制实务,是
PR-BQX_02_06,清单编制实务,分部分项/措施/其他/补充项目,名称疑似措施项目,名称疑似措施项目,名称疑似措施项目,标记风险并调整置信度,按问题调整,medium,按问题补充缺失参数或边界,不得忽略清单边界问题直接输出高置信材料,GB/T50500-2024、GB/T50854-2024、工程量清单编制实务,是
PR-BQX_02_07,清单编制实务,分部分项/措施/其他/补充项目,名称疑似专业分包,名称疑似专业分包,名称疑似专业分包,标记风险并调整置信度,按问题调整,medium,按问题补充缺失参数或边界,不得忽略清单边界问题直接输出高置信材料,GB/T50500-2024、GB/T50854-2024、工程量清单编制实务,是
PR-BQX_03_01,清单编制实务,分部分项/措施/其他/补充项目,特征只写详见图纸,特征只写详见图纸,特征只写详见图纸,标记风险并调整置信度,按问题调整,medium,按问题补充缺失参数或边界,不得忽略清单边界问题直接输出高置信材料,GB/T50500-2024、GB/T50854-2024、工程量清单编制实务,是
PR-BQX_03_02,清单编制实务,分部分项/措施/其他/补充项目,特征缺主材,特征缺主材,特征缺主材,标记风险并调整置信度,按问题调整,medium,按问题补充缺失参数或边界,不得忽略清单边界问题直接输出高置信材料,GB/T50500-2024、GB/T50854-2024、工程量清单编制实务,是
PR-BQX_03_03,清单编制实务,分部分项/措施/其他/补充项目,特征缺厚度,特征缺厚度,特征缺厚度,标记风险并调整置信度,按问题调整,medium,按问题补充缺失参数或边界,不得忽略清单边界问题直接输出高置信材料,GB/T50500-2024、GB/T50854-2024、工程量清单编制实务,是
PR-BQX_03_04,清单编制实务,分部分项/措施/其他/补充项目,特征缺强度等级,特征缺强度等级,特征缺强度等级,标记风险并调整置信度,按问题调整,medium,按问题补充缺失参数或边界,不得忽略清单边界问题直接输出高置信材料,GB/T50500-2024、GB/T50854-2024、工程量清单编制实务,是
PR-BQX_03_05,清单编制实务,分部分项/措施/其他/补充项目,特征缺燃烧等级,特征缺燃烧等级,特征缺燃烧等级,标记风险并调整置信度,按问题调整,medium,按问题补充缺失参数或边界,不得忽略清单边界问题直接输出高置信材料,GB/T50500-2024、GB/T50854-2024、工程量清单编制实务,是
PR-BQX_03_06,清单编制实务,分部分项/措施/其他/补充项目,特征缺防火等级,特征缺防火等级,特征缺防火等级,标记风险并调整置信度,按问题调整,medium,按问题补充缺失参数或边界,不得忽略清单边界问题直接输出高置信材料,GB/T50500-2024、GB/T50854-2024、工程量清单编制实务,是
PR-BQX_03_07,清单编制实务,分部分项/措施/其他/补充项目,特征缺施工方法,特征缺施工方法,特征缺施工方法,标记风险并调整置信度,按问题调整,medium,按问题补充缺失参数或边界,不得忽略清单边界问题直接输出高置信材料,GB/T50500-2024、GB/T50854-2024、工程量清单编制实务,是
PR-BQX_03_08,清单编制实务,分部分项/措施/其他/补充项目,特征包含暂定,特征包含暂定,特征包含暂定,标记风险并调整置信度,按问题调整,medium,按问题补充缺失参数或边界,不得忽略清单边界问题直接输出高置信材料,GB/T50500-2024、GB/T50854-2024、工程量清单编制实务,是
PR-BQX_04_01,清单编制实务,分部分项/措施/其他/补充项目,面积项目缺厚度,面积项目缺厚度,面积项目缺厚度,标记风险并调整置信度,按问题调整,medium,按问题补充缺失参数或边界,不得忽略清单边界问题直接输出高置信材料,GB/T50500-2024、GB/T50854-2024、工程量清单编制实务,是
PR-BQX_04_02,清单编制实务,分部分项/措施/其他/补充项目,体积项目缺强度,体积项目缺强度,体积项目缺强度,标记风险并调整置信度,按问题调整,medium,按问题补充缺失参数或边界,不得忽略清单边界问题直接输出高置信材料,GB/T50500-2024、GB/T50854-2024、工程量清单编制实务,是
PR-BQX_04_03,清单编制实务,分部分项/措施/其他/补充项目,长度项目缺截面,长度项目缺截面,长度项目缺截面,标记风险并调整置信度,按问题调整,medium,按问题补充缺失参数或边界,不得忽略清单边界问题直接输出高置信材料,GB/T50500-2024、GB/T50854-2024、工程量清单编制实务,是
PR-BQX_04_04,清单编制实务,分部分项/措施/其他/补充项目,樘套项目缺尺寸,樘套项目缺尺寸,樘套项目缺尺寸,标记风险并调整置信度,按问题调整,medium,按问题补充缺失参数或边界,不得忽略清单边界问题直接输出高置信材料,GB/T50500-2024、GB/T50854-2024、工程量清单编制实务,是
PR-BQX_04_05,清单编制实务,分部分项/措施/其他/补充项目,项宗系统为综合单位,项宗系统为综合单位,项宗系统为综合单位,标记风险并调整置信度,按问题调整,medium,按问题补充缺失参数或边界,不得忽略清单边界问题直接输出高置信材料,GB/T50500-2024、GB/T50854-2024、工程量清单编制实务,是
PR-BQX_04_06,清单编制实务,分部分项/措施/其他/补充项目,吨位项目缺材质型号,吨位项目缺材质型号,吨位项目缺材质型号,标记风险并调整置信度,按问题调整,medium,按问题补充缺失参数或边界,不得忽略清单边界问题直接输出高置信材料,GB/T50500-2024、GB/T50854-2024、工程量清单编制实务,是
PR-BQX_04_07,清单编制实务,分部分项/措施/其他/补充项目,单位与清单名称不匹配,单位与清单名称不匹配,单位与清单名称不匹配,标记风险并调整置信度,按问题调整,medium,按问题补充缺失参数或边界,不得忽略清单边界问题直接输出高置信材料,GB/T50500-2024、GB/T50854-2024、工程量清单编制实务,是
PR-BQX_05_01,清单编制实务,分部分项/措施/其他/补充项目,工程量为零,工程量为零,工程量为零,标记风险并调整置信度,按问题调整,medium,按问题补充缺失参数或边界,不得忽略清单边界问题直接输出高置信材料,GB/T50500-2024、GB/T50854-2024、工程量清单编制实务,是
PR-BQX_05_02,清单编制实务,分部分项/措施/其他/补充项目,工程量负数,工程量负数,工程量负数,标记风险并调整置信度,按问题调整,medium,按问题补充缺失参数或边界,不得忽略清单边界问题直接输出高置信材料,GB/T50500-2024、GB/T50854-2024、工程量清单编制实务,是
PR-BQX_05_03,清单编制实务,分部分项/措施/其他/补充项目,工程量异常偏大,工程量异常偏大,工程量异常偏大,标记风险并调整置信度,按问题调整,medium,按问题补充缺失参数或边界,不得忽略清单边界问题直接输出高置信材料,GB/T50500-2024、GB/T50854-2024、工程量清单编制实务,是
PR-BQX_05_04,清单编制实务,分部分项/措施/其他/补充项目,工程量小数精度异常,工程量小数精度异常,工程量小数精度异常,标记风险并调整置信度,按问题调整,medium,按问题补充缺失参数或边界,不得忽略清单边界问题直接输出高置信材料,GB/T50500-2024、GB/T50854-2024、工程量清单编制实务,是
PR-BQX_05_05,清单编制实务,分部分项/措施/其他/补充项目,工程量与单位不匹配,工程量与单位不匹配,工程量与单位不匹配,标记风险并调整置信度,按问题调整,medium,按问题补充缺失参数或边界,不得忽略清单边界问题直接输出高置信材料,GB/T50500-2024、GB/T50854-2024、工程量清单编制实务,是
PR-BQX_05_06,清单编制实务,分部分项/措施/其他/补充项目,工程量疑似合计行,工程量疑似合计行,工程量疑似合计行,标记风险并调整置信度,按问题调整,medium,按问题补充缺失参数或边界,不得忽略清单边界问题直接输出高置信材料,GB/T50500-2024、GB/T50854-2024、工程量清单编制实务,是
PR-BQX_05_07,清单编制实务,分部分项/措施/其他/补充项目,工程量疑似重复汇总,工程量疑似重复汇总,工程量疑似重复汇总,标记风险并调整置信度,按问题调整,medium,按问题补充缺失参数或边界,不得忽略清单边界问题直接输出高置信材料,GB/T50500-2024、GB/T50854-2024、工程量清单编制实务,是
PR-BQX_06_01,清单编制实务,分部分项/措施/其他/补充项目,甲供范围未列明,甲供范围未列明,甲供范围未列明,优先判断采购责任并生成待确认,按问题调整,low/medium,按问题补充缺失参数或边界,不得忽略清单边界问题直接输出高置信材料,GB/T50500-2024、GB/T50854-2024、工程量清单编制实务,是
PR-BQX_06_02,清单编制实务,分部分项/措施/其他/补充项目,甲指乙供范围未列明,甲指乙供范围未列明,甲指乙供范围未列明,优先判断采购责任并生成待确认,按问题调整,low/medium,按问题补充缺失参数或边界,不得忽略清单边界问题直接输出高置信材料,GB/T50500-2024、GB/T50854-2024、工程量清单编制实务,是
PR-BQX_06_03,清单编制实务,分部分项/措施/其他/补充项目,专业分包范围未列明,专业分包范围未列明,专业分包范围未列明,优先判断采购责任并生成待确认,按问题调整,low/medium,按问题补充缺失参数或边界,不得忽略清单边界问题直接输出高置信材料,GB/T50500-2024、GB/T50854-2024、工程量清单编制实务,是
PR-BQX_06_04,清单编制实务,分部分项/措施/其他/补充项目,总包服务费误作材料,总包服务费误作材料,总包服务费误作材料,优先判断采购责任并生成待确认,按问题调整,low/medium,按问题补充缺失参数或边界,不得忽略清单边界问题直接输出高置信材料,GB/T50500-2024、GB/T50854-2024、工程量清单编制实务,是
PR-BQX_06_05,清单编制实务,分部分项/措施/其他/补充项目,暂列金额误作材料,暂列金额误作材料,暂列金额误作材料,优先判断采购责任并生成待确认,按问题调整,low/medium,按问题补充缺失参数或边界,不得忽略清单边界问题直接输出高置信材料,GB/T50500-2024、GB/T50854-2024、工程量清单编制实务,是
PR-BQX_06_06,清单编制实务,分部分项/措施/其他/补充项目,暂估价项目误深拆,暂估价项目误深拆,暂估价项目误深拆,优先判断采购责任并生成待确认,按问题调整,low/medium,按问题补充缺失参数或边界,不得忽略清单边界问题直接输出高置信材料,GB/T50500-2024、GB/T50854-2024、工程量清单编制实务,是
PR-BQX_06_07,清单编制实务,分部分项/措施/其他/补充项目,措施项目并入实体项,措施项目并入实体项,措施项目并入实体项,优先判断采购责任并生成待确认,按问题调整,low/medium,按问题补充缺失参数或边界,不得忽略清单边界问题直接输出高置信材料,GB/T50500-2024、GB/T50854-2024、工程量清单编制实务,是
PR-BQX_07_01,清单编制实务,分部分项/措施/其他/补充项目,防水找平保护层合并,防水找平保护层合并,防水找平保护层合并,标记风险并调整置信度,按问题调整,medium,按问题补充缺失参数或边界,不得忽略清单边界问题直接输出高置信材料,GB/T50500-2024、GB/T50854-2024、工程量清单编制实务,是
PR-BQX_07_02,清单编制实务,分部分项/措施/其他/补充项目,保温主辅材合并,保温主辅材合并,保温主辅材合并,标记风险并调整置信度,按问题调整,medium,按问题补充缺失参数或边界,不得忽略清单边界问题直接输出高置信材料,GB/T50500-2024、GB/T50854-2024、工程量清单编制实务,是
PR-BQX_07_03,清单编制实务,分部分项/措施/其他/补充项目,地砖主辅材合并,地砖主辅材合并,地砖主辅材合并,标记风险并调整置信度,按问题调整,medium,按问题补充缺失参数或边界,不得忽略清单边界问题直接输出高置信材料,GB/T50500-2024、GB/T50854-2024、工程量清单编制实务,是
PR-BQX_07_04,清单编制实务,分部分项/措施/其他/补充项目,涂料腻子底漆面漆合并,涂料腻子底漆面漆合并,涂料腻子底漆面漆合并,标记风险并调整置信度,按问题调整,medium,按问题补充缺失参数或边界,不得忽略清单边界问题直接输出高置信材料,GB/T50500-2024、GB/T50854-2024、工程量清单编制实务,是
PR-BQX_07_05,清单编制实务,分部分项/措施/其他/补充项目,吊顶龙骨板材合并,吊顶龙骨板材合并,吊顶龙骨板材合并,标记风险并调整置信度,按问题调整,medium,按问题补充缺失参数或边界,不得忽略清单边界问题直接输出高置信材料,GB/T50500-2024、GB/T50854-2024、工程量清单编制实务,是
PR-BQX_07_06,清单编制实务,分部分项/措施/其他/补充项目,门窗成品与构件混列,门窗成品与构件混列,门窗成品与构件混列,标记风险并调整置信度,按问题调整,medium,按问题补充缺失参数或边界,不得忽略清单边界问题直接输出高置信材料,GB/T50500-2024、GB/T50854-2024、工程量清单编制实务,是
PR-BQX_07_07,清单编制实务,分部分项/措施/其他/补充项目,砌筑构造柱拉结筋边界不清,砌筑构造柱拉结筋边界不清,砌筑构造柱拉结筋边界不清,标记风险并调整置信度,按问题调整,medium,按问题补充缺失参数或边界,不得忽略清单边界问题直接输出高置信材料,GB/T50500-2024、GB/T50854-2024、工程量清单编制实务,是
EX-MISSING_MATERIAL_TYPE,清单异常,A. 项目特征缺失类,材料未注明,"{""missing_features"":[""material_type""]}",降低置信度并生成待确认项,ask_user,candidate/ask,low,材料类型,不得高置信绕过异常,K05清单异常识别库；K16采购责任交叉核验,是
EX-MISSING_THICKNESS,清单异常,A. 项目特征缺失类,厚度未注明,"{""missing_features"":[""thickness""],""units"":[""m²"",""m2""],""layer_item"":true}",降低置信度并生成待确认项,ask_user,candidate/ask,low,厚度,不得高置信绕过异常,K05清单异常识别库；K16采购责任交叉核验,是
EX-MISSING_STRENGTH_GRADE,清单异常,A. 项目特征缺失类,强度未注明,"{""missing_features"":[""strength_grade""],""material_families"":[""商品混凝土"",""砂浆""]}",降低置信度并生成待确认项,ask_user,candidate/ask,low,强度等级,不得高置信绕过异常,K05清单异常识别库；K16采购责任交叉核验,是
EX-MISSING_SPEC_MODEL,清单异常,A. 项目特征缺失类,规格未注明,"{""missing_features"":[""specification""],""units"":[""樘"",""套"",""m""]}",降低置信度并生成待确认项,ask_user,candidate/ask,low,规格型号,不得高置信绕过异常,K05清单异常识别库；K16采购责任交叉核验,是
EX-MISSING_LOCATION,清单异常,A. 项目特征缺失类,部位未注明,"{""missing_features"":[""location""],""location_sensitive"":true}",降低置信度并生成待确认项,ask_user,candidate/ask,medium,部位,不得高置信绕过异常,K05清单异常识别库；K16采购责任交叉核验,是
EX-MISSING_METHOD,清单异常,A. 项目特征缺失类,做法未注明,"{""missing_features"":[""construction_method""]}",降低置信度并生成待确认项,ask_user,candidate/ask,medium,工程做法,不得高置信绕过异常,K05清单异常识别库；K16采购责任交叉核验,是
EX-MISSING_COATS,清单异常,A. 项目特征缺失类,遍数未注明,"{""missing_features"":[""coats""],""material_families"":[""涂料""]}",降低置信度并生成待确认项,ask_user,candidate/ask,medium,涂料遍数,不得高置信绕过异常,K05清单异常识别库；K16采购责任交叉核验,是
EX-MISSING_FIRE_RATING,清单异常,A. 项目特征缺失类,防火等级未注明,"{""missing_features"":[""fire_rating""],""material_families"":[""门窗"",""保温板""]}",降低置信度并生成待确认项,ask_user,candidate/ask,medium,防火等级,不得高置信绕过异常,K05清单异常识别库；K16采购责任交叉核验,是
EX-MISSING_MATERIAL,清单异常,A. 项目特征缺失类,材质未注明,"{""missing_features"":[""material""]}",降低置信度并生成待确认项,ask_user,candidate/ask,low,材质,不得高置信绕过异常,K05清单异常识别库；K16采购责任交叉核验,是
EX-AMB_DRAWING,清单异常,B. 表达模糊类,详见图纸,"{""keywords"":[""详见图纸""]}",降低置信度并生成待确认项,ask_user,candidate/ask,medium,图纸做法,不得高置信绕过异常,K05清单异常识别库；K16采购责任交叉核验,是
EX-AMB_ATLAS,清单异常,B. 表达模糊类,详见图集,"{""keywords"":[""详见图集""]}",降低置信度并生成待确认项,ask_user,candidate/ask,medium,图集编号/做法,不得高置信绕过异常,K05清单异常识别库；K16采购责任交叉核验,是
EX-AMB_DESIGN_REQUIREMENT,清单异常,B. 表达模糊类,满足设计要求,"{""keywords"":[""满足设计要求""]}",降低置信度并生成待确认项,ask_user,candidate/ask,medium,设计参数,不得高置信绕过异常,K05清单异常识别库；K16采购责任交叉核验,是
EX-AMB_COMPREHENSIVE,清单异常,B. 表达模糊类,综合考虑,"{""keywords"":[""综合考虑""]}",标记风险并保留候选,candidate_infer,candidate/ask,medium,综合内容边界,不得高置信绕过异常,K05清单异常识别库；K16采购责任交叉核验,是
EX-AMB_SAME_GRADE,清单异常,B. 表达模糊类,同等档次,"{""keywords"":[""同等档次""]}",降低置信度并生成待确认项,ask_user,candidate/ask,medium,品牌/档次,不得高置信绕过异常,K05清单异常识别库；K16采购责任交叉核验,是
EX-AMB_ALL_WORK,清单异常,B. 表达模糊类,包含全部工作,"{""keywords"":[""包含全部工作""]}",标记风险并保留候选,candidate_infer,candidate/ask,medium,工作边界,不得高置信绕过异常,K05清单异常识别库；K16采购责任交叉核验,是
EX-AMB_BY_DESIGN,清单异常,B. 表达模糊类,按设计要求,"{""keywords"":[""按设计要求""]}",降低置信度并生成待确认项,ask_user,candidate/ask,medium,设计要求,不得高置信绕过异常,K05清单异常识别库；K16采购责任交叉核验,是
EX-AMB_SITE_DECIDE,清单异常,B. 表达模糊类,现场确定,"{""keywords"":[""现场确定""]}",降低置信度并生成待确认项,ask_user,candidate/ask,medium,现场确认参数,不得高置信绕过异常,K05清单异常识别库；K16采购责任交叉核验,是
EX-STRUCT_MERGED_ITEM,清单异常,C. 清单结构异常类,综合项、含多项工作,"{""keywords"":[""综合项"",""含"",""包含""],""merged_item"":true}",标记风险并保留候选,candidate_infer,candidate/ask,low,拆分范围,不得高置信绕过异常,K05清单异常识别库；K16采购责任交叉核验,是
EX-STRUCT_TOO_FINE,清单异常,C. 清单结构异常类,仅列人工或辅材,"{""split_too_fine"":true}",标记风险并保留候选,mark_only,scope_only,medium,归并口径,不得高置信绕过异常,K05清单异常识别库；K16采购责任交叉核验,是
EX-STRUCT_DUPLICATED,清单异常,C. 清单结构异常类,重复编码/名称,"{""duplicated"":true}",标记风险并保留候选,mark_only,scope_only,medium,确认是否重复,不得高置信绕过异常,K05清单异常识别库；K16采购责任交叉核验,是
EX-STRUCT_POSSIBLE_MISSING,清单异常,C. 清单结构异常类,缺少配套项,"{""possible_missing"":true}",标记风险并保留候选,mark_only,scope_only,medium,确认漏项,不得高置信绕过异常,K05清单异常识别库；K16采购责任交叉核验,是
EX-STRUCT_MISSING_MEASURE,清单异常,C. 清单结构异常类,未列模板/脚手架,"{""missing_measure"":true}",标记风险并保留候选,mark_only,scope_only,medium,确认措施项目,不得高置信绕过异常,K05清单异常识别库；K16采购责任交叉核验,是
EX-STRUCT_MEASURE_MERGED,清单异常,C. 清单结构异常类,含模板、含脚手架,"{""keywords"":[""含模板"",""含脚手架"",""措施并入""]}",降低置信度并生成待确认项,ask_user,candidate/ask,low,措施材料是否输出,不得高置信绕过异常,K05清单异常识别库；K16采购责任交叉核验,是
EX-STRUCT_SUPPLEMENT_NO_CODE,清单异常,C. 清单结构异常类,补充项目,"{""code_non_standard"":true}",标记风险并保留候选,candidate_infer,candidate/ask,low,标准清单归属,不得高置信绕过异常,K05清单异常识别库；K16采购责任交叉核验,是
EX-STRUCT_WRONG_CHAPTER,清单异常,C. 清单结构异常类,章节与名称不符,"{""chapter_mismatch"":true}",标记风险并保留候选,mark_only,scope_only,medium,确认章节,不得高置信绕过异常,K05清单异常识别库；K16采购责任交叉核验,是
EX-RESP_OWNER_SUPPLIED_UNKNOWN,清单异常,D. 采购责任不清类,甲供范围不明,"{""owner_supply_unknown"":true}",降低置信度并生成待确认项,ask_user,candidate/ask,low,甲供范围,不得高置信绕过异常,K05清单异常识别库；K16采购责任交叉核验,是
EX-RESP_OWNER_SPECIFIED_UNKNOWN,清单异常,D. 采购责任不清类,甲指乙供不明,"{""owner_specified_unknown"":true}",降低置信度并生成待确认项,ask_user,candidate/ask,medium,甲指乙供范围,不得高置信绕过异常,K05清单异常识别库；K16采购责任交叉核验,是
EX-RESP_SUBCONTRACT_UNKNOWN,清单异常,D. 采购责任不清类,分包范围不明,"{""subcontract_unknown"":true}",降低置信度并生成待确认项,ask_user,candidate/ask,low,专业分包范围,不得高置信绕过异常,K05清单异常识别库；K16采购责任交叉核验,是
EX-RESP_TEMPORARY_ESTIMATE,清单异常,D. 采购责任不清类,暂估价,"{""keywords"":[""暂估价"",""暂估""]}",阻断自动材料拆解,block_infer,none,block,暂估价范围,不得拆成采购材料,K05清单异常识别库；K16采购责任交叉核验,是
EX-RESP_PROVISIONAL_SUM_AS_MATERIAL,清单异常,D. 采购责任不清类,暂列金额,"{""keywords"":[""暂列金额""]}",阻断自动材料拆解,block_infer,none,block,费用性质,不得拆成采购材料,K05清单异常识别库；K16采购责任交叉核验,是
EX-RESP_BRAND_UNCLEAR,清单异常,D. 采购责任不清类,品牌待定,"{""keywords"":[""品牌待定"",""同档次""]}",降低置信度并生成待确认项,ask_user,candidate/ask,medium,品牌/档次,不得高置信绕过异常,K05清单异常识别库；K16采购责任交叉核验,是
EX-UNIT_M2_MISSING_THICKNESS,清单异常,E. 工程量单位异常类,m²缺厚度,"{""units"":[""m²"",""m2""],""missing_features"":[""thickness""],""layer_item"":true}",降低置信度并生成待确认项,ask_user,candidate/ask,low,厚度,不得高置信绕过异常,K05清单异常识别库；K16采购责任交叉核验,是
EX-UNIT_M_MISSING_SECTION,清单异常,E. 工程量单位异常类,m缺截面,"{""units"":[""m""],""missing_features"":[""section""]}",降低置信度并生成待确认项,ask_user,candidate/ask,medium,截面/规格,不得高置信绕过异常,K05清单异常识别库；K16采购责任交叉核验,是
EX-UNIT_DOOR_SET_MISSING_SPEC,清单异常,E. 工程量单位异常类,樘/套缺规格,"{""units"":[""樘"",""套""],""missing_features"":[""specification""]}",降低置信度并生成待确认项,ask_user,candidate/ask,low,规格尺寸,不得高置信绕过异常,K05清单异常识别库；K16采购责任交叉核验,是
EX-UNIT_T_MISSING_MODEL,清单异常,E. 工程量单位异常类,t缺型号,"{""units"":[""t""],""missing_features"":[""model""]}",降低置信度并生成待确认项,ask_user,candidate/ask,medium,型号/材质,不得高置信绕过异常,K05清单异常识别库；K16采购责任交叉核验,是
EX-UNIT_COMPREHENSIVE,清单异常,E. 工程量单位异常类,项、宗、系统,"{""units"":[""项"",""宗"",""系统""]}",标记风险并保留候选,mark_only,scope_only,low,拆分口径,不得高置信绕过异常,K05清单异常识别库；K16采购责任交叉核验,是
EX-UNIT_ABNORMAL_QUANTITY,清单异常,E. 工程量单位异常类,数量异常,"{""abnormal_quantity"":true}",标记风险并保留候选,mark_only,scope_only,medium,确认工程量,不得高置信绕过异常,K05清单异常识别库；K16采购责任交叉核验,是
EX-MATCH_BOQ_QUOTA_NOT_1TO1,清单异常,F. 定额 / 清单错配类,一清单多子目,"{""quota_not_one_to_one"":true}",标记风险并保留候选,candidate_infer,candidate/ask,medium,定额组合,不得高置信绕过异常,K05清单异常识别库；K16采购责任交叉核验,是
EX-MATCH_WRONG_TRADE,清单异常,F. 定额 / 清单错配类,专业错配,"{""wrong_trade"":true}",标记风险并保留候选,mark_only,scope_only,low,确认专业,不得高置信绕过异常,K05清单异常识别库；K16采购责任交叉核验,是
EX-MATCH_TOO_FEW_QUOTA,清单异常,F. 定额 / 清单错配类,套少,"{""too_few_quota"":true}",标记风险并保留候选,mark_only,scope_only,medium,补充子目,不得高置信绕过异常,K05清单异常识别库；K16采购责任交叉核验,是
EX-MATCH_TOO_MANY_QUOTA,清单异常,F. 定额 / 清单错配类,套多,"{""too_many_quota"":true}",标记风险并保留候选,mark_only,scope_only,medium,确认重复,不得高置信绕过异常,K05清单异常识别库；K16采购责任交叉核验,是
EX-MATCH_PRICE_BOUNDARY_UNCLEAR,清单异常,F. 定额 / 清单错配类,综合单价边界不清,"{""keywords"":[""综合单价包含"",""综合考虑""]}",降低置信度并生成待确认项,ask_user,candidate/ask,low,综合单价边界,不得高置信绕过异常,K05清单异常识别库；K16采购责任交叉核验,是
EX-MISSING_GRADE,清单异常,A. 项目特征缺失类,等级未注明,"{""missing_features"":[""grade""]}",降低置信度并生成待确认项,ask_user,candidate/ask,medium,等级,不得高置信绕过异常,K05清单异常识别库；K16采购责任交叉核验,是
EX-MISSING_PACK_SPEC,清单异常,E. 工程量单位异常类,包装未注明,"{""missing_features"":[""pack_spec""]}",降低置信度并生成待确认项,ask_user,candidate/ask,medium,包装规格,不得高置信绕过异常,K05清单异常识别库；K16采购责任交叉核验,是
EX-MISSING_CONNECTION,清单异常,A. 项目特征缺失类,连接未注明,"{""missing_features"":[""connection""]}",降低置信度并生成待确认项,ask_user,candidate/ask,medium,连接方式,不得高置信绕过异常,K05清单异常识别库；K16采购责任交叉核验,是
EX-MISSING_LAYER_COUNT,清单异常,A. 项目特征缺失类,层数未注明,"{""missing_features"":[""layer_count""]}",降低置信度并生成待确认项,ask_user,candidate/ask,medium,层数,不得高置信绕过异常,K05清单异常识别库；K16采购责任交叉核验,是
EX-AMB_OR_EQUAL,清单异常,B. 表达模糊类,或同等品,"{""keywords"":[""或同等品""]}",降低置信度并生成待确认项,ask_user,candidate/ask,medium,品牌档次,不得高置信绕过异常,K05清单异常识别库；K16采购责任交叉核验,是
EX-AMB_TEMP_CONFIRM,清单异常,B. 表达模糊类,暂定,"{""keywords"":[""暂定""]}",降低置信度并生成待确认项,ask_user,candidate/ask,medium,最终做法,不得高置信绕过异常,K05清单异常识别库；K16采购责任交叉核验,是
EX-AMB_NOT_SPECIFIED,清单异常,B. 表达模糊类,未明确、未注明,"{""keywords"":[""未明确"",""未注明""]}",降低置信度并生成待确认项,ask_user,candidate/ask,medium,明确参数,不得高置信绕过异常,K05清单异常识别库；K16采购责任交叉核验,是
EX-AMB_OWNER_CONFIRM,清单异常,B. 表达模糊类,建设单位确认,"{""keywords"":[""建设单位确认"",""甲方确认""]}",降低置信度并生成待确认项,ask_user,candidate/ask,medium,甲方确认内容,不得高置信绕过异常,K05清单异常识别库；K16采购责任交叉核验,是
EX-RESP_GROUP_PURCHASE_UNKNOWN,清单异常,D. 采购责任不清类,集采,"{""keywords"":[""集采""]}",降低置信度并生成待确认项,ask_user,candidate/ask,medium,集采范围,不得高置信绕过异常,K05清单异常识别库；K16采购责任交叉核验,是
EX-RESP_MATERIAL_SUPPLY_BOUNDARY,清单异常,D. 采购责任不清类,供材范围待定,"{""keywords"":[""供材范围待定"",""供货范围待定""]}",降低置信度并生成待确认项,ask_user,candidate/ask,low,供材边界,不得高置信绕过异常,K05清单异常识别库；K16采购责任交叉核验,是
EX-STRUCT_SUBITEM_MISSING,清单异常,C. 清单结构异常类,配套子项缺失,"{""possible_missing"":true,""paired_item_missing"":true}",标记风险并保留候选,mark_only,scope_only,medium,确认配套项,不得高置信绕过异常,K05清单异常识别库；K16采购责任交叉核验,是
EX-STRUCT_SCOPE_OVERLAP,清单异常,C. 清单结构异常类,范围重叠,"{""scope_overlap"":true}",标记风险并保留候选,mark_only,scope_only,medium,确认边界,不得高置信绕过异常,K05清单异常识别库；K16采购责任交叉核验,是
EX-STRUCT_SECTION_OUT_OF_SCOPE,清单异常,C. 清单结构异常类,暂缓专业,"{""out_of_scope_sections"":[""幕墙工程"",""消防工程"",""暖通工程"",""智能化工程"",""电梯工程""]}",标记风险并保留候选,mark_only,scope_only,low,确认是否深拆,不得高置信绕过异常,K05清单异常识别库；K16采购责任交叉核验,是
EX-UNIT_M2_COATS_MISSING,清单异常,E. 工程量单位异常类,缺遍数,"{""units"":[""m²"",""m2""],""missing_features"":[""coats""]}",降低置信度并生成待确认项,ask_user,candidate/ask,medium,涂料遍数,不得高置信绕过异常,K05清单异常识别库；K16采购责任交叉核验,是
EX-UNIT_M3_MATERIAL_DENSITY_MISSING,清单异常,E. 工程量单位异常类,缺密度,"{""missing_features"":[""density""],""conversion_needs_density"":true}",降低置信度并生成待确认项,ask_user,candidate/ask,medium,材料密度,不得高置信绕过异常,K05清单异常识别库；K16采购责任交叉核验,是
EX-UNIT_PACKAGE_MISSING,清单异常,E. 工程量单位异常类,包装单位缺失,"{""missing_features"":[""package_unit""]}",降低置信度并生成待确认项,ask_user,candidate/ask,medium,包装单位,不得高置信绕过异常,K05清单异常识别库；K16采购责任交叉核验,是
EX-MATCH_ESTIMATED_CONSUMPTION,清单异常,F. 定额 / 清单错配类,估算消耗量,"{""verification_status"":""ESTIMATED""}",标记风险并保留候选,mark_only,scope_only,medium,复核消耗量,不得高置信绕过异常,K05清单异常识别库；K16采购责任交叉核验,是
EX-MATCH_NO_LOCAL_QUOTA,清单异常,F. 定额 / 清单错配类,缺地方定额,"{""missing_local_quota"":true}",标记风险并保留候选,mark_only,scope_only,medium,确认消耗量依据,不得高置信绕过异常,K05清单异常识别库；K16采购责任交叉核验,是
EX-EXT-001,项目特征缺失,钢结构型钢/钢板,钢柱、钢梁、钢屋架、钢平台、钢板、H型钢、槽钢、角钢,命中钢结构材料但缺材质牌号或截面型号/板厚,钢结构主材可按总吨候选，但缺牌号和规格会影响采购物料、替代边界和理论重量校核。,ask_user,main_material_candidate,medium/low,钢材牌号、截面型号、板厚、执行标准,不得默认Q235B/Q355B或自动生成截面规格,PF-STEEL_MATERIAL_GRADE；PF-STEEL_SECTION_MODEL；MAT-020,是
EX-EXT-002,项目特征缺失,高强螺栓,高强螺栓、摩擦型、扭剪型、大六角,命中高强螺栓但缺M规格、性能等级或套数,高强螺栓按连接副采购，规格、性能等级和数量缺失会直接影响采购量。,ask_user,main_material_candidate,medium/low,M规格、8.8S/10.9S、扭剪型/大六角、套数、包装,不得按钢结构重量经验反推螺栓数量,PF-BOLT_PERFORMANCE_GRADE；MAT-021,是
EX-EXT-003,项目特征缺失,钢结构防火涂料,防火涂料、钢结构防火、薄型、厚型、耐火极限,缺涂层厚度、耐火极限、涂布率或膨胀型/非膨胀型,钢结构防火涂料用量随涂层厚度和产品体系变化，不同类型不能用同一单位消耗量替代。,ask_user,system_candidate,low/medium,耐火极限、涂层厚度、涂料类型、底漆是否另列、涂布率,不得高置信计算kg或把底漆自动并入主材,PF-FIREPROOF_COATING_THICKNESS；MAT-023,是
EX-EXT-004,项目特征缺失,钢结构防腐油漆,金属面油漆、防腐漆、防锈漆、环氧富锌、底漆、面漆,缺涂料体系、遍数、涂布率或包装单位,防腐体系可能包含底漆、中间漆、面漆，缺体系时只能输出候选材料。,ask_user,system_candidate,medium/low,底中面体系、遍数、干膜厚度、涂布率、包装规格,不得把防腐涂料默认等同为环氧富锌底漆,PF-ANTI_CORROSION_SYSTEM；MAT-023,是
EX-EXT-005,项目特征缺失,止水带/止水条,止水带、止水条、变形缝、施工缝、沉降缝、后浇带,缺材质、类型、宽度、厚度、长度或卷长,止水材料的规格和卷数换算依赖宽度、厚度、类型和包装长度。,ask_user,main_material_candidate,medium/low,材质、类型、宽度、厚度、长度、包装卷长、部位,不得把止水带并入普通防水卷材或按面积项计算,PF-STOP_WATER_SPEC；MAT-022,是
EX-EXT-006,项目特征缺失,回填方/换填垫层/褥垫层,回填、素土、灰土、级配砂石、换填、褥垫层、垫层,缺回填材料类型、灰土配比、压实要求或外购范围,回填材料可能是素土、灰土或级配砂石，灰土缺配比时不能推演石灰用量。,ask_user,main_material_candidate,low/medium,材料类型、灰土比例、压实系数、是否外购土、部位,不得默认全部回填为素土、级配砂石或灰土,PF-BACKFILL_MIX_RATIO；MAT-019,是
EX-EXT-007,做法边界不清,石材墙面/地面/台阶/踢脚,石材、花岗岩、大理石、干挂、湿贴、踢脚、台阶,缺石材厚度、面层、安装方式或板块规格,石材湿贴、干挂和成品线条的材料边界不同，干挂系统辅材不能自动套到湿贴项。,ask_user,system_candidate,medium/low,石材品种、厚度、面层、干挂/湿贴、规格、辅材是否输出,不得把湿贴石材自动拆成石材+龙骨+挂件+胶,PF-STONE_SPEC；MAT-024,是
EX-EXT-008,项目特征缺失,金属网/钢丝网,钢丝网、镀锌钢丝网、金属网、墙体钢丝网、防火涂料加固网,缺丝径、网孔、镀锌方式、面积或搭接,钢丝网的规格和用量与丝径、网孔、搭接和用途相关，应与玻纤网格布区分。,ask_user,auxiliary_candidate,medium/low,丝径、网孔、镀锌、面积、搭接率、用途,不得用耐碱玻纤网格布替代钢丝网,PF-METAL_MESH_SPEC；MAT-025,是
EX-EXT-009,清单结构异常,钢构件制作、安装、防火、防腐合并列项,钢构件制作安装、防火防腐、制作运输安装、防火涂料包含,一个清单项同时包含钢材主材、制作、安装、防火、防腐或运输边界,钢结构合并项包含多工程任务，主材和涂装材料的采购责任、单位和消耗公式不同。,candidate_infer,system_candidate,low,是否合并制作/安装/防火/防腐、各任务工程量、材料是否分包自采,不得把合并项直接输出为单一钢材采购量,K04清单编制实务；MAT-020；MAT-023；D32/D35,是
EX-EXT-010,单位异常,长度/面积/重量单位错配,止水带m²、钢结构m²、石材t、涂料项/宗、钢丝网m,清单单位与材料采购单位或换算公式明显不匹配且缺必要参数,单位错配会使采购量换算失真，必须先确认计量边界或补工程量参数。,ask_user,scope_only,low,正确计量单位、工程量来源、换算参数、是否综合项,不得强行套用相邻材料族换算公式,K05单位异常；MAT-019~MAT-025；QCR规则,是
EX-EXT-011,证据缺口/做法不明,工业厂房/地下车库地坪,环氧地坪、耐磨地坪、金刚砂、密封固化剂、固化地坪、车库地坪,命中地坪关键词但缺本地T2/T3/N1稳定映射或缺厚度/遍数/用量,地坪体系材料差异大，当前知识库证据不足时只能标记范围和待补知识，不能深拆采购量。,mark_only/ask_user,scope_only,low,地坪类型、厚度、遍数、材料体系、厂家耗量、专业分包范围,不得凭经验输出环氧树脂、金刚砂或固化剂采购量,PF-FLOORING_SYSTEM_EVIDENCE_GAP；损耗表42；N1 GB/T11982仅适用于PVC地板,是
EX-EXT-012,项目特征缺失,压型钢板/金属屋面墙面板,压型钢板、彩钢板、金属屋面板、钢板楼板、楼承板、墙板,缺板型、厚度、涂层、芯材或搭接方式,金属板材采购口径取决于板型、厚度、涂层和是否夹芯；缺参数时只能输出材料族候选。,ask_user,main_material_candidate,medium/low,板型、厚度、涂层、芯材、搭接率、定尺/包装,不得默认同一板型或自动加保温芯材,PF-PROFILED_STEEL_PLATE_SPEC；MAT-026,是
EX-EXT-013,项目特征缺失,嵌缝密封材料,嵌缝、密封胶、硅酮胶、沥青油膏、伸缩缝、接缝,缺胶型、缝长、缝宽、缝深或包装,密封材料的采购量由缝长和截面尺寸决定，面积清单不能直接换算支数或kg。,ask_user,auxiliary_candidate,low/medium,胶型、缝长、缝宽、缝深、包装容量、背衬材料,不得按面积高置信计算密封胶支数,PF-SEALANT_JOINT_SPEC；MAT-027,是
EX-EXT-014,项目特征缺失,栏杆扶手/玻璃栏板,扶手、栏杆、栏板、不锈钢扶手、玻璃栏板、护窗栏杆、阳台栏杆、楼梯栏杆、临边防护栏杆、防护栏杆,缺永久/临时属性、材质、规格、高度、玻璃厚度、长度、成品口径、节点做法或专业分包范围,栏杆扶手可能是永久成品、构件拆分、玻璃栏板系统，也可能是施工临边防护等措施周转材料；属性不清时必须追问输出口径和采购责任。,ask_user,main_material_or_system_candidate,medium/low,永久或临时、成品/构件口径、材质、管径/壁厚、高度、玻璃厚度、立柱间距、节点锚固、措施/租赁或专业分包,不得默认拆成不锈钢管和玻璃；不得把临边防护栏杆按永久栏杆计入乙方采购量；不得缺节点时估算锚栓,PF-HANDRAIL_BALUSTRADE_SPEC；MAT-028；K08采购责任；BOUND-措施项目-模板脚手架,是
EX-EXT-015,项目特征缺失,踢脚线/装饰线条,踢脚线、木踢脚、石材踢脚、装饰线条、收口条,缺材质、高度、厚度、长度或安装方式,踢脚线按材质走不同材料族，缺材质时不能用默认线条替代。,ask_user,main_material_candidate,medium/low,材质、高度、厚度、长度、安装方式、是否成品,不得把木踢脚、石材踢脚、金属线条互相替代,PF-DECOR_LINE_SKIRTING_SPEC；MAT-029,是
EX-AUTO-001,项目特征缺失,轻质墙板/轻质隔墙板,轻质墙板、轻质隔墙板、GRC板、ALC板、条板、嵌缝砂浆,缺墙板材质、厚度、规格、安装方式或嵌缝材料范围,轻质墙板与砌块、石膏板隔墙的采购材料和计量口径不同，缺关键参数时不能直接替代。,ask_user,main_material_candidate,medium/low,墙板材质、厚度、规格、嵌缝材料、辅材是否单列,不得默认按砌块或石膏板规则拆解,PF-LIGHT_WALL_PANEL_SPEC；MAT-030；T2 BD-MAP-F010/F011,是
EX-AUTO-002,项目特征缺失,PVC/塑胶地板面层,橡塑面层、塑胶地板、PVC地板、橡胶地板、同质透心、卷材地板,缺厚度、结构类型、耐磨等级、卷材规格或辅材范围,PVC/塑胶地板与地砖、地毯、木地板和环氧地坪的材料族不同，缺关键参数时只能输出成品面层候选。,ask_user,main_material_candidate,medium/low,总厚度、结构类型、耐磨等级、使用等级、卷材宽度/长度、辅材是否单列,不得默认按地砖、地坪涂料或环氧体系拆解,PF-PVC_FLOORING_SPEC；MAT-031；T2 BD-MAP-N015,是
EX-AUTO-003,采购责任不清/专业边界不清,防火卷帘/特种门窗,防火卷帘、卷帘门、钢质卷帘、防火窗、特种门、保温门、隔音门、防射线门、消防联动,缺防火等级、尺寸、采购责任、是否含电机控制系统或消防联动边界,防火卷帘和特种门窗既可能归门窗采购，也可能纳入消防或专业分包范围，边界不清时不能默认进入总包材料清单。,ask_user,scope_or_finished_product_candidate,medium/low,防火等级、尺寸、采购责任、是否专业分包、是否含电机控制和联动调试,不得默认深拆控制系统或默认计入乙方采购,PF-FIRE_SHUTTER_SPECIAL_DOOR_SPEC；MAT-032；K08采购责任,是
EX-AUTO-004,做法边界不清,坡屋面瓦/屋面木基层,瓦屋面、屋面瓦、水泥瓦、彩瓦、挂瓦条、顺水条、屋面木基层、防水层,缺瓦材类型、基层做法、挂瓦条/顺水条范围、防水层是否单列或专业分包边界,坡屋面瓦、木基层、防水层常被合并在屋面清单中，材料角色和采购责任不清时不能直接输出完整系统采购量。,ask_user,main_material_or_system_candidate,medium/low,瓦材类型、基层做法、挂瓦条/顺水条、防水层、专业分包或甲供范围,不得把瓦屋面自动拆成瓦+木材+防水卷材全套高置信材料,PF-SLOPED_ROOF_TILE_SPEC；MAT-033；K08采购责任,是
EX-AUTO-005,清单结构异常/做法边界不清,门窗套/窗台板/窗帘轨收口,门窗套、门套、窗套、套线、筒子板、窗台板、人造石窗台、大理石窗台、窗帘轨、窗帘盒、窗帘杆、罗马杆、滑轨、包含门窗收口,普通门窗清单备注含收口配件，或门窗套/窗台板/窗帘轨缺材质、规格、长度、是否成品、采购责任,收口配件可能独立列项，也可能并入门窗成品或装修分包；缺边界时只能输出候选和追问，不能把门窗主材拆成全套收口配件。,ask_user,main_material_candidate,medium/low,是否独立列项、材质、规格、长度或展开尺寸、是否含安装辅材、甲供/乙供/专业分包范围,不得把窗帘软装按土建材料深拆；不得重复输出成品门窗和门窗套线造成采购量叠加,PF-WINDOW_TRIM_SILL_TRACK_SPEC；MAT-034；K08采购责任,是
EX-AUTO-006,做法边界不清/专业范围风险,雨篷/玻璃雨篷/采光顶/阳光板屋面,雨篷、雨棚、玻璃雨篷、钢化玻璃雨篷、采光顶、玻璃采光顶、阳光板屋面、钢结构雨篷、幕墙、专业分包,缺面板类型、厚度、支承结构、连接节点、防水收边、密封胶、是否幕墙或专业分包边界,雨篷和采光顶常由面板、钢结构、连接件、密封和排水节点组成；仅有面积或名称时不能还原完整系统材料。,ask_user,main_material_or_system_candidate,medium/low,面板类型、厚度、面积、支承结构、节点做法、是否幕墙/采光顶专业分包、甲供/乙供范围,不得将采光顶默认按玻璃雨篷深拆；不得缺节点时估算型钢、锚栓、密封胶或螺栓数量；不得把专业分包默认计入总包采购,PF-CANOPY_SKYLIGHT_SYSTEM_SPEC；MAT-035；K08采购责任；CH-011506/CH-010901,是
EX-AUTO-007,定制服务/专业范围风险,招牌灯箱/美术字/发光字/广告图文,招牌、灯箱、广告牌、店招、美术字、发光字、亚克力字、不锈钢字、钛金字、标识、标牌、LED、广告图文、品牌形象,缺材质、面积或字数、字高、厚度、是否发光、电源控制、安装结构、品牌定制或专业分包边界,标识广告项既可能是少量板材，也可能是定制成品、发光系统或品牌服务；缺边界时只能输出候选和追问，不能按通用材料深拆。,ask_user,custom_finished_or_main_material_candidate,medium/low,定制成品或材料采购、材质、规格、面积/字数、是否发光、电源控制、安装基层、品牌和专业分包范围,不得默认输出LED灯带、电源、控制器、线路和安装五金；不得把服务/定制项计入普通材料采购量；不得覆盖暂估价、甲供和专业分包硬阻断,PF-SIGNAGE_LIGHTBOX_CUSTOM_SPEC；MAT-036；K08采购责任；CH-011507/CH-011508,是
EX-AUTO-008,成品家具/现场木作边界风险,柜、架、台/服务台/展示柜/暖气罩/全屋定制,柜、架、台、展示柜、货架、服务台、接待台、收银台、吧台、成品柜、装饰柜、全屋定制、暖气罩、散热器罩、木作、现场制作、详见深化、厂家定制,缺成品或现场制作口径、板材类型、展开面积或尺寸、五金明细、固定方式、采购责任，或出现全屋定制/厂家定制/专业分包/甲供,011501/011504的T2映射可提供细木工板候选，但成品家具和定制柜体在损耗表中属于台套成品口径，不应自动按板材和五金展开。缺关键参数时只能追问和降级。,ask_user,finished_furniture_mark_or_woodwork_candidate,medium/low,成品家具或现场木作、材质板材、面积或长宽高、五金明细、是否含安装、固定节点、采购责任,不得默认按MAP-S013/MAP-S017公式输出高置信板材；不得自动补铰链、拉手、滑轨、锚栓、胶和油漆；不得覆盖暂估价、甲供和专业分包硬阻断,PF-CABINET_COUNTER_WOODWORK_SPEC；MAT-037；K08采购责任；CH-011501/CH-011504；S022,是
EX-AUTO-009,浴厕配件合并项/采购责任风险,浴厕配件/镜箱/卫生间五金/洁具配件,浴厕配件、洗厕配件、镜箱、镜面玻璃、银镜、镜子、浴巾架、肥皂盒、手纸盒、给皂器、喷香机、卫浴五金、卫生洁具、精装修分包、甲供洁具、详见样板,缺配件类型、数量、规格、材质、是否成套、镜面面积、采购责任，或出现精装修分包/甲供/甲指乙供/暂估价,浴厕配件常把镜面、镜箱、五金小件和洁具配件合并列项；本地稳定映射只支持镜子候选，其他卫浴五金缺T3物料和数量时不得自动展开。,ask_user,mirror_candidate_or_accessory_scope_only,medium/low,配件清单、镜面面积、镜厚、五金材质、规格型号、数量、是否成套、采购责任、是否精装修分包,不得默认输出浴巾架、肥皂盒、手纸盒、花洒、地漏和五金套件；不得把经验损耗用于高置信采购量；不得覆盖暂估价、甲供和专业分包硬阻断,PF-BATH_ACCESSORY_MIRROR_HARDWARE_SPEC；MAT-038；K08采购责任；CH-011505；S023,是
