规则ID,材料族,来源清单场景,推演前必须具备,候选材料输出,采购量计算路径,清单单位,采购单位,换算公式,损耗率范围,缺失即追问字段,企业习惯可改变项,禁止推断,标准或物料证据,核验状态,启用状态
MAT-001,商品混凝土,现浇混凝土/垫层/细石混凝土,清单单位m³、C等级、部位、抗渗等级,商品混凝土C等级；抗渗/细石/垫层单列,清单量×换算系数×(1+损耗率),m³,m³,QCR_CON_M3_TO_M3:boq_quantity * 1,0~0.02，默认0.01,C等级/抗渗/部位,混凝土按商混或原材拆分,默认不拆水泥砂石,MAT-CON-001:预拌混凝土 C30；MAT-CON-002:预拌混凝土 C25；MAT-CON-003:预拌混凝土 C35；MAT-CON-004:细石混凝土 C20；MAT-CON-005:预拌混凝土 C20；MAT-CON-006:防腐混凝土 C30；GB/T 14902-2012:预拌混凝土；GB 50164-2011:混凝土质量控制标准；普通混凝土:1%；轻骨料混凝土:1%；沥青混凝土:1%；纤维混凝土:1%；再生骨料混凝土:1%；自密实混凝土:1%,T3/N1已交叉,是
MAT-002,钢筋,钢筋清单/构件钢筋,单位t、牌号、规格或汇总口径,热轧带肋/光圆钢筋、网片、拉结筋,t→t；按规格拆分需明细,t,t,QCR_REB_T_TO_T:boq_quantity * 1,0.01~0.04，默认0.025,牌号/规格/抗震等级,按规格/总量/楼栋/阶段,不得凭经验拆直径,MAT-STE-001:热轧带肋钢筋 HRB400E；MAT-STE-002:热轧光圆钢筋 HPB300；MAT-PRE-001:预制钢筋混凝土方桩；GB 1499.1-2024:钢筋混凝土用钢 第1部分：热轧光圆钢筋；GB 1499.2-2024:钢筋混凝土用钢 第2部分：热轧带肋钢筋；钢筋:2.5%；钢筋混凝土预制构件（非装配式）:2%；钢筋接头、锚具及钢筋保护帽:2.5%；钢筋和预应力机械:2.5%,T3/N1已交叉,是
MAT-003,砌块,砌块墙/砌块柱,单位m³、材质、厚度,蒸压加气砌块/烧结砖/轻集料砌块,m³砌体→砌块体积/块数+砂浆,m³,m³,QCR_BLOCK_M3_TO_BLOCK_MORTAR:boq_quantity * 0.98,0.02~0.06，默认0.04,材质/厚度/砂浆等级,砌体按材质/厚度拆分,不得用默认材质替代,MAT-MOR-006:砌块砌筑粘结剂；MAT-BRI-001:烧结普通砖 MU10；MAT-BRI-002:烧结多孔砖 MU10；MAT-BLO-001:蒸压加气混凝土砌块 A5.0 B06；MAT-BLO-002:轻集料混凝土小型空心砌块；MAT-GLS-006:玻璃砖；GB 13544-2011:烧结多孔砖和多孔砌块；GB/T 15229-2011:轻集料混凝土小型空心砌块；GB/T 11968-2020:蒸压加气混凝土砌块；GB/T 5101-2017:烧结普通砖；砌砖:3%；砌块:4%；耐酸砖、板:3%；硅质耐火砖:3%；铝质耐火砖:3%；镁质耐火砖:3%,T3/N1已交叉,是
MAT-004,预拌砂浆,砌筑/抹灰/找平,砂浆类型、强度、厚度,DM/DP/DS或湿拌砂浆,m³或m²×厚度→m³/t,m³,m³,QCR_MASONRY_M3_TO_MORTAR:boq_quantity * 0.071,0.02~0.08，默认0.05,砂浆类型/强度/厚度,预拌/干混/原材,缺厚度不高置信,MAT-MOR-001:干混砌筑砂浆 DM M10；MAT-MOR-002:干混抹灰砂浆 DP M10；MAT-MOR-003:干混地面砂浆 DS M20；MAT-MOR-005:干混抹面砂浆；MAT-MOR-006:砌块砌筑粘结剂；MAT-MOR-007:防腐砂浆；GB/T 25181-2019:预拌砂浆；湿拌砂浆:3%；干混砂浆:3%；特种砂浆:3%；其他砂浆:3%,T3/N1已交叉,是
MAT-005,防水卷材,屋面/地下/楼地面卷材防水,材料类型、厚度、层数、部位、施工方法,SBS/自粘/PVC/预铺卷材,m²→m²卷材或卷数；卷数需包装,m²、m²,m²、卷,QCR_WATERPROOF_M2_TO_MEMBRANE:boq_quantity * 1.1；QCR_WATERPROOF_M2_TO_ROLL:ceil(boq_quantity * 1.1 / roll_area_m2),0.05~0.12，默认0.08,厚度/层数/包装单位,主材/系统/按卷换算,缺厚度不高置信,MAT-WAP-001:SBS改性沥青防水卷材 3mm；MAT-WAP-002:SBS改性沥青防水卷材 4mm；MAT-WAP-006:自粘聚合物改性沥青防水卷材；MAT-WAP-008:聚氯乙烯防水卷材(PVC)；MAT-SEA-003:SBS弹性沥青防水胶；MAT-BRD-006:聚氯乙烯板(PVC) 3mm；GB/T 18242-2025:弹性体/塑性体改性沥青防水卷材；GB/T 23457-2025:预铺防水卷材；防水卷材:8%,T3/N1已交叉,是
MAT-006,防水涂料,涂膜防水,材料类型、厚度、遍数、部位,聚氨酯/JS/水泥基防水涂料,m²×厚度×单位耗量→kg/桶,m²、m²,kg、kg,QCR_WATERPROOF_M2_TO_COATING:boq_quantity * kg_per_m2_by_thickness；QCR_PAINT_M2_TO_KG:boq_quantity * kg_per_m2_per_coat * coats,0.05~0.12，默认0.08,厚度/涂布率/包装,主材/系统,不得用固定kg/m²覆盖所有厚度,MAT-WAP-003:聚氨酯防水涂料（双组分）；MAT-WAP-004:水泥基渗透结晶型防水涂料；MAT-WAP-005:JS聚合物水泥防水涂料；MAT-MOR-008:聚合物水泥砂浆；MAT-SEA-004:聚氨酯发泡剂 750ml；GB/T 19250-2013:聚氨酯防水涂料；GB/T 23445-2025:聚合物水泥防水涂料(JS)；防水涂料:8%；硬质聚氨酯板泡沫塑料:8%,T3/N1已交叉,是
MAT-007,保温板,外墙/屋面/楼地面保温,材料类型、厚度、燃烧等级、密度,岩棉/XPS/EPS/石墨聚苯板,m²×厚度→m³或按m²采购,m²、m²,m²、m³,QCR_INSULATION_M2_TO_M2:boq_quantity * 1.03；QCR_INSULATION_M2_THICKNESS_TO_M3:boq_quantity * thickness_mm / 1000,0.03~0.08，默认0.05,厚度/燃烧等级/密度,主材/系统,不得默认防火等级,MAT-INS-001:绝热用挤塑聚苯乙烯泡沫塑料(XPS)；MAT-INS-002:绝热用模塑聚苯乙烯泡沫塑料(EPS)；MAT-INS-003:岩棉板 120kg/m³；MAT-INS-004:石墨聚苯板 SEPS B1级；MAT-INS-005:无机纤维粒状棉；MAT-MSH-001:耐碱玻纤网格布 160g/m²；GB/T 25975-2018:建筑外墙外保温用岩棉制品；GB/T 10801.1-2025:绝热用模塑聚苯乙烯泡沫塑料(EPS)；GB/T 10801.2-2025:绝热用挤塑聚苯乙烯泡沫塑料(XPS)；GB/T 11835-2016:绝热用岩棉、矿渣棉及其制品；岩棉及其制品:5%；矿渣棉及其制品:5%；玻璃棉及其制品:5%；膨胀珍珠岩及其制品:5%；发泡陶瓷制品:5%；硬质聚氨酯板泡沫塑料:8%,T3/N1已交叉,是
MAT-008,粘结砂浆/抗裂砂浆,保温系统,保温面积、系统做法、厚度,胶粘剂、抗裂砂浆、抹面砂浆,m²×单位耗量→kg/t,,,,0.03~0.08，默认0.05,系统做法/厚度,辅材输出或不输出,缺系统做法只候选,T3命中：MAT-MOR-005 干混抹面砂浆（别名含抗裂砂浆/抹面胶浆）、MAT-MOR-006 砌块砌筑粘结剂；N1参考：GB/T 25181-2019 预拌砂浆；K06命中：粘结砂浆、抗裂砂浆损耗率范围均为0.03~0.08，默认0.05,T3/K06已交叉；N1按预拌砂浆通用标准参考，具体产品标准待补,是
MAT-009,网格布,保温/抹灰抗裂,面积、搭接、规格,耐碱玻纤网格布,m²×搭接系数,,,,0.03~0.08，默认0.05,规格/搭接,输出/不输出,不得无企业规则强制输出,T3命中：MAT-MSH-001 耐碱玻纤网格布160g/m²；T2保温系统辅材含耐碱玻纤网格布；K06命中：网格布损耗率范围0.03~0.08，默认0.05,T3/K06已交叉；产品标准待补，不单独高置信计算规格,是
MAT-010,锚栓,外墙保温锚固,面积、锚栓数量、基层类型,保温锚栓,m²×个数/m²,,,,0.01~0.05，默认0.03,锚栓数量/基层,输出/不输出/面积估算,缺数量不得高置信,T3相关命中：MAT-PRE-002 化学锚栓、MAT-PRE-003 预埋铁脚/窗锚固件；K06命中：锚栓损耗率范围0.01~0.05，默认0.03,K06已覆盖；T3为通用锚固件，保温专用锚栓物料待补，输出需确认数量和规格,是
MAT-011,成品门窗,门窗工程,材质、单位、规格、玻璃/防火等级,铝合金窗、木门、防火门、防盗门,樘→樘；m²→m²,樘、m²,樘、m²,QCR_DOOR_EACH_TO_EACH:boq_quantity * 1；QCR_WINDOW_M2_TO_M2:boq_quantity * 1,0~0.02，默认0.01,规格/玻璃/等级,成品/构件拆分,默认不得拆型材玻璃五金,MAT-BRD-002:铝合金扣板 600×600；MAT-DOO-001:钢质防盗门（成品）；MAT-DOO-002:钢质防火门 甲级（成品）；MAT-DOO-003:断桥铝合金窗（成品）；MAT-DOO-004:铝合金门（成品）；MAT-DOO-005:木质门（成品）；GB/T 20909-2017:钢门窗；GB/T 29498-2024:木门窗；GB/T 8478-2020:铝合金门窗；GB 12955-2024:防火门；GB 16809-2024:防火窗；GB 17565-2022:防盗安全门通用技术条件；铝合金建筑型材:3%；幕墙五金:1%；门窗五金:1%；灭火器专用阀门:1%；截止阀:1%；闸阀:1%,T3/N1已交叉,是
MAT-012,密封胶/发泡剂,门窗边框/幕墙/缝隙,缝长、用量、包装,硅酮密封胶、发泡剂,长度或面积→支/kg,,支,,0.03~0.08，默认0.05,缝长/包装,辅材输出/不输出,缺缝长只候选,MAT-SEA-001:硅酮耐候密封胶；GB/T 14683-2017:硅酮和改性硅酮建筑密封胶；防水密封材料:5%；堵漏灌浆材料:5%；止水材料:5%；胶粘剂:5%；胶粘制品:5%,T3/N1已交叉,是
MAT-013,地砖,楼地面块料,规格、面积、包装、损耗,地砖/防滑砖/墙砖,m²→m²或箱数,m²,m²,QCR_TILE_M2_TO_M2:boq_quantity * 1.03,0.02~0.06，默认0.04,规格/包装面积,主材/系统,缺包装不得换箱,MAT-TIL-001:全瓷抛光砖 600×600mm；MAT-TIL-002:防滑地砖 300×300mm；MAT-TIL-003:釉面内墙砖 300×600mm；MAT-ADH-001:瓷砖胶粘剂 C1型；MAT-GRO-001:填缝剂（美缝剂）；MAT-TIL-006:防滑地砖 800x800；GB/T 4100-2015:陶瓷砖；JC/T 547-2017:陶瓷砖胶粘剂；玻璃马赛克:4%；瓷砖:4%；马赛克:4%；实木地板:8%；软木地板:8%；软木复合弹性地板:8%,T3/N1已交叉,是
MAT-014,瓷砖胶/填缝剂,薄贴/块料系统,面积、铺贴方式、缝宽,瓷砖胶、填缝剂,m²×单位耗量→kg,,kg、支,,0.03~0.08，默认0.05,铺贴方式/缝宽,辅材输出/不输出,缺做法只候选,MAT-ADH-001:瓷砖胶粘剂 C1型；MAT-GRO-001:填缝剂（美缝剂）；MAT-SEA-004:聚氨酯发泡剂 750ml；JC/T 547-2017:陶瓷砖胶粘剂；胶粘剂:5%,T3/N1已交叉,是
MAT-015,腻子/底漆/面漆,墙柱面/天棚涂料,遍数、基层、涂料类型、包装,腻子、底漆、乳胶漆/外墙漆,m²×遍数×涂布率→kg/桶,,kg,,0.03~0.08，默认0.05,遍数/涂布率/包装,只面漆/系统,缺遍数不得高置信,MAT-PUT-001:内墙耐水腻子；MAT-PUT-002:外墙柔性腻子；JG/T 298-2010:建筑室内用腻子,T3/N1已交叉,是
MAT-016,抹灰砂浆,墙柱面抹灰/找平,面积、厚度、砂浆类型,干混抹灰砂浆,m²×厚度→m³/t,m²,m³,QCR_PLASTER_M2_TO_M3:boq_quantity * thickness_mm / 1000,0.03~0.08，默认0.05,厚度/强度,预拌/干混,缺厚度不高置信,T3命中：MAT-MOR-002 干混抹灰砂浆 DP M10；N1命中：GB/T 25181-2019 预拌砂浆；K06命中：抹灰砂浆损耗率范围0.03~0.08，默认0.05,T3/N1/K06已交叉,是
MAT-017,龙骨/石膏板,天棚吊顶/隔墙,吊顶类型、板材、龙骨、间距,轻钢龙骨、石膏板,m²→龙骨m+板材m²,m²,m²,QCR_CEILING_M2_SYSTEM:boq_quantity * system_coefficient,0.02~0.05，默认0.03,板材/龙骨/间距,系统输出/主材,复杂造型需确认,MAT-BRD-001:纸面石膏板 9.5mm；GB/T 9775-2025:纸面石膏板；石膏板:3%；格栅、格片、挂片:5%；集成吊顶系统:5%；轻质复合板:5%；屏风、隔断:5%；壁纸:5%,T3/N1已交叉,是
MAT-018,模板/脚手架,措施/周转,企业措施输出规则、周转/租赁口径,模板、脚手架材料,按周转/租赁/摊销，不按一次损耗,,张、kg、m²,,0.03~0.15，默认0.08,周转次数/租期,输出/不输出/租赁,不得默认计入一次性采购,MAT-TRN-001:木胶合板模板 1830×915×15mm；MAT-TRN-003:组合钢模板；MAT-TRN-004:铝合金模板；GB/T 17656-2018:混凝土模板用胶合板；钢支撑:不适用；模板及其附件:不适用；脚手架及其配件:不适用；活动板房:不适用；围护类周转材料:不适用；运输类周转材料:不适用,T3/N1已交叉,是
MAT-019,回填及垫层材料,回填方/换填垫层/褥垫层/基础及楼地面垫层,清单单位m³、材料类型（素土/灰土/级配砂石）、灰土配比或压实要求、部位,素土、级配砂石、石灰（消石灰）；灰土按配比拆石灰和土,m³回填/垫层→m³素土或级配砂石；灰土→t石灰+土；优先使用T2映射公式,m³,m³、t,MAP-A001:1.15m³/m³；MAP-A002:0.30t/m³；MAP-A003/D001:1.20m³/m³；MAP-D004/G002:1.15m³/m³,本地品类损耗砂石粉灰土3%；T2映射损耗5%~8%；默认按T2命中公式，缺T2时按3%~8%候选,材料类型/灰土配比/压实系数/是否外购土/部位,是否拆石灰、是否单列外购土、是否按部位拆分,不得把所有回填默认成素土、灰土或级配砂石；灰土缺配比不得计算石灰用量,T2 MAP-A001/A002/A003/D001/D002/D004/G002；T3 MAT-EAR-001素土、MAT-EAR-002级配砂石、MAT-AUX-001石灰；T3 MAT-EAR-002含GB/T14685-2022；损耗表1120~1128/19砂石粉灰土,T2/T3/损耗已交叉；压实系数和地方定额消耗需项目或地区补充,是
MAT-020,钢结构型钢及钢板,钢柱/钢梁/钢屋架/钢桁架/钢平台/钢梯/钢板楼板墙板屋面板,构件类型、清单单位t或m²、材质牌号、截面型号或板厚,热轧H型钢、槽钢、角钢、钢板、压型钢板/楼承板,t钢构件→t型钢/钢板；m²压型钢板→m²板材；规格拆分需详图或明细,t、m²,t、m²,MAP-H001/H002/H003/H004:1.000t/t；MAP-H010:钢板0.40t/t；MAP-H011:1.05m²/m²,T2钢结构主材3%；品类树H型钢/钢板5%；默认3%~5%，构件加工下料按企业或详图覆盖,材质牌号/截面型号/板厚/板型/是否含制作损耗,按构件/规格/楼栋拆分，制作损耗口径，成品构件或原钢材口径,缺牌号或截面不得高置信输出规格；不得自动包含防火、防腐、运输和安装辅材,T2 MAP-H001/H002/H003/H004/H010/H011；T3 MAT-STE-003/004/005/006、MAT-MET-004；N1 GB/T11263-2024、GB/T706-2016、GB/T709-2019；损耗表1092/1095,T2/T3/N1/损耗已交叉；压型钢板MAT-STE-012在T2命中但T3需继续补全,是
MAT-021,高强螺栓及钢结构连接件,钢构件制作及其他/高强螺栓/钢梁钢柱连接节点,螺栓规格、性能等级、套数、连接副类型、包装单位,高强螺栓连接副8.8S/10.9S，大六角或扭剪型,套→套；包装换算按盒/箱容量,套,套、盒,MAP-H005:1.02套/套；包装换算=ceil(采购套数/package_size),T2高强螺栓2%；默认1%~3%，企业可覆盖,M规格/性能等级/连接副类型/套数/包装容量,按规格拆分、按节点拆分、包装取整,不得按钢结构吨数经验反推螺栓数量；不得把普通螺栓替代高强螺栓,T2 MAP-H005；T3 MAT-STE-008高强螺栓10.9级；N1 GB/T1231-2024,T2/T3/N1已交叉；缺节点明细时只输出候选,是
MAT-022,止水带及止水材料,基础防水及止水带/施工缝/变形缝/沉降缝/后浇带,长度m、材质、类型、宽度、厚度、部位、包装卷长,橡胶止水带、止水条；钢板止水带需另行确认,m清单长度→m止水带；卷数=ceil(长度×损耗系数/卷长),m,m、卷,MAP-L015:1.05m/m；卷数换算需包装卷长,T2止水带3%；品类树止水/密封材料5%；默认3%~5%，节点复杂可企业覆盖,材质/类型/宽度/厚度/长度/卷长/部位,是否按卷换算、止水条是否单列、按部位拆分,不得将止水带按防水卷材面积换算；不得默认宽度厚度,T2 MAP-L015；T3 MAT-WAP-007橡胶止水带300×8mm；N1/国家标准公开系统题录GB/T18173.2-2014；损耗表231/47止水密封材料,T2/T3/N1/损耗已交叉；标准代号以公开题录和本地T3字段共同校验,是
MAT-023,钢结构防火防腐涂料,钢结构防火涂料/金属面油漆/防腐涂料/其他防腐,面积m²、涂层厚度或遍数、涂料体系、涂布率、包装规格,膨胀型钢结构防火涂料、非膨胀型钢结构防火涂料、环氧富锌底漆、热镀锌钢丝网,m²×厚度×单位耗量→kg；遍数×涂布率→kg；包装换桶需包装容量,m²,kg、桶、m²,MAP-R004:1.2kg/m²·mm；MAP-R006:0.55kg/m²·mm；MAP-R008/R009:0.20kg/m²；MAP-M013:0.28kg/m²,T2防火涂料8%~10%；防腐底漆5%；钢丝网辅材5%；默认按命中材料族5%~10%,耐火极限/涂层厚度/膨胀型或非膨胀型/遍数/涂布率/包装,只输出主材或输出系统，底漆是否单列，按桶取整,不得用一种kg/m²覆盖所有防火涂料；缺厚度或涂布率不得高置信计算kg/桶,T2 MAP-R004/R006/R007/R008/R009/M013；T3 MAT-FPC-001/002、MAT-PNT-001、MAT-WMS-001；N1 GB14907-2018、HG/T3668-2009,T2/T3/N1已交叉；产品实际耗量需厂家参数或项目技术要求复核,是
MAT-024,石材板材及干挂系统,墙柱饰面/楼地面石材/踢脚线/台阶装饰/干挂石材,石材品种、厚度、规格、面层、安装方式、面积或长度,花岗岩板、大理石板、石材踢脚线；干挂时可候选龙骨、挂件、胶,m²石材→m²板材；m踢脚→m成品线条；干挂系统辅材需节点参数,m²、m,m²、m、kg、套,MAP-P009:1.02m²/m²；MAP-N009:1.02m/m；MAP-N012:块料面层1.03m²/m²,品类树花岗石板/大理石板2%；T2石材面层3%；默认2%~3%，异形切割另确认,石材品种/厚度/面层/安装方式/规格/包装/干挂节点,只输出主材或输出干挂系统，石材按规格/部位拆分，异形加工是否单列,不得把湿贴石材自动拆为干挂系统；缺厚度不得高置信输出规格,T2 MAP-P009/N009/N012；T3 MAT-STO-002/003、MAT-STN-001~004；N1 GB/T18601-2024；损耗表1447/135等石材2%,T2/T3/N1/损耗已交叉；干挂挂件和胶类需节点深化后确认,是
MAT-025,金属网/钢丝网,金属制品/墙面抹灰抗裂/厚型防火涂料加固网,面积m²、丝径、网孔、镀锌方式、搭接率、用途,热镀锌钢丝网；不得与耐碱玻纤网格布混用,m²清单面积→m²钢丝网；厚型防火涂料加固网按系统另列,m²,m²、卷,MAP-H006:1.05m²/m²；MAP-R007:1.08m²/m²；卷数需包装面积,品类树钢丝3%；T2金属网3%，防火涂料辅材5%；默认3%~5%,丝径/网孔/镀锌/搭接/包装面积/用途,辅材是否输出、按卷取整、按部位拆分,不得把钢丝网替换为玻纤网格布；缺丝径网孔不得高置信输出规格,T2 MAP-H006/R007；T3 MAT-WMS-001；损耗表1081钢丝3%,T2/T3/损耗已交叉；具体产品标准待补，不高置信推断规格,是
MAT-026,压型钢板/金属屋面墙面板,钢板楼板/钢板墙板/钢屋面板/楼承板/金属屋面板,面积m²、板型、厚度、材质、涂层、搭接方式；夹芯板需芯材和厚度,压型钢板、金属屋面板、自承式楼承板；夹芯板只在清单明确时候选,m²清单面积→m²板材；定尺/搭接/板型修正需深化参数,m²,m²,MAP-H011:1.05m²/m²；缺搭接时不得另行放大,T2压型钢板3%；品类树钢板5%；默认3%~5%，按板型和定尺由企业覆盖,板型/厚度/涂层/芯材/搭接/定尺,按板型拆分、屋面/墙面分列、是否按成品板采购,不得默认彩钢板=夹芯板；不得自动增加保温芯材或檩条,T2 MAP-H011；T3 MAT-STE-012压型钢板、MAT-MET-003金属屋面板、MAT-MET-004自承式楼承板；损耗表1095钢板,T2/T3/损耗已交叉；专用产品标准和夹芯芯材参数待补，不高置信推断规格,是
MAT-027,嵌缝密封材料,屋面防水嵌缝/防腐隔离层/门窗边框密封/伸缩缝接缝,胶型、缝长、缝宽、缝深、包装规格、基层或部位,硅酮耐候密封胶、改性沥青嵌缝油膏、填缝剂；按用途区分,缝长×缝宽×缝深×密度→kg；支数/桶数需包装容量,m、m²,kg、支、桶,MAP-L004:0.060kg/m²；MAP-M012:0.524kg/m²；缝截面法需项目参数,T2嵌缝油膏5%；品类树止水/密封/胶粘材料5%；默认5%,胶型/缝长/缝宽/缝深/包装容量/是否含背衬,辅材是否输出、按支/桶取整、是否合并到门窗或防水系统,不得按防水面积直接高置信换算密封胶支数；不得将硅酮胶和沥青油膏互相替代,T2 MAP-L004/M012；T3 MAT-SEA-001硅酮密封胶、MAT-SEA-002改性沥青嵌缝油膏、MAT-GRO-001填缝剂；N1 GB/T14683-2017；损耗表47/134/169,T2/T3/N1/损耗已交叉；缝截面参数缺失时只输出候选,是
MAT-028,栏杆扶手及玻璃栏板,扶手栏杆栏板装饰/阳台栏杆/楼梯栏杆/护窗栏杆/不锈钢扶手/玻璃栏板/金属栏杆/临边防护栏杆,永久或临时属性、长度或面积、部位、材质、规格、高度、玻璃厚度、成品或构件口径；临边防护需企业措施输出或租赁口径,成品金属栏杆、木扶手、木栏杆、不锈钢管扶手、钢化玻璃栏板、化学锚栓；临边防护栏杆仅候选焊接钢管周转/租赁口径,m扶手→m不锈钢管/成品扶手；m²玻璃栏板→m²钢化玻璃；锚栓按节点数量；临边防护按周转/租赁/摊销，不按一次性损耗采购,m、m²,m、m²、套、t,MAP-S015:1.02m/m；MAP-S016:1.02m²/m²；临边防护栏杆缺周转方案时不得高置信换算,永久成品栏杆/扶手1%、玻璃3%、不锈钢管2%、T2栏杆/玻璃3%；临边防护/措施周转材料不适用一次性损耗，需按周转或租赁规则,永久或临时/材质/管径或壁厚/高度/玻璃厚度/长度或面积/是否成品/锚栓数量/措施租赁口径/专业分包,成品输出或构件拆分，锚栓是否输出，按楼梯/阳台/护窗分列，临边防护是否按措施周转或租赁输出,不得默认不锈钢304或默认12mm钢化玻璃；不得默认输出锚栓数量；不得把临边防护栏杆按永久栏杆扶手采购；不得把永久装饰栏杆套用脚手架周转口径,T2 MAP-S015不锈钢扶手1.02m/m、MAP-S016玻璃栏板1.02m²/m²；T3 MAT-STE-013不锈钢管、MAT-GLA-003钢化玻璃、MAT-MET-001成品栏杆、MAT-PRE-002化学锚栓、MAT-HDR-001木扶手、MAT-HDR-002木栏杆、MAT-STE-007焊接钢管防护栏杆；N1 GB/T12771-2019、GB/T3091-2025；损耗表74栏杆栏板、1529扶手、1420钢化玻璃、1232不锈钢管、周转材料NA,T2/T3/N1/损耗已交叉；玻璃栏板节点和临边防护周转方案缺失时只候选或标记措施范围,是
MAT-029,踢脚线/装饰线条,踢脚线/木踢脚/石材踢脚/装饰线条/收口线,材质、长度m、高度、厚度、安装方式、是否成品,木踢脚线、石材踢脚线、木装饰线条；金属收口条需另行确认,m清单长度→m成品线条；异形加工或转角损耗需确认,m,m,MAP-N008:1.02m/m；MAP-N009:1.02m/m,T2踢脚3%；品类树踢脚线3%、石材装饰线条2%、木质线条3%；默认2%~3%,材质/高度/厚度/长度/安装方式/是否异形,成品线条输出或按板材加工，按部位/楼栋分列,不得把木踢脚和石材踢脚互相替代；缺长度不得计算采购量,T2 MAP-N008/N009；T3 MAT-AUX-006木踢脚线、MAT-AUX-007石材踢脚线、MAT-TRM-001木装饰线条；损耗表1528/1522/1520,T2/T3/损耗已交叉；金属收口条待补专用物料,是
MAT-030,轻质墙板及嵌缝砂浆,轻质墙板/轻质隔墙板/ALC板/条板/嵌缝砂浆,清单面积m²、墙板材质、厚度或规格、安装方式、嵌缝材料是否单列,轻质隔墙板（成品）、干混砌筑砂浆DM M5（嵌缝辅材）,m²墙板→m²成品板；嵌缝砂浆按T2公式m³/m²候选，缺做法不高置信,m²,m²、m³,BD-MAP-F010:1.0m²/m²；BD-MAP-F011:0.005m³/m²,T2轻质墙板5%、嵌缝砂浆5%；品类树轻质复合板5%；砂浆类3%~5%；默认5%,墙板材质/厚度/规格/嵌缝材料/辅材是否单列,只输出成品墙板、嵌缝砂浆是否单列、按厚度或部位拆分,不得将轻质墙板默认拆成砌块+砌筑砂浆；缺厚度不得高置信输出规格,T2 BD-MAP-F010轻质隔墙板、BD-MAP-F011嵌缝砂浆；T3 MAT-WAL-001轻质隔墙板、MAT-MOR-001干混砌筑砂浆；损耗表52轻质复合板5%、K06砂浆类损耗范围,T2/T3/损耗已交叉；轻质墙板专用产品标准待补，缺规格时只按成品板候选,是
MAT-031,PVC/塑胶地板成品面层,橡塑面层/塑胶地板/PVC地板/橡胶地板/同质透心地板,清单面积m²、地板类型、厚度、结构类型、耐磨等级或使用等级、是否按卷材采购,同质透心塑胶地板2mm；其他PVC/橡胶地板只作为候选规格,m²清单面积→m²成品地板；卷材幅宽和卷长缺失时不得换卷,m²,m²、卷,BD-MAP-N015:1.05m²/m²；卷数=ceil(面积×损耗系数/卷材面积)，需卷材规格,T2塑胶地板3%；品类树塑料地板3%、橡胶地板3%；默认3%，异形排版由企业覆盖,厚度/结构类型/耐磨等级/卷材宽度长度/辅材是否单列,只输出成品面层、胶粘剂/焊线是否单列、按卷取整、按房间/楼栋拆分,不得把PVC地板默认拆为地砖、木地板、环氧地坪或地坪涂料；缺卷材规格不得换卷,T2 BD-MAP-N015；T3 MAT-FLR-001同质透心塑胶地板2mm；N1 GB/T11982.1-2015、GB/T11982.2-2015；损耗表129塑料地板3%、1444橡胶地板3%,T2/T3/N1/损耗已交叉；胶粘剂、焊线、自流平等辅材未形成稳定映射时只追问不深拆,是
MAT-032,防火卷帘及特种门窗成品,金属卷帘门/防火卷帘/防火窗/厂库房大门/特种门,门窗类型、清单单位m²或樘、洞口尺寸、防火等级或耐火极限、采购责任,钢质防火卷帘门、防火窗、特种门；仅按成品范围候选,m²清单→m²成品门窗；樘清单→樘成品门；控制系统和联动调试不默认拆材料,m²、樘,m²、樘,MAP-K007:1.0m²/m²；MAP-K016:1.0m²/m²；MAP-K019:1.0樘/樘,T2成品防火卷帘/特种门0%；品类树防火卷帘/特种门窗1%；默认0%~1%，企业可覆盖备损口径,防火等级/耐火极限/尺寸/采购责任/是否含电机控制系统,是否按成品系统输出、是否单列消防联动范围、是否按专业分包标记,不得拆帘片、电机、控制箱、导轨、按钮盒等构件；不得默认归消防或门窗采购,T2 MAP-K007防火卷帘、MAP-K016防火窗、MAP-K019特种门；T3 MAT-DOO-016钢质防火卷帘门、MAT-DOO-010防火窗、MAT-DOO-013特种门；N1 GB12955-2024防火门、GB16809-2024防火窗；损耗表1491防火卷帘、1492挡烟垂壁、156其他特种门窗,T2/T3/N1/损耗已交叉；防火卷帘专用标准和控制系统材料边界待补，默认只成品候选,是
MAT-033,坡屋面瓦及木基层辅材,瓦屋面/屋面瓦/水泥彩瓦/挂瓦条/顺水条/屋面木基层,屋面面积m²、瓦材类型、基层做法、挂瓦条/顺水条是否单列、防水层是否单列,屋面瓦（水泥彩瓦）、S形瓦/陶瓷瓦、沥青瓦、规格材（挂瓦条/顺水条/木基层）；防水卷材只作辅材候选,m²屋面→m²成品瓦；挂瓦条/顺水条按m³/m²候选；木基层按m³/m²；卷材防水需另按防水规则确认厚度,m²,m²、m³,BD-MAP-L016:1.05m²/m²；BD-MAP-L017:0.003m³/m²；MAP-I002:0.00945m³/m²；MAP-L016防水卷材:1.13m²/m²,T2屋面瓦5%、木材8%；T3水泥彩瓦2%、沥青瓦3%、陶瓷瓦4%、工程木材18%；默认主瓦2%~5%，木基层8%~18%需企业覆盖,瓦材类型/规格/基层做法/挂瓦条顺水条/防水层厚度/采购责任,只输出屋面瓦主材、屋面系统输出、木基层是否单列、防水层是否并入防水专业,不得将屋面瓦按地砖规则换箱；不得缺防水厚度时高置信输出防水卷材；不得默认木基层必然存在,T2 BD-MAP-L016屋面瓦、BD-MAP-L017挂瓦条/顺水条、MAP-I002屋面木基层、MAP-L016屋面防水层；T3 MAT-WAP-010屋面瓦、MAT-ROF-003沥青瓦、MAT-ROF-004陶瓷瓦、MAT-WOO-001规格材；T3 MAT-WOO-001含GB/T153-2019；损耗表1710瓦类、20水泥彩瓦口径、1433陶瓷瓦口径、木材类损耗,T2/T3/损耗已交叉；屋面瓦专用产品标准和节点构造需后续补充，辅材只候选,是
MAT-034,门窗收口成品配件,门窗套/窗台板/窗帘轨/窗帘盒/门窗收口,清单编码010808/010809/010810或明确名称、材质、长度m或面积m²、规格或展开尺寸、是否成品、采购责任,门窗套线(成品)、窗台板(人造石/石材)、窗帘轨(成品)；布艺窗帘/百叶帘只做范围标记,m清单长度→m成品套线/窗台板/窗帘轨；面积清单需先换算展开长度或按项目给定单位；包装取整需企业或供应商参数,m、m²,m、m²,MAP-K011:1.02m/m；MAP-K012:1.02m/m；MAP-K014:1.05m/m；m²清单缺展开尺寸时不高置信换算,T2门窗套/窗台板3%、窗帘轨3%；品类树门窗配件1%、木质装饰线条3%、石材装饰线条2%、踢脚线/装饰线条3%；默认2%~3%，企业可覆盖,材质/规格/长度或展开尺寸/是否成品/是否并入门窗主项/采购责任/包装单位,收口配件并入成品门窗、独立输出窗台板、窗帘轨是否输出、按楼栋或户型分列、按m或m²展示,不得由普通门窗清单自动生成门窗套线、窗台板或窗帘轨；不得输出布艺窗帘、百叶帘高置信采购量；不得与成品门窗重复计量,T2 MAP-K011门窗套线1.02m/m、MAP-K012窗台板1.02m/m、MAP-K014窗帘轨1.05m/m；T3 MAT-AUX-010门窗套线、MAT-AUX-011窗台板、MAT-AUX-013窗帘轨；N1 GB/T20909-2017钢门窗、GB/T29498-2024木门窗、GB/T8478-2020铝合金门窗用于门窗主项边界参照；损耗表133门窗及配件1%、1520木质装饰线条3%、1522石材装饰线条2%、1528踢脚线/装饰线条3%,T2/T3/N1/损耗已交叉；窗帘软装和窗帘盒具体构造存在证据缺口，本轮只做范围标记,是
MAT-035,雨篷采光顶面板及支承系统,雨篷旗杆装饰柱/玻璃雨篷/钢化玻璃雨篷/采光顶/阳光板屋面/钢结构雨篷,编码011506或010901、面积m²、面板类型、厚度、支承结构类型、是否幕墙/采光顶专业分包、采购责任,钢化玻璃、中空钢化玻璃、夹层玻璃候选、阳光板候选、型钢支承候选、化学锚栓/高强螺栓/硅酮耐候密封胶候选,普通玻璃雨篷m²→m²玻璃主面板；阳光板m²→m²板材；型钢、锚栓、螺栓、密封胶需节点和规格参数，采光顶系统需按专业分包或专项深化确认,m²,m²、t、套、支,MAP-S019:1.02m²/m²；钢结构和连接件缺深化节点时不计算；密封胶需缝长和包装规格,玻璃3%；阳光板/塑料板材按塑料制品5%候选；型钢5%；幕墙五金/连接件1%；密封胶5%；专业承包服务不适用材料损耗,面板类型/厚度/面积/支承结构/型钢规格/连接件数量/密封缝长/防水收边/专业分包/采购责任,只输出面板主材、按采光顶系统标记、支承钢结构是否单列、连接件/密封胶是否输出、专业分包材料是否排除,不得把采光顶或幕墙雨篷默认拆成单片钢化玻璃；不得默认12mm钢化玻璃、H型钢规格、锚栓或螺栓数量；不得缺厚度时高置信计算采购量,T2 MAP-S019雨篷/玻璃雨篷/采光顶→钢化玻璃1.02m²/m²；T3 MAT-GLA-003钢化玻璃、MAT-GLA-001中空钢化玻璃、MAT-DEC-003阳光板、MAT-PRE-002化学锚栓、MAT-SEA-001硅酮耐候密封胶、MAT-STE-003 H型钢、MAT-STE-004槽钢、MAT-STE-005角钢、MAT-STE-008高强螺栓；N1 GB/T706-2016、GB/T11263-2024、GB/T1231-2024、GB/T14683-2017；损耗表1420钢化玻璃、1422夹层玻璃、1423中空玻璃、1090/1091/1092型钢、134胶粘材料、2104建筑幕墙专业承包,T2/T3/N1/损耗已交叉；采光顶和幕墙系统缺专项深化时只候选或标记范围,是
MAT-036,标识广告定制面板及字牌,招牌灯箱/广告牌/店招/美术字/发光字/亚克力字/不锈钢字/钛金字/标识标牌,编码011507或011508、材质、面积m²或字数、字高/厚度、是否发光、是否定制成品、采购责任,亚克力灯箱板、钛金字/金属字、细木工板基层候选；发光字电气、LED显示系统、电源和控制器只作范围标记,灯箱m²→m²亚克力灯箱板；美术字按字数和字高换算候选面积；定制成品按套/项/字需供应商清单；发光和电气系统需深化清单,m²、字、项、套,m²、字、套,MAP-S020:1.05m²/m²；MAP-S021:0.50m²/字；项/套缺规格时不得高置信换算,亚克力/塑料板候选5%；广告图文低置信默认3%；号牌铭牌低置信默认3%；LED显示/成套设备按成品口径0%或不适用；企业历史可覆盖,材质/面积或字数/字高/厚度/是否发光/电源控制/安装基层/品牌定制/包装单位/采购责任,按定制成品输出、只输出主面板、不输出电气辅材、标识专业分包排除、按楼栋或区域分列,不得把发光字默认拆成LED、电源、控制器、线路或五金；不得把项/套单位硬换算成板材；不得把品牌标识设计制作服务当普通材料采购,T2 MAP-S020招牌灯箱→亚克力灯箱板1.05m²/m²、MAP-S021美术字→亚克力灯箱板0.50m²/字；T3 MAT-AUX-009亚克力灯箱板、MAT-SGN-001钛金字、MAT-WOO-003细木工板；损耗表145广告图文3%、1797号牌铭牌3%、737 LED显示及大屏拼接系统器材0%成套设备口径、1379电气控制器2%；N1证据缺口：未命中标识广告专用产品标准索引,T2/T3/损耗已交叉；广告图文损耗为低置信经验口径，发光和品牌定制部分只候选或标记范围,是
MAT-037,柜架台成品家具与现场木作材料,011501柜、架、台；011504暖气罩；展示柜、货架、服务台、接待台、收银台、吧台、成品柜、装饰柜、全屋定制、暖气罩、散热器罩、现场木作,编码011501/011504或明确名称；成品/定制或现场木作口径；若按板材计算需板材类型、厚度、面积或长宽高；若输出五金/锚栓需节点明细；采购责任,成品柜/展示柜/服务台/接待台/成品暖气罩只作成品或定制范围标记；现场木作可候选细木工板18mm、装饰饰面板、规格材；化学锚栓/家具五金仅在节点或明细明确时候选,现场木作m²→细木工板m³或m²候选；MAP-S013:0.015m³/m²；暖气罩MAP-S017:0.02m³/m²；成品家具按台/套/件需供应商清单；五金和锚栓按节点数量,m²、m、台、套、件、项,m²、m³、台、套、件,MAP-S013:0.015m³/m²；MAP-S017:0.02m³/m²；台/套/件/项缺明细时不得换算板材、五金或锚栓,现场细木工板/木制台类及货架按8%候选；家具五金2%但需明细；成品柜、接待台、展柜、全屋定制按成套家具口径0%或净用量损耗不适用；企业历史可覆盖,成品或现场制作、板材类型、厚度、面积或长宽高、饰面材料、五金明细、固定节点、包装单位、采购责任,成品家具只标记、现场木作主材输出、五金辅材不输出、按楼栋/房间/部位分列、定制家具专业分包排除,不得把成品柜、展示柜、服务台、接待台、全屋定制默认拆为细木工板；不得自动输出铰链、拉手、滑轨、封边条、胶、油漆、锚栓；不得把项/套单位硬换算成板材采购量,T2 MAP-S013柜架台→细木工板0.015m³/m²、MAP-S017暖气罩→细木工板0.02m³/m²；T3 MAT-WOO-003细木工板、MAT-PRE-002化学锚栓、MAT-BRD-007装饰饰面板、MAT-WOO-001规格材；损耗表1410细木工板8%、1415木制台类及货架8%、56家具五金2%、1777桌台类0%、1778架类0%、1783办公柜0%、1784接待台0%、1786展柜0%、10007全屋定制0%；S022证据缺口：本地N1未命中柜体/家具专用产品标准,T2/T3/损耗已交叉；成品家具与全屋定制只按范围或成品口径处理，现场木作才候选板材；N1产品标准缺口已记录,是
MAT-038,浴厕配件镜面与卫浴五金成品,011505浴厕配件；镜箱、镜面玻璃、银镜、浴室镜、浴巾架、毛巾架、肥皂盒、手纸盒、给皂器、喷香机、卫生间五金、卫浴五金,编码011505或明确名称；配件类型；镜面材料需面积、厚度或成品数量；五金配件需型号、材质、数量和是否成套；采购责任,明确银镜/镜面玻璃时输出镜子(银镜)5mm或镜面玻璃成品候选；浴巾架、肥皂盒、手纸盒、给皂器、喷香机等仅标记卫浴五金或成品配件范围；花洒/地漏不得从011505默认外推,镜面m²→m²镜子/镜面玻璃；MAP-S018:1.02m²/m²；成品镜箱/卫浴五金按个/套/件需供应商或项目明细；花洒/地漏需独立清单或给排水专业确认,m²、个、套、件、项,m²、个、套、件,MAP-S018:1.02m²/m²；个/套/件按清单数量；项缺明细时不得换算为具体五金或洁具,镜面玻璃/玻璃镜按3%候选；水暖及卫浴五金按2%但需明确型号数量；卫浴家具/浴室家具/给皂器等按成品洁具1%低置信口径且只候选；企业历史可覆盖,配件类型、镜面面积、镜厚、数量、规格型号、材质、是否成套、是否含安装、包装单位、采购责任,只输出镜面主材、卫浴五金套件只标记、精装修分包排除、甲供洁具排除、按卫生间/楼栋/户型分列,不得把浴厕配件默认拆为浴巾架、肥皂盒、手纸盒、给皂器、花洒或地漏；不得缺数量规格时高置信采购；不得把精装修分包、甲供或暂估价纳入乙方采购量,T2 MAP-S018浴厕配件→镜子(银镜)5mm 1.02m²/m²；T3 MAT-GLA-004镜子(银镜)5mm、MAT-GLS-001镜面玻璃(成品)；N1局部题录GB/T23447-2023卫生洁具淋浴用花洒、GB/T27710-2020地漏仅用于识别边界；损耗表1430玻璃镜3%、36水暖及卫浴五金2%、1554化妆台/化妆镜1%、1555浴室家具1%、1558喷香机/给皂器1%、35其他卫生洁具1%；S023证据缺口：浴巾架/肥皂盒/手纸盒本地缺T3标准物料,T2/T3/损耗已交叉；N1只局部命中花洒和地漏题录，不能支撑从浴厕配件默认外推；卫浴五金小件按证据缺口追问,是
