规则ID,规则类型,适用对象,适用专业,触发信号,判断逻辑,AI动作,输出影响,优先级,置信度或来源,待确认字段,禁止动作,核验来源,启用状态
RESP-OWNER_SUPPLIED_KEYWORD,采购责任,*,*,"{""keywords"":[""甲供"",""发包人供应"",""建设单位供应""]}",甲供材料 → owner_supplied,mark_not_contractor_purchase,owner_supplied,1000,采购责任优先于材料输出,确认甲供范围,不得计入乙方采购量,K08采购责任规则库；K16交叉核验,是
RESP-CONTRACTOR_SUPPLIED_DEFAULT,采购责任,*,*,"{""default_when_no_other_responsibility"":true}",乙供材料 → contractor_supplied,include_in_contractor_purchase,contractor_supplied,100,采购责任优先于材料输出,,不得覆盖合同边界,K08采购责任规则库；K16交叉核验,是
RESP-OWNER_SPECIFIED_KEYWORD,采购责任,*,*,"{""keywords"":[""甲指乙供"",""甲定乙供"",""指定品牌""]}",甲指乙供材料 → owner_specified_contractor_supplied,include_with_owner_specified_tag,owner_specified_contractor_supplied,900,采购责任优先于材料输出,确认品牌/供应范围,不得覆盖合同边界,K08采购责任规则库；K16交叉核验,是
RESP-SUBCONTRACT_KEYWORD,采购责任,*,消防工程、暖通工程、智能化工程、电梯工程、防水工程、保温工程,"{""keywords"":[""专业分包"",""分包自采"",""分包工程""]}",专业分包自采材料 → subcontractor_supplied,mark_only_no_deep_infer,subcontractor_supplied,950,采购责任优先于材料输出,确认专业分包范围,不得默认深拆,K08采购责任规则库；K16交叉核验,是
RESP-GROUP_CENTRALIZED_PURCHASE,采购责任,钢筋、商品混凝土、门窗,*,"{""keywords"":[""集团集采""]}",集团集采材料 → contractor_supplied,include_with_group_purchase_tag,contractor_supplied,700,采购责任优先于材料输出,确认集采范围,不得覆盖合同边界,K08采购责任规则库；K16交叉核验,是
RESP-REGIONAL_CENTRALIZED_PURCHASE,采购责任,防水卷材、保温板、涂料,*,"{""keywords"":[""区域集采""]}",区域集采材料 → contractor_supplied,include_with_regional_purchase_tag,contractor_supplied,680,采购责任优先于材料输出,确认区域集采范围,不得覆盖合同边界,K08采购责任规则库；K16交叉核验,是
RESP-PROJECT_SELF_PURCHASE,采购责任,零星材料、辅材,*,"{""keywords"":[""项目自采""]}",项目自采材料 → contractor_supplied,include_with_project_purchase_tag,contractor_supplied,650,采购责任优先于材料输出,,不得覆盖合同边界,K08采购责任规则库；K16交叉核验,是
RESP-TEMPORARY_ESTIMATE,采购责任,*,*,"{""keywords"":[""暂估价"",""暂估""]}",暂估价项目 → unknown,block_material_purchase,unknown,990,采购责任优先于材料输出,确认暂估价是否转为采购清单,不得覆盖合同边界,K08采购责任规则库；K16交叉核验,是
RESP-PROVISIONAL_SUM,采购责任,*,*,"{""keywords"":[""暂列金额""]}",暂列金额 → unknown,block_material_purchase,unknown,980,采购责任优先于材料输出,确认费用性质,不得覆盖合同边界,K08采购责任规则库；K16交叉核验,是
RESP-GENERAL_CONTRACT_SERVICE_FEE,采购责任,*,*,"{""keywords"":[""总包服务费"",""总承包服务费""]}",总包服务费相关项目 → unknown,mark_fee_only,unknown,970,采购责任优先于材料输出,确认是否为费用项,不得覆盖合同边界,K08采购责任规则库；K16交叉核验,是
RESP-PR_EXT_001,采购责任,钢筋,主体结构,发包人供应钢筋,甲供钢筋 → owner_supplied,不进入乙方采购量,owner_supplied,900,采购责任优先于材料输出,确认合同/招标文件采购边界,不得计入乙方采购量,K08采购责任规则库；K16交叉核验,是
RESP-PR_EXT_002,采购责任,商品混凝土,主体结构,商混甲供,甲供混凝土 → owner_supplied,不进入乙方采购量,owner_supplied,899,采购责任优先于材料输出,确认合同/招标文件采购边界,不得计入乙方采购量,K08采购责任规则库；K16交叉核验,是
RESP-PR_EXT_003,采购责任,门窗,门窗工程,门窗甲供,甲供门窗 → owner_supplied,不进入乙方采购量,owner_supplied,898,采购责任优先于材料输出,确认合同/招标文件采购边界,不得计入乙方采购量,K08采购责任规则库；K16交叉核验,是
RESP-PR_EXT_004,采购责任,电梯,电梯工程,电梯甲供,甲供电梯 → owner_supplied,只标记范围,owner_supplied,897,采购责任优先于材料输出,确认合同/招标文件采购边界,不得计入乙方采购量,K08采购责任规则库；K16交叉核验,是
RESP-PR_EXT_005,采购责任,防水,防水工程,防水品牌甲指,甲指乙供防水 → owner_specified_contractor_supplied,进入乙供但标记甲指,owner_specified_contractor_supplied,896,采购责任优先于材料输出,确认合同/招标文件采购边界,不得覆盖合同边界,K08采购责任规则库；K16交叉核验,是
RESP-PR_EXT_006,采购责任,保温板,保温工程,保温品牌甲指,甲指乙供保温 → owner_specified_contractor_supplied,进入乙供但标记甲指,owner_specified_contractor_supplied,895,采购责任优先于材料输出,确认合同/招标文件采购边界,不得覆盖合同边界,K08采购责任规则库；K16交叉核验,是
RESP-PR_EXT_007,采购责任,涂料,墙柱面工程,涂料品牌甲指,甲指乙供涂料 → owner_specified_contractor_supplied,进入乙供但标记甲指,owner_specified_contractor_supplied,894,采购责任优先于材料输出,确认合同/招标文件采购边界,不得覆盖合同边界,K08采购责任规则库；K16交叉核验,是
RESP-PR_EXT_008,采购责任,防水,防水工程,防水专业分包,防水专业分包 → subcontractor_supplied,只识别系统范围,subcontractor_supplied,893,采购责任优先于材料输出,确认合同/招标文件采购边界,不得默认深拆,K08采购责任规则库；K16交叉核验,是
RESP-PR_EXT_009,采购责任,保温板,保温工程,保温专业分包,保温专业分包 → subcontractor_supplied,只识别系统范围,subcontractor_supplied,892,采购责任优先于材料输出,确认合同/招标文件采购边界,不得默认深拆,K08采购责任规则库；K16交叉核验,是
RESP-PR_EXT_010,采购责任,门窗,门窗工程,门窗专业分包,门窗专业分包 → subcontractor_supplied,只识别成品范围,subcontractor_supplied,891,采购责任优先于材料输出,确认合同/招标文件采购边界,不得默认深拆,K08采购责任规则库；K16交叉核验,是
RESP-PR_EXT_011,采购责任,消防材料,消防工程,消防专业分包,消防专业分包 → subcontractor_supplied,不深拆,subcontractor_supplied,890,采购责任优先于材料输出,确认合同/招标文件采购边界,不得默认深拆,K08采购责任规则库；K16交叉核验,是
RESP-PR_EXT_012,采购责任,暖通材料,暖通工程,暖通专业分包,暖通专业分包 → subcontractor_supplied,不深拆,subcontractor_supplied,889,采购责任优先于材料输出,确认合同/招标文件采购边界,不得默认深拆,K08采购责任规则库；K16交叉核验,是
RESP-PR_EXT_013,采购责任,智能化材料,智能化工程,智能化专业分包,智能化专业分包 → subcontractor_supplied,不深拆,subcontractor_supplied,888,采购责任优先于材料输出,确认合同/招标文件采购边界,不得默认深拆,K08采购责任规则库；K16交叉核验,是
RESP-PR_EXT_014,采购责任,钢筋,主体结构,集团集采钢筋,集团集采钢筋 → contractor_supplied,进入乙供并标记集采,contractor_supplied,887,采购责任优先于材料输出,确认合同/招标文件采购边界,不得覆盖合同边界,K08采购责任规则库；K16交叉核验,是
RESP-PR_EXT_015,采购责任,商品混凝土,主体结构,集团集采商混,集团集采商混 → contractor_supplied,进入乙供并标记集采,contractor_supplied,886,采购责任优先于材料输出,确认合同/招标文件采购边界,不得覆盖合同边界,K08采购责任规则库；K16交叉核验,是
RESP-PR_EXT_016,采购责任,防水,防水工程,区域集采防水,区域集采防水 → contractor_supplied,进入乙供并标记集采,contractor_supplied,885,采购责任优先于材料输出,确认合同/招标文件采购边界,不得覆盖合同边界,K08采购责任规则库；K16交叉核验,是
RESP-PR_EXT_017,采购责任,零星材料,全部专业,项目自采,项目自采零星材料 → contractor_supplied,进入项目自采包,contractor_supplied,884,采购责任优先于材料输出,确认合同/招标文件采购边界,不得覆盖合同边界,K08采购责任规则库；K16交叉核验,是
RESP-PR_EXT_018,采购责任,全部材料,全部专业,暂估价,暂估价工程 → unknown,阻断自动材料采购量,unknown,883,采购责任优先于材料输出,确认合同/招标文件采购边界,不得覆盖合同边界,K08采购责任规则库；K16交叉核验,是
RESP-PR_EXT_019,采购责任,全部材料,全部专业,暂列金额,暂列金额 → unknown,费用项不拆材料,unknown,882,采购责任优先于材料输出,确认合同/招标文件采购边界,不得覆盖合同边界,K08采购责任规则库；K16交叉核验,是
RESP-PR_EXT_020,采购责任,全部材料,全部专业,总包服务费,总包服务费 → unknown,费用项不拆材料,unknown,881,采购责任优先于材料输出,确认合同/招标文件采购边界,不得覆盖合同边界,K08采购责任规则库；K16交叉核验,是
COMP-CON_READY_MIX_OUTPUT,企业习惯-采购粒度规则,商品混凝土,,"{""material_family_in"":[""商品混凝土""],""enabled_by_default"":true}",企业习惯：混凝土按商品混凝土输出,replace,"{""output_granularity"":""ready_mixed_concrete"",""remove_raw_materials"":[""水泥"",""砂"",""石"",""外加剂""]}",900,preset; 0.82,企业启用确认,不得覆盖甲供、暂估价、专业分包等硬阻断,K03企业习惯规则库；K09用户确认记忆,是
COMP-CON_RAW_MATERIAL_SPLIT,企业习惯-采购粒度规则,商品混凝土,,"{""material_family_in"":[""商品混凝土""],""enabled_by_default"":false}",企业习惯：混凝土按原材料拆分,split,"{""split_to"":[""水泥"",""砂"",""石"",""外加剂""]}",499,preset; 0.82,企业启用确认,不得覆盖甲供、暂估价、专业分包等硬阻断,K03企业习惯规则库；K09用户确认记忆,是
COMP-CON_SPLIT_BY_GRADE,企业习惯-材料归并规则,商品混凝土,,"{""material_family_in"":[""商品混凝土""],""enabled_by_default"":false}",企业习惯：按强度等级拆分商混,split,"{""split_keys"":[""strength_grade""]}",498,preset; 0.82,企业启用确认,不得覆盖甲供、暂估价、专业分包等硬阻断,K03企业习惯规则库；K09用户确认记忆,是
COMP-CON_IMPERMEABLE_SEPARATE,企业习惯-材料归并规则,商品混凝土,,"{""material_family_in"":[""商品混凝土""],""enabled_by_default"":false}",企业习惯：抗渗混凝土单独输出,split,"{""split_keys"":[""impermeability_grade""]}",497,preset; 0.82,企业启用确认,不得覆盖甲供、暂估价、专业分包等硬阻断,K03企业习惯规则库；K09用户确认记忆,是
COMP-CON_CUSHION_SEPARATE,企业习惯-材料归并规则,商品混凝土,,"{""material_family_in"":[""商品混凝土""],""enabled_by_default"":false}",企业习惯：垫层混凝土单独输出,split,"{""split_keys"":[""location:cushion""]}",496,preset; 0.82,企业启用确认,不得覆盖甲供、暂估价、专业分包等硬阻断,K03企业习惯规则库；K09用户确认记忆,是
COMP-CON_FINE_STONE_SEPARATE,企业习惯-材料归并规则,商品混凝土,,"{""material_family_in"":[""商品混凝土""],""enabled_by_default"":false}",企业习惯：细石混凝土单独输出,split,"{""split_keys"":[""fine_stone""]}",495,preset; 0.82,企业启用确认,不得覆盖甲供、暂估价、专业分包等硬阻断,K03企业习惯规则库；K09用户确认记忆,是
COMP-CON_SPLIT_BY_LOCATION,企业习惯-展示规则,商品混凝土,,"{""material_family_in"":[""商品混凝土""],""enabled_by_default"":false}",企业习惯：按部位拆分混凝土,split,"{""split_keys"":[""building_part""]}",494,preset; 0.82,企业启用确认,不得覆盖甲供、暂估价、专业分包等硬阻断,K03企业习惯规则库；K09用户确认记忆,是
COMP-CON_NO_LOSS,企业习惯-损耗率规则,商品混凝土,,"{""material_family_in"":[""商品混凝土""],""enabled_by_default"":false}",企业习惯：混凝土不加损耗,calculate,"{""loss_rate"":0}",493,preset; 0.82,企业启用确认,不得覆盖甲供、暂估价、专业分包等硬阻断,K03企业习惯规则库；K09用户确认记忆,是
COMP-CON_COMPANY_LOSS,企业习惯-损耗率规则,商品混凝土,,"{""material_family_in"":[""商品混凝土""],""enabled_by_default"":false}",企业习惯：混凝土使用企业损耗率,calculate,"{""loss_rate"":0.01,""override_default"":true}",492,preset; 0.82,企业启用确认,不得覆盖甲供、暂估价、专业分包等硬阻断,K03企业习惯规则库；K09用户确认记忆,是
COMP-MOR_READY_MIX_OUTPUT,企业习惯-采购粒度规则,预拌砂浆、抹灰砂浆,,"{""material_family_in"":[""预拌砂浆"",""抹灰砂浆""],""enabled_by_default"":false}",企业习惯：砂浆按预拌砂浆输出,replace,"{""output_granularity"":""premixed_mortar""}",491,preset; 0.82,企业启用确认,不得覆盖甲供、暂估价、专业分包等硬阻断,K03企业习惯规则库；K09用户确认记忆,是
COMP-MOR_DRY_MIX_OUTPUT,企业习惯-采购粒度规则,干混砂浆、预拌砂浆,,"{""material_family_in"":[""干混砂浆"",""预拌砂浆""],""enabled_by_default"":false}",企业习惯：砂浆按干混砂浆输出,replace,"{""output_granularity"":""dry_mixed_mortar""}",490,preset; 0.82,企业启用确认,不得覆盖甲供、暂估价、专业分包等硬阻断,K03企业习惯规则库；K09用户确认记忆,是
COMP-MOR_RAW_SPLIT,企业习惯-采购粒度规则,预拌砂浆,,"{""material_family_in"":[""预拌砂浆""],""enabled_by_default"":false}",企业习惯：砂浆按原材拆分,split,"{""split_to"":[""水泥"",""砂"",""外加剂""]}",489,preset; 0.82,企业启用确认,不得覆盖甲供、暂估价、专业分包等硬阻断,K03企业习惯规则库；K09用户确认记忆,是
COMP-BLO_SPLIT_BY_MATERIAL,企业习惯-材料归并规则,砌块,,"{""material_family_in"":[""砌块""],""enabled_by_default"":false}",企业习惯：砌体按材质拆分,split,"{""split_keys"":[""masonry_material""]}",488,preset; 0.82,企业启用确认,不得覆盖甲供、暂估价、专业分包等硬阻断,K03企业习惯规则库；K09用户确认记忆,是
COMP-BLO_SPLIT_BY_THICKNESS,企业习惯-材料归并规则,砌块,,"{""material_family_in"":[""砌块""],""enabled_by_default"":false}",企业习惯：砌体按厚度拆分,split,"{""split_keys"":[""masonry_thickness""]}",487,preset; 0.82,企业启用确认,不得覆盖甲供、暂估价、专业分包等硬阻断,K03企业习惯规则库；K09用户确认记忆,是
COMP-MOR_AUX_REMOVE,企业习惯-输出范围规则,预拌砂浆、粘结砂浆,,"{""material_family_in"":[""预拌砂浆"",""粘结砂浆""],""enabled_by_default"":false}",企业习惯：砌筑辅材不输出,remove,"{""material_role"":""auxiliary""}",486,preset; 0.82,企业启用确认,不得覆盖甲供、暂估价、专业分包等硬阻断,K03企业习惯规则库；K09用户确认记忆,是
COMP-MOR_AUX_OUTPUT,企业习惯-输出范围规则,预拌砂浆、粘结砂浆,,"{""material_family_in"":[""预拌砂浆"",""粘结砂浆""],""enabled_by_default"":false}",企业习惯：砌筑辅材输出,output,"{""include_auxiliary"":true}",485,preset; 0.82,企业启用确认,不得覆盖甲供、暂估价、专业分包等硬阻断,K03企业习惯规则库；K09用户确认记忆,是
COMP-BLO_CONSTRUCT_COLUMN_SEPARATE,企业习惯-展示规则,商品混凝土、钢筋,,"{""material_family_in"":[""商品混凝土"",""钢筋""],""enabled_by_default"":false}",企业习惯：构造柱材料单列,split,"{""split_keys"":[""构造柱""]}",484,preset; 0.82,企业启用确认,不得覆盖甲供、暂估价、专业分包等硬阻断,K03企业习惯规则库；K09用户确认记忆,是
COMP-REB_SPLIT_BY_SPEC,企业习惯-采购粒度规则,钢筋,,"{""material_family_in"":[""钢筋""],""enabled_by_default"":false}",企业习惯：钢筋按规格型号输出,split,"{""split_keys"":[""grade"",""diameter""]}",483,preset; 0.82,企业启用确认,不得覆盖甲供、暂估价、专业分包等硬阻断,K03企业习惯规则库；K09用户确认记忆,是
COMP-REB_TOTAL_ONLY,企业习惯-采购粒度规则,钢筋,,"{""material_family_in"":[""钢筋""],""enabled_by_default"":false}",企业习惯：钢筋只输出总量,merge,"{""merge_keys"":[""material_family""]}",482,preset; 0.82,企业启用确认,不得覆盖甲供、暂估价、专业分包等硬阻断,K03企业习惯规则库；K09用户确认记忆,是
COMP-REB_SPLIT_BY_BUILDING,企业习惯-展示规则,钢筋,,"{""material_family_in"":[""钢筋""],""enabled_by_default"":false}",企业习惯：钢筋按楼栋拆分,split,"{""split_keys"":[""building""]}",481,preset; 0.82,企业启用确认,不得覆盖甲供、暂估价、专业分包等硬阻断,K03企业习惯规则库；K09用户确认记忆,是
COMP-REB_SPLIT_BY_PHASE,企业习惯-展示规则,钢筋,,"{""material_family_in"":[""钢筋""],""enabled_by_default"":false}",企业习惯：钢筋按施工阶段拆分,split,"{""split_keys"":[""phase""]}",480,preset; 0.82,企业启用确认,不得覆盖甲供、暂估价、专业分包等硬阻断,K03企业习惯规则库；K09用户确认记忆,是
COMP-REB_MESH_SEPARATE,企业习惯-材料归并规则,钢筋,,"{""material_family_in"":[""钢筋""],""enabled_by_default"":false}",企业习惯：钢筋网片单独输出,split,"{""split_keys"":[""steel_mesh""]}",479,preset; 0.82,企业启用确认,不得覆盖甲供、暂估价、专业分包等硬阻断,K03企业习惯规则库；K09用户确认记忆,是
COMP-REB_TIE_SEPARATE,企业习惯-材料归并规则,钢筋,,"{""material_family_in"":[""钢筋""],""enabled_by_default"":false}",企业习惯：拉结筋单独输出,split,"{""split_keys"":[""tie_bar""]}",478,preset; 0.82,企业启用确认,不得覆盖甲供、暂估价、专业分包等硬阻断,K03企业习惯规则库；K09用户确认记忆,是
COMP-REB_THEORETICAL_WEIGHT,企业习惯-计量单位规则,钢筋,,"{""material_family_in"":[""钢筋""],""enabled_by_default"":false}",企业习惯：钢筋按理论重量,calculate,"{""weight_basis"":""theoretical""}",477,preset; 0.82,企业启用确认,不得覆盖甲供、暂估价、专业分包等硬阻断,K03企业习惯规则库；K09用户确认记忆,是
COMP-REB_ACTUAL_WEIGHT,企业习惯-计量单位规则,钢筋,,"{""material_family_in"":[""钢筋""],""enabled_by_default"":false}",企业习惯：钢筋按过磅重量,calculate,"{""weight_basis"":""weighbridge""}",476,preset; 0.82,企业启用确认,不得覆盖甲供、暂估价、专业分包等硬阻断,K03企业习惯规则库；K09用户确认记忆,是
COMP-REB_COMPANY_LOSS,企业习惯-损耗率规则,钢筋,,"{""material_family_in"":[""钢筋""],""enabled_by_default"":false}",企业习惯：钢筋使用企业损耗率,calculate,"{""loss_rate"":0.025,""override_default"":true}",475,preset; 0.82,企业启用确认,不得覆盖甲供、暂估价、专业分包等硬阻断,K03企业习惯规则库；K09用户确认记忆,是
COMP-WAT_MAIN_ONLY,企业习惯-输出范围规则,防水卷材、防水涂料,,"{""material_family_in"":[""防水卷材"",""防水涂料""],""enabled_by_default"":false}",企业习惯：防水只输出主材,remove,"{""remove_roles"":[""auxiliary"",""accessory""]}",474,preset; 0.82,企业启用确认,不得覆盖甲供、暂估价、专业分包等硬阻断,K03企业习惯规则库；K09用户确认记忆,是
COMP-WAT_SYSTEM_OUTPUT,企业习惯-采购粒度规则,防水卷材、防水涂料,,"{""material_family_in"":[""防水卷材"",""防水涂料""],""enabled_by_default"":true}",企业习惯：防水按系统输出,output,"{""output_system"":true,""include_materials"":[""主材"",""基层处理剂"",""附加层""]}",880,preset; 0.82,企业启用确认,不得覆盖甲供、暂估价、专业分包等硬阻断,K03企业习惯规则库；K09用户确认记忆,是
COMP-WAT_SPLIT_BY_LOCATION,企业习惯-材料归并规则,防水卷材、防水涂料,,"{""material_family_in"":[""防水卷材"",""防水涂料""],""enabled_by_default"":false}",企业习惯：防水按部位拆分,split,"{""split_keys"":[""waterproof_location""]}",472,preset; 0.82,企业启用确认,不得覆盖甲供、暂估价、专业分包等硬阻断,K03企业习惯规则库；K09用户确认记忆,是
COMP-WAT_SPLIT_BY_THICKNESS,企业习惯-材料归并规则,防水卷材、防水涂料,,"{""material_family_in"":[""防水卷材"",""防水涂料""],""enabled_by_default"":false}",企业习惯：防水按厚度拆分,split,"{""split_keys"":[""waterproof_thickness""]}",471,preset; 0.82,企业启用确认,不得覆盖甲供、暂估价、专业分包等硬阻断,K03企业习惯规则库；K09用户确认记忆,是
COMP-WAT_EXTRA_LAYER_NO_ESTIMATE,企业习惯-输出范围规则,防水卷材,,"{""material_family_in"":[""防水卷材""],""enabled_by_default"":false}",企业习惯：附加层不估算,remove,"{""material_name_contains"":[""附加层""]}",470,preset; 0.82,企业启用确认,不得覆盖甲供、暂估价、专业分包等硬阻断,K03企业习惯规则库；K09用户确认记忆,是
COMP-WAT_EXTRA_LAYER_ESTIMATE,企业习惯-输出范围规则,防水卷材,,"{""material_family_in"":[""防水卷材""],""enabled_by_default"":false}",企业习惯：附加层估算,output,"{""estimate_extra_layer"":true,""coefficient"":0.1}",469,preset; 0.82,企业启用确认,不得覆盖甲供、暂估价、专业分包等硬阻断,K03企业习惯规则库；K09用户确认记忆,是
COMP-WAT_SUBCONTRACT,企业习惯-采购责任规则,防水卷材、防水涂料,,"{""material_family_in"":[""防水卷材"",""防水涂料""],""enabled_by_default"":false}",企业习惯：防水专业分包,mark,"{""procurement_responsibility"":""subcontractor_supplied""}",468,preset; 0.82,企业启用确认,不得覆盖甲供、暂估价、专业分包等硬阻断,K03企业习惯规则库；K09用户确认记忆,是
COMP-WAT_OWNER_SPECIFIED,企业习惯-采购责任规则,防水卷材、防水涂料,,"{""material_family_in"":[""防水卷材"",""防水涂料""],""enabled_by_default"":false}",企业习惯：防水甲指乙供,mark,"{""procurement_responsibility"":""owner_specified_contractor_supplied""}",467,preset; 0.82,企业启用确认,不得覆盖甲供、暂估价、专业分包等硬阻断,K03企业习惯规则库；K09用户确认记忆,是
COMP-WAT_ROLL_CONVERSION,企业习惯-计量单位规则,防水卷材,,"{""material_family_in"":[""防水卷材""],""enabled_by_default"":false}",企业习惯：防水按卷换算,calculate,"{""purchase_unit"":""卷"",""roll_area_m2"":10}",466,preset; 0.82,企业启用确认,不得覆盖甲供、暂估价、专业分包等硬阻断,K03企业习惯规则库；K09用户确认记忆,是
COMP-INS_MAIN_ONLY,企业习惯-输出范围规则,保温板,,"{""material_family_in"":[""保温板""],""enabled_by_default"":false}",企业习惯：保温只输出主材,remove,"{""remove_roles"":[""auxiliary"",""accessory""]}",465,preset; 0.82,企业启用确认,不得覆盖甲供、暂估价、专业分包等硬阻断,K03企业习惯规则库；K09用户确认记忆,是
COMP-INS_SYSTEM_OUTPUT,企业习惯-采购粒度规则,保温板,,"{""material_family_in"":[""保温板""],""enabled_by_default"":false}",企业习惯：保温按系统输出,output,"{""output_system"":true,""include_materials"":[""保温板"",""粘结砂浆"",""抗裂砂浆"",""网格布"",""锚栓""]}",464,preset; 0.82,企业启用确认,不得覆盖甲供、暂估价、专业分包等硬阻断,K03企业习惯规则库；K09用户确认记忆,是
COMP-INS_SPLIT_BY_LOCATION,企业习惯-材料归并规则,保温板,,"{""material_family_in"":[""保温板""],""enabled_by_default"":false}",企业习惯：保温按部位拆分,split,"{""split_keys"":[""insulation_location""]}",463,preset; 0.82,企业启用确认,不得覆盖甲供、暂估价、专业分包等硬阻断,K03企业习惯规则库；K09用户确认记忆,是
COMP-INS_SPLIT_BY_THICKNESS,企业习惯-材料归并规则,保温板,,"{""material_family_in"":[""保温板""],""enabled_by_default"":false}",企业习惯：保温按厚度拆分,split,"{""split_keys"":[""insulation_thickness""]}",462,preset; 0.82,企业启用确认,不得覆盖甲供、暂估价、专业分包等硬阻断,K03企业习惯规则库；K09用户确认记忆,是
COMP-INS_FIRE_BARRIER_SEPARATE,企业习惯-材料归并规则,保温板,,"{""material_family_in"":[""保温板""],""enabled_by_default"":false}",企业习惯：防火隔离带单列,split,"{""split_keys"":[""fire_barrier""]}",461,preset; 0.82,企业启用确认,不得覆盖甲供、暂估价、专业分包等硬阻断,K03企业习惯规则库；K09用户确认记忆,是
COMP-INS_ANCHOR_REMOVE,企业习惯-输出范围规则,锚栓,,"{""material_family_in"":[""锚栓""],""enabled_by_default"":false}",企业习惯：锚栓不输出,remove,"{""material_family"":""锚栓""}",460,preset; 0.82,企业启用确认,不得覆盖甲供、暂估价、专业分包等硬阻断,K03企业习惯规则库；K09用户确认记忆,是
COMP-INS_ANCHOR_ESTIMATE,企业习惯-输出范围规则,锚栓,,"{""material_family_in"":[""锚栓""],""enabled_by_default"":false}",企业习惯：锚栓按面积估算,calculate,"{""coefficient"":6,""unit"":""套/m²""}",459,preset; 0.82,企业启用确认,不得覆盖甲供、暂估价、专业分包等硬阻断,K03企业习惯规则库；K09用户确认记忆,是
COMP-INS_SUBCONTRACT,企业习惯-采购责任规则,保温板、粘结砂浆、抗裂砂浆、网格布、锚栓,,"{""material_family_in"":[""保温板"",""粘结砂浆"",""抗裂砂浆"",""网格布"",""锚栓""],""enabled_by_default"":false}",企业习惯：保温专业分包,mark,"{""procurement_responsibility"":""subcontractor_supplied""}",458,preset; 0.82,企业启用确认,不得覆盖甲供、暂估价、专业分包等硬阻断,K03企业习惯规则库；K09用户确认记忆,是
COMP-DOW_FINISHED_OUTPUT,企业习惯-采购粒度规则,门窗,,"{""material_family_in"":[""门窗""],""enabled_by_default"":true}",企业习惯：门窗按成品输出,replace,"{""output_granularity"":""finished_product"",""remove_components"":[""型材"",""玻璃"",""五金"",""密封胶""]}",890,preset; 0.82,企业启用确认,不得覆盖甲供、暂估价、专业分包等硬阻断,K03企业习惯规则库；K09用户确认记忆,是
COMP-DOW_COMPONENT_SPLIT,企业习惯-采购粒度规则,门窗,,"{""material_family_in"":[""门窗""],""enabled_by_default"":false}",企业习惯：门窗按构件拆分,split,"{""split_to"":[""型材"",""玻璃"",""五金"",""密封胶"",""发泡剂""]}",456,preset; 0.82,企业启用确认,不得覆盖甲供、暂估价、专业分包等硬阻断,K03企业习惯规则库；K09用户确认记忆,是
COMP-DOW_FIRE_DOOR_SEPARATE,企业习惯-材料归并规则,门窗,,"{""material_family_in"":[""门窗""],""enabled_by_default"":false}",企业习惯：防火门单独输出,split,"{""split_keys"":[""fire_door""]}",455,preset; 0.82,企业启用确认,不得覆盖甲供、暂估价、专业分包等硬阻断,K03企业习惯规则库；K09用户确认记忆,是
COMP-DOW_ENTRY_DOOR_SEPARATE,企业习惯-材料归并规则,门窗,,"{""material_family_in"":[""门窗""],""enabled_by_default"":false}",企业习惯：入户门单独输出,split,"{""split_keys"":[""entry_door""]}",454,preset; 0.82,企业启用确认,不得覆盖甲供、暂估价、专业分包等硬阻断,K03企业习惯规则库；K09用户确认记忆,是
COMP-DOW_AUX_OUTPUT,企业习惯-输出范围规则,密封胶、发泡剂,,"{""material_family_in"":[""密封胶"",""发泡剂""],""enabled_by_default"":false}",企业习惯：门窗辅材输出,output,"{""include_auxiliary"":true}",453,preset; 0.82,企业启用确认,不得覆盖甲供、暂估价、专业分包等硬阻断,K03企业习惯规则库；K09用户确认记忆,是
COMP-DOW_AUX_REMOVE,企业习惯-输出范围规则,密封胶、发泡剂,,"{""material_family_in"":[""密封胶"",""发泡剂""],""enabled_by_default"":false}",企业习惯：门窗辅材不输出,remove,"{""remove_roles"":[""auxiliary""]}",452,preset; 0.82,企业启用确认,不得覆盖甲供、暂估价、专业分包等硬阻断,K03企业习惯规则库；K09用户确认记忆,是
COMP-DOW_OWNER_SUPPLIED,企业习惯-采购责任规则,门窗,,"{""material_family_in"":[""门窗""],""enabled_by_default"":false}",企业习惯：门窗甲供,mark,"{""procurement_responsibility"":""owner_supplied""}",451,preset; 0.82,企业启用确认,不得覆盖甲供、暂估价、专业分包等硬阻断,K03企业习惯规则库；K09用户确认记忆,是
COMP-DOW_OWNER_SPECIFIED,企业习惯-采购责任规则,门窗,,"{""material_family_in"":[""门窗""],""enabled_by_default"":false}",企业习惯：门窗甲指乙供,mark,"{""procurement_responsibility"":""owner_specified_contractor_supplied""}",450,preset; 0.82,企业启用确认,不得覆盖甲供、暂估价、专业分包等硬阻断,K03企业习惯规则库；K09用户确认记忆,是
COMP-DEC_PAINT_FINISH_ONLY,企业习惯-输出范围规则,涂料,,"{""material_family_in"":[""涂料""],""enabled_by_default"":false}",企业习惯：涂料只输出面漆,remove,"{""remove_materials"":[""底漆"",""腻子""]}",449,preset; 0.82,企业启用确认,不得覆盖甲供、暂估价、专业分包等硬阻断,K03企业习惯规则库；K09用户确认记忆,是
COMP-DEC_PAINT_SYSTEM,企业习惯-采购粒度规则,涂料、底漆、面漆、腻子,,"{""material_family_in"":[""涂料"",""底漆"",""面漆"",""腻子""],""enabled_by_default"":false}",企业习惯：涂料按系统输出,output,"{""output_system"":true,""include_materials"":[""腻子"",""底漆"",""面漆""]}",448,preset; 0.82,企业启用确认,不得覆盖甲供、暂估价、专业分包等硬阻断,K03企业习惯规则库；K09用户确认记忆,是
COMP-DEC_TILE_MAIN_ONLY,企业习惯-输出范围规则,地砖,,"{""material_family_in"":[""地砖""],""enabled_by_default"":false}",企业习惯：地砖只输出主材,remove,"{""remove_materials"":[""瓷砖胶"",""填缝剂""]}",447,preset; 0.82,企业启用确认,不得覆盖甲供、暂估价、专业分包等硬阻断,K03企业习惯规则库；K09用户确认记忆,是
COMP-DEC_TILE_SYSTEM,企业习惯-采购粒度规则,地砖、瓷砖胶、填缝剂,,"{""material_family_in"":[""地砖"",""瓷砖胶"",""填缝剂""],""enabled_by_default"":false}",企业习惯：地砖按系统输出,output,"{""output_system"":true,""include_materials"":[""地砖"",""瓷砖胶"",""填缝剂""]}",446,preset; 0.82,企业启用确认,不得覆盖甲供、暂估价、专业分包等硬阻断,K03企业习惯规则库；K09用户确认记忆,是
COMP-DEC_STONE_SLAB,企业习惯-采购粒度规则,石材,,"{""material_family_in"":[""石材""],""enabled_by_default"":false}",企业习惯：石材按成品板输出,replace,"{""output_granularity"":""finished_slab""}",445,preset; 0.82,企业启用确认,不得覆盖甲供、暂估价、专业分包等硬阻断,K03企业习惯规则库；K09用户确认记忆,是
COMP-DEC_STONE_DRY_HANG_SYSTEM,企业习惯-采购粒度规则,石材、龙骨,,"{""material_family_in"":[""石材"",""龙骨""],""enabled_by_default"":false}",企业习惯：石材按干挂系统输出,output,"{""output_system"":true,""include_materials"":[""石材"",""龙骨"",""挂件"",""胶""]}",444,preset; 0.82,企业启用确认,不得覆盖甲供、暂估价、专业分包等硬阻断,K03企业习惯规则库；K09用户确认记忆,是
COMP-DEC_CEILING_SYSTEM,企业习惯-采购粒度规则,龙骨、石膏板,,"{""material_family_in"":[""龙骨"",""石膏板""],""enabled_by_default"":false}",企业习惯：吊顶按系统输出,output,"{""output_system"":true,""include_materials"":[""龙骨"",""石膏板"",""吊杆""]}",443,preset; 0.82,企业启用确认,不得覆盖甲供、暂估价、专业分包等硬阻断,K03企业习惯规则库；K09用户确认记忆,是
COMP-DEC_COMPLEX_NO_AUTO,企业习惯-输出范围规则,精装修复杂主材,,"{""material_family_in"":[""精装修复杂主材""],""enabled_by_default"":false}",企业习惯：精装修材料不自动推断,mark,"{""required_confirmation"":true}",442,preset; 0.82,企业启用确认,不得覆盖甲供、暂估价、专业分包等硬阻断,K03企业习惯规则库；K09用户确认记忆,是
COMP-MEA_TEMPLATE_REMOVE,企业习惯-输出范围规则,模板,,"{""material_family_in"":[""模板""],""enabled_by_default"":false}",企业习惯：模板不输出,remove,"{""material_family"":""模板""}",441,preset; 0.82,企业启用确认,不得覆盖甲供、暂估价、专业分包等硬阻断,K03企业习惯规则库；K09用户确认记忆,是
COMP-MEA_TEMPLATE_REUSABLE_OUTPUT,企业习惯-采购粒度规则,模板,,"{""material_family_in"":[""模板""],""enabled_by_default"":false}",企业习惯：模板按周转材料输出,output,"{""output_as"":""turnover_material""}",440,preset; 0.82,企业启用确认,不得覆盖甲供、暂估价、专业分包等硬阻断,K03企业习惯规则库；K09用户确认记忆,是
COMP-MEA_SCAFFOLD_REMOVE,企业习惯-输出范围规则,脚手架材料,,"{""material_family_in"":[""脚手架材料""],""enabled_by_default"":false}",企业习惯：脚手架不输出,remove,"{""material_family"":""脚手架材料""}",439,preset; 0.82,企业启用确认,不得覆盖甲供、暂估价、专业分包等硬阻断,K03企业习惯规则库；K09用户确认记忆,是
COMP-MEA_SCAFFOLD_RENTAL,企业习惯-采购粒度规则,脚手架材料,,"{""material_family_in"":[""脚手架材料""],""enabled_by_default"":false}",企业习惯：脚手架按租赁材料输出,output,"{""output_as"":""rental_material""}",438,preset; 0.82,企业启用确认,不得覆盖甲供、暂估价、专业分包等硬阻断,K03企业习惯规则库；K09用户确认记忆,是
COMP-MEA_SAFETY_SEPARATE,企业习惯-展示规则,安全网,,"{""material_family_in"":[""安全网""],""enabled_by_default"":false}",企业习惯：安全文明材料单列,split,"{""split_keys"":[""safety_civilized""]}",437,preset; 0.82,企业启用确认,不得覆盖甲供、暂估价、专业分包等硬阻断,K03企业习惯规则库；K09用户确认记忆,是
COMP-MEA_TEMP_FACILITY_REMOVE,企业习惯-输出范围规则,临设材料,,"{""material_family_in"":[""临设材料""],""enabled_by_default"":false}",企业习惯：临设材料不输出,remove,"{""material_family"":""临设材料""}",436,preset; 0.82,企业启用确认,不得覆盖甲供、暂估价、专业分包等硬阻断,K03企业习惯规则库；K09用户确认记忆,是
COMP-MEA_TEMP_FACILITY_SEPARATE,企业习惯-展示规则,临设材料,,"{""material_family_in"":[""临设材料""],""enabled_by_default"":false}",企业习惯：临设材料单列,split,"{""split_keys"":[""temporary_facility""]}",435,preset; 0.82,企业启用确认,不得覆盖甲供、暂估价、专业分包等硬阻断,K03企业习惯规则库；K09用户确认记忆,是
COMP-PUR_GROUP_CENTRALIZED,企业习惯-集采规则,商品混凝土、钢筋、门窗,,"{""material_family_in"":[""商品混凝土"",""钢筋"",""门窗""],""enabled_by_default"":false}",企业习惯：集团集采材料标记,mark,"{""purchase_channel"":""group_centralized""}",434,preset; 0.82,企业启用确认,不得覆盖甲供、暂估价、专业分包等硬阻断,K03企业习惯规则库；K09用户确认记忆,是
COMP-PUR_REGIONAL_CENTRALIZED,企业习惯-集采规则,防水卷材、保温板、涂料,,"{""material_family_in"":[""防水卷材"",""保温板"",""涂料""],""enabled_by_default"":false}",企业习惯：区域集采材料标记,mark,"{""purchase_channel"":""regional_centralized""}",433,preset; 0.82,企业启用确认,不得覆盖甲供、暂估价、专业分包等硬阻断,K03企业习惯规则库；K09用户确认记忆,是
COMP-PUR_PROJECT_SELF,企业习惯-集采规则,零星材料,,"{""material_family_in"":[""零星材料""],""enabled_by_default"":false}",企业习惯：项目自采材料标记,mark,"{""purchase_channel"":""project_self_purchase""}",432,preset; 0.82,企业启用确认,不得覆盖甲供、暂估价、专业分包等硬阻断,K03企业习惯规则库；K09用户确认记忆,是
COMP-BRAND_OWNER_SPECIFIED,企业习惯-品牌规则,门窗、防水卷材、涂料,,"{""material_family_in"":[""门窗"",""防水卷材"",""涂料""],""enabled_by_default"":false}",企业习惯：品牌按甲指信息展示,mark,"{""brand_source"":""owner_specified""}",431,preset; 0.82,企业启用确认,不得覆盖甲供、暂估价、专业分包等硬阻断,K03企业习惯规则库；K09用户确认记忆,是
COMP-BRAND_DO_NOT_INFER,企业习惯-品牌规则,门窗、涂料、防水卷材,,"{""material_family_in"":[""门窗"",""涂料"",""防水卷材""],""enabled_by_default"":false}",企业习惯：品牌缺失不默认推断,mark,"{""required_confirmation"":""brand""}",430,preset; 0.82,企业启用确认,不得覆盖甲供、暂估价、专业分包等硬阻断,K03企业习惯规则库；K09用户确认记忆,是
COMP-UNIT_M2_TO_M3_BY_THICKNESS,企业习惯-计量单位规则,保温板、抹灰砂浆,,"{""material_family_in"":[""保温板"",""抹灰砂浆""],""enabled_by_default"":false}",企业习惯：面积类材料按厚度换算体积,calculate,"{""require_parameter"":""thickness""}",429,preset; 0.82,企业启用确认,不得覆盖甲供、暂估价、专业分包等硬阻断,K03企业习惯规则库；K09用户确认记忆,是
COMP-UNIT_KEEP_PURCHASE_UNIT,企业习惯-计量单位规则,商品混凝土、钢筋、门窗,,"{""material_family_in"":[""商品混凝土"",""钢筋"",""门窗""],""enabled_by_default"":false}",企业习惯：保持材料标准采购单位,mark,"{""use_material_purchase_unit"":true}",428,preset; 0.82,企业启用确认,不得覆盖甲供、暂估价、专业分包等硬阻断,K03企业习惯规则库；K09用户确认记忆,是
COMP-ROUND_INTEGER_PACKAGE,企业习惯-取整规则,防水卷材、涂料、腻子、密封胶,,"{""material_family_in"":[""防水卷材"",""涂料"",""腻子"",""密封胶""],""enabled_by_default"":false}",企业习惯：包装件按整数取整,calculate,"{""rounding"":""ceil_package""}",427,preset; 0.82,企业启用确认,不得覆盖甲供、暂估价、专业分包等硬阻断,K03企业习惯规则库；K09用户确认记忆,是
COMP-ROUND_THREE_DECIMAL_TON,企业习惯-取整规则,钢筋、砂浆,,"{""material_family_in"":[""钢筋"",""砂浆""],""enabled_by_default"":false}",企业习惯：吨位保留三位小数,calculate,"{""decimals"":3}",426,preset; 0.82,企业启用确认,不得覆盖甲供、暂估价、专业分包等硬阻断,K03企业习惯规则库；K09用户确认记忆,是
COMP-DISPLAY_SHOW_RULE_HITS,企业习惯-展示规则,*,,"{""material_family_in"":[""*""],""enabled_by_default"":false}",企业习惯：展示命中规则,mark,"{""show_rule_hits"":true}",425,preset; 0.82,企业启用确认,不得覆盖甲供、暂估价、专业分包等硬阻断,K03企业习惯规则库；K09用户确认记忆,是
COMP-DISPLAY_SHOW_REQUIRED_CONFIRMATIONS,企业习惯-展示规则,*,,"{""material_family_in"":[""*""],""enabled_by_default"":false}",企业习惯：展示待确认项,mark,"{""show_required_confirmations"":true}",424,preset; 0.82,企业启用确认,不得覆盖甲供、暂估价、专业分包等硬阻断,K03企业习惯规则库；K09用户确认记忆,是
COMP-DISPLAY_SPLIT_REVIEW_STATUS,企业习惯-展示规则,*,,"{""material_family_in"":[""*""],""enabled_by_default"":false}",企业习惯：按复核状态分组展示,mark,"{""group_by"":""review_status""}",423,preset; 0.82,企业启用确认,不得覆盖甲供、暂估价、专业分包等硬阻断,K03企业习惯规则库；K09用户确认记忆,是
COMP-DISPLAY_SPLIT_BY_WORK_SECTION,企业习惯-展示规则,*,,"{""material_family_in"":[""*""],""enabled_by_default"":false}",企业习惯：按专业工程分组展示,mark,"{""group_by"":""work_section""}",422,preset; 0.82,企业启用确认,不得覆盖甲供、暂估价、专业分包等硬阻断,K03企业习惯规则库；K09用户确认记忆,是
COMP-DISPLAY_SPLIT_BY_PROCUREMENT_RESP,企业习惯-展示规则,*,,"{""material_family_in"":[""*""],""enabled_by_default"":false}",企业习惯：按采购责任分组展示,mark,"{""group_by"":""procurement_responsibility""}",421,preset; 0.82,企业启用确认,不得覆盖甲供、暂估价、专业分包等硬阻断,K03企业习惯规则库；K09用户确认记忆,是
COMP-PUR_OWNER_SUPPLIED_EXCLUDE,企业习惯-采购责任规则,*,,"{""material_family_in"":[""*""],""enabled_by_default"":false}",企业习惯：甲供材料不进入乙方采购量,mark,"{""exclude_from_contractor_purchase_when"":""owner_supplied""}",420,preset; 0.82,企业启用确认,不得覆盖甲供、暂估价、专业分包等硬阻断,K03企业习惯规则库；K09用户确认记忆,是
COMP-PUR_SUBCONTRACT_MARK_ONLY,企业习惯-采购责任规则,*,,"{""material_family_in"":[""*""],""enabled_by_default"":false}",企业习惯：专业分包材料只标记范围,mark,"{""mark_only_when"":""subcontractor_supplied""}",419,preset; 0.82,企业启用确认,不得覆盖甲供、暂估价、专业分包等硬阻断,K03企业习惯规则库；K09用户确认记忆,是
MEM-VERIFY-001,用户确认记忆沉淀,输出范围规则,全部,同企业多次删除网格布/锚栓/基层处理剂/密封胶等辅材,推荐企业习惯：不输出该类辅材或只输出主材,生成企业规则候选,输出范围规则,候选,产品逻辑，需企业历史行为核验,建议同企业同类修改达到3次后进入候选；阈值可配置,候选规则未经确认不得自动生效,用户确认记忆表+企业习惯规则库,候选
MEM-VERIFY-002,用户确认记忆沉淀,采购粒度规则,全部,用户把水泥、砂、石、外加剂合并为商品混凝土,推荐企业习惯：混凝土按商品混凝土输出,生成企业规则候选,采购粒度规则,候选,产品逻辑；材料标准由T3/N1核验,不得把商混继续强拆为原材,候选规则未经确认不得自动生效,用户确认记忆表+企业习惯规则库+T3商品混凝土,候选
MEM-VERIFY-003,用户确认记忆沉淀,材料归并规则,全部,用户把型材、玻璃、五金合并为成品门窗,推荐企业习惯：门窗按成品输出,生成企业规则候选,材料归并规则,候选,产品逻辑；材料标准由T3/N1核验,防火门、防盗门应保持单列,候选规则未经确认不得自动生效,用户确认记忆表+企业习惯规则库+T3成品门窗,候选
MEM-VERIFY-004,用户确认记忆沉淀,损耗率规则,全部,用户多次把系统默认损耗率改为同一企业值,推荐企业损耗率覆盖规则,生成企业规则候选,损耗率规则,候选,需历史项目交叉验证,企业覆盖值必须保留默认范围和修改原因,候选规则未经确认不得自动生效,用户确认记忆表+K06损耗率范围库+品类树损耗明细,候选
MEM-VERIFY-005,用户确认记忆沉淀,采购责任规则,全部,用户多次把某材料族标记为甲供、乙供或甲指乙供,推荐采购责任规则,生成企业规则候选,采购责任规则,候选,需合同/招标边界确认,采购责任优先于材料输出,候选规则未经确认不得自动生效,用户确认记忆表+K08采购责任规则库,候选
MEM-VERIFY-006,用户确认记忆沉淀,展示规则,全部,用户多次将材料清单从项目汇总改为楼栋维度,推荐展示/归并规则：按楼栋拆分,生成企业规则候选,展示规则,候选,产品逻辑,只影响展示与采购包，不改变材料客观需求,候选规则未经确认不得自动生效,用户确认记忆表+企业习惯规则库,候选
MEM-VERIFY-007,用户确认记忆沉淀,展示规则,全部,用户多次把钢筋/商混按基础、主体、二次结构等阶段拆分,推荐展示/归并规则：按施工阶段拆分,生成企业规则候选,展示规则,候选,产品逻辑,阶段拆分需清单或项目计划能支持,候选规则未经确认不得自动生效,用户确认记忆表+企业习惯规则库,候选
MEM-VERIFY-008,用户确认记忆沉淀,采购责任规则,全部,用户反复把消防/幕墙/精装等结果删掉并标记分包,推荐规则：该专业只识别范围，不默认深拆,生成企业规则候选,采购责任规则,候选,需合同/招标边界确认,避免专业分包材料误入总包采购,候选规则未经确认不得自动生效,用户确认记忆表+K05异常+K08采购责任,候选
RESP-PR_EXT_021,采购责任,钢结构型钢及钢板,钢结构工程、主体结构,钢结构专业分包、钢构专业分包、钢构件制作安装分包,钢结构专业分包 → subcontractor_supplied,mark_only_no_deep_infer,只识别钢结构材料范围，不默认进入总包采购量,879,采购责任优先于材料输出,分包是否包工包料、钢材是否甲供或总包代采,不得把分包钢材默认计入乙方采购,RESP-SUBCONTRACT_KEYWORD；MAT-020/MAT-021；D32/D33,是
RESP-PR_EXT_022,采购责任,金属屋面墙面板、压型钢板,屋面工程、钢结构工程,金属屋面专业分包、围护系统分包、彩钢板分包、屋墙面板分包,金属围护系统专业分包 → subcontractor_supplied,mark_only_no_deep_infer,只识别围护系统范围，不默认深拆板材、檩条、紧固件,878,采购责任优先于材料输出,围护系统是否包工包料、板材是否甲供/集采,不得把专业分包板材默认计入总包采购,MAT-026；D39；K08采购责任,是
RESP-PR_EXT_023,采购责任,栏杆扶手及玻璃栏板,墙柱面工程、金属制品、楼梯工程、措施项目,栏杆专业分包、扶手专业分包、玻璃栏板专业分包、楼梯栏杆分包、精装修分包、临边防护、施工防护栏杆、安全文明措施,永久栏杆扶手专业分包 → subcontractor_supplied；临边防护或安全文明措施 → 按措施/周转/租赁规则确认，不默认计入分部分项乙供材料,mark_only_no_deep_infer,只识别成品、系统或措施范围，不默认拆不锈钢管/玻璃/锚栓/焊接钢管采购量,877,采购责任优先于材料输出,永久或临时、是否成品采购、是否包安装、甲供范围、专业分包范围、措施材料是否租赁或周转,不得默认拆入总包采购材料；不得把临边防护一次性计入永久材料采购,MAT-028；D41；K08采购责任；BOUND-措施项目-模板脚手架,是
RESP-PR_EXT_024,采购责任,工业/车库地坪,楼地面工程,地坪专业分包、环氧地坪分包、耐磨地坪分包、固化地坪分包,地坪专业分包 → subcontractor_supplied,mark_only_no_deep_infer,只标记地坪范围和证据缺口，不默认输出材料采购量,876,采购责任优先于材料输出,分包是否包料、地坪体系、材料品牌和用量参数,不得凭地坪名称输出环氧/金刚砂/固化剂采购量,PF-FLOORING_SYSTEM_EVIDENCE_GAP；D38；S021,是
COMP-STEEL_FINISHED_COMPONENT_OUTPUT,企业习惯-采购粒度规则,钢结构型钢及钢板,钢结构工程,"{""material_family_in"":[""钢结构型钢及钢板""],""enabled_by_default"":false}",企业习惯：钢结构按成品构件/加工件输出,replace,"{""output_granularity"":""steel_finished_component"",""remove_raw_breakdown"":[""H型钢"",""槽钢"",""角钢"",""钢板"",""高强螺栓""]}",445,preset; 0.78,是否按构件成品采购、制作安装是否分包、是否含涂装,不得覆盖甲供、暂估价、专业分包等硬阻断,K03企业习惯；MAT-020；D32；K09用户记忆可沉淀,是
COMP-STEEL_RAW_PROFILE_OUTPUT,企业习惯-采购粒度规则,钢结构型钢及钢板,钢结构工程,"{""material_family_in"":[""钢结构型钢及钢板""],""enabled_by_default"":false}",企业习惯：钢结构按型钢/钢板原材输出,split,"{""split_to"":[""H型钢"",""槽钢"",""角钢"",""钢板"",""压型钢板""],""require_specs"":true}",444,preset; 0.78,牌号、截面、板厚、理论/过磅口径,缺规格不得高置信拆分,K03企业习惯；MAT-020；PF-STEEL_SECTION_MODEL,是
COMP-STEEL_SPLIT_BY_SPEC,企业习惯-材料归并规则,钢结构型钢及钢板,钢结构工程,"{""material_family_in"":[""钢结构型钢及钢板""],""enabled_by_default"":false}",企业习惯：钢材按牌号+截面/板厚拆分,split,"{""split_keys"":[""steel_grade"",""section_model"",""plate_thickness""]}",443,preset; 0.78,牌号、截面型号、板厚,不得自动生成规格,PF-STEEL_MATERIAL_GRADE；PF-STEEL_SECTION_MODEL,是
COMP-STEEL_COMPANY_LOSS,企业习惯-损耗率规则,钢结构型钢及钢板,钢结构工程,"{""material_family_in"":[""钢结构型钢及钢板""],""enabled_by_default"":false}",企业习惯：钢结构使用企业制作/下料损耗率,calculate,"{""override_default_loss"":true,""loss_rate_source"":""company_steel_fabrication_loss""}",442,preset; 0.78,制作损耗率、下料余料归属、是否含运输安装损耗,不得覆盖项目显式损耗或采购责任阻断,MAT-020；损耗表1092/1095；K09用户记忆,是
COMP-BOLT_SEPARATE_OUTPUT,企业习惯-材料归并规则,高强螺栓及钢结构连接件,钢结构工程,"{""material_family_in"":[""高强螺栓及钢结构连接件""],""enabled_by_default"":false}",企业习惯：高强螺栓单独输出,split,"{""split_keys"":[""bolt_spec"",""performance_grade"",""connection_type""]}",441,preset; 0.78,规格、等级、连接副类型、包装,缺数量不得计算采购量,MAT-021；PF-BOLT_PERFORMANCE_GRADE,是
COMP-PANEL_ROOF_WALL_SPLIT,企业习惯-展示规则,压型钢板/金属屋面墙面板,屋面工程、钢结构工程,"{""material_family_in"":[""压型钢板/金属屋面墙面板""],""enabled_by_default"":false}",企业习惯：金属板按屋面板/墙面板/楼承板拆分,split,"{""split_keys"":[""building_part"",""plate_type""]}",440,preset; 0.78,屋面/墙面/楼承板部位、板型、厚度,缺部位不得强制拆分,MAT-026；PF-PROFILED_STEEL_PLATE_SPEC,是
COMP-PANEL_FINISHED_OUTPUT,企业习惯-采购粒度规则,压型钢板/金属屋面墙面板,屋面工程、钢结构工程,"{""material_family_in"":[""压型钢板/金属屋面墙面板""],""enabled_by_default"":false}",企业习惯：金属围护按成品板输出,replace,"{""output_granularity"":""finished_panel"",""remove_components"":[""钢卷"",""涂层"",""芯材""]}",439,preset; 0.78,成品板板型、厚度、涂层、芯材,不得默认夹芯或默认涂层,MAT-026；D39,是
COMP-SEALANT_AUX_REMOVE,企业习惯-输出范围规则,嵌缝密封材料、密封胶,防水工程、门窗工程、屋面工程,"{""material_family_in"":[""嵌缝密封材料"",""密封胶""],""enabled_by_default"":false}",企业习惯：嵌缝密封辅材不单独输出,remove,"{""remove_roles"":[""auxiliary"",""sealing_accessory""]}",438,preset; 0.78,是否已包含在防水/门窗系统单价内,不得删除甲指乙供或单独采购的密封材料,MAT-027；D40；K09用户记忆,是
COMP-SEALANT_AUX_OUTPUT,企业习惯-输出范围规则,嵌缝密封材料、密封胶,防水工程、门窗工程、屋面工程,"{""material_family_in"":[""嵌缝密封材料"",""密封胶""],""enabled_by_default"":false}",企业习惯：嵌缝密封材料单独输出,output,"{""include_auxiliary"":true,""require_joint_parameters"":true}",437,preset; 0.78,胶型、缝宽深、包装容量,缺缝参数不得高置信计算,MAT-027；PF-SEALANT_JOINT_SPEC,是
COMP-HANDRAIL_FINISHED_OUTPUT,企业习惯-采购粒度规则,栏杆扶手及玻璃栏板,墙柱面工程、金属制品,"{""material_family_in"":[""栏杆扶手及玻璃栏板""],""enabled_by_default"":false,""scope"":""permanent_handrail""}",企业习惯：永久栏杆扶手按成品系统输出，保留材质、部位、长度/面积和成品范围追溯,replace,"{""output_granularity"":""finished_handrail_system"",""remove_components"":[""不锈钢管"",""玻璃"",""锚栓"",""五金""],""exclude_scope"":[""临边防护栏杆""]}",436,preset; 0.78,成品系统范围、材质、规格、是否含安装、是否排除临边防护,不得覆盖专业分包或甲供；不得把临边防护栏杆并入永久成品栏杆,MAT-028；D41；K09用户记忆,是
COMP-HANDRAIL_COMPONENT_SPLIT,企业习惯-采购粒度规则,栏杆扶手及玻璃栏板,墙柱面工程、金属制品,"{""material_family_in"":[""栏杆扶手及玻璃栏板""],""enabled_by_default"":false,""scope"":""permanent_handrail""}",企业习惯：永久栏杆扶手按构件拆分；只有节点参数齐全时才输出管材、玻璃、锚栓和五金,split,"{""split_to"":[""不锈钢管"",""钢化玻璃"",""化学锚栓"",""五金配件""],""require_node_parameters"":true,""exclude_scope"":[""临边防护栏杆""]}",435,preset; 0.78,管径/壁厚、玻璃厚度、锚栓数量、节点做法、永久或临时属性,缺节点参数不得估算锚栓/五金；不得把临边防护栏杆按永久构件拆分,MAT-028；PF-HANDRAIL_BALUSTRADE_SPEC,是
COMP-FLOORING_NO_AUTO_INFER,企业习惯-输出范围规则,工业/车库地坪,楼地面工程,"{""material_family_in"":[""工业/车库地坪""],""enabled_by_default"":true}",企业习惯：地坪体系未绑定产品资料前不自动推断材料,mark,"{""confidence_cap"":""low"",""required_evidence"":[""T2映射"",""T3物料"",""厂家耗量"",""分包边界""]}",434,preset; 0.78,地坪体系、产品资料、厂家耗量、是否专业分包,不得凭经验输出环氧/金刚砂/固化剂采购量,S021；D38；C28,是
COMP-LIGHT_WALL_PANEL_FINISHED_OUTPUT,企业习惯-采购粒度规则,轻质墙板及嵌缝砂浆,砌筑工程、墙柱面工程,"{""material_family_in"":[""轻质墙板及嵌缝砂浆""],""enabled_by_default"":true}",企业习惯：轻质墙板优先按成品板输出,replace,"{""output_granularity"":""finished_light_wall_panel"",""remove_raw_breakdown"":[""水泥"",""纤维"",""砂浆原材""]}",433,preset; 0.78,墙板厚度、规格、嵌缝辅材是否单列,不得覆盖甲供、暂估价、专业分包等硬阻断,MAT-030；K03企业习惯；K09用户记忆可沉淀,是
COMP-LIGHT_WALL_PANEL_JOINT_MORTAR_OPTIONAL,企业习惯-输出范围规则,轻质墙板及嵌缝砂浆,砌筑工程、墙柱面工程,"{""material_family_in"":[""轻质墙板及嵌缝砂浆""],""enabled_by_default"":false}",企业习惯：轻质墙板嵌缝砂浆按辅材候选，默认需确认是否单列,mark,"{""auxiliary_candidate"":""嵌缝砂浆"",""required_confirmation"":true}",432,preset; 0.78,嵌缝砂浆是否单独采购、是否包含在墙板安装单价内,不得无企业习惯时强制输出辅材采购量,MAT-030；EX-AUTO-001,是
COMP-PVC_FLOORING_FINISHED_OUTPUT,企业习惯-采购粒度规则,PVC/塑胶地板成品面层,楼地面工程,"{""material_family_in"":[""PVC/塑胶地板成品面层""],""enabled_by_default"":true}",企业习惯：PVC/塑胶地板按成品面层输出,replace,"{""output_granularity"":""finished_flooring"",""remove_components"":[""树脂原料"",""填料"",""增塑剂""]}",431,preset; 0.78,厚度、耐磨等级、卷材规格、是否按卷取整,不得覆盖甲供、暂估价、专业分包等硬阻断,MAT-031；K03企业习惯；K09用户记忆可沉淀,是
COMP-PVC_FLOORING_AUX_NOT_DEFAULT,企业习惯-输出范围规则,PVC/塑胶地板成品面层,楼地面工程,"{""material_family_in"":[""PVC/塑胶地板成品面层""],""enabled_by_default"":true}",企业习惯：PVC地板辅材不默认自动输出,mark,"{""auxiliary_candidates"":[""胶粘剂"",""焊线"",""自流平""],""required_confirmation"":true}",430,preset; 0.78,胶粘剂、焊线、自流平是否单独采购以及产品耗量,缺做法和产品耗量时不得输出辅材采购量,MAT-031；EX-AUTO-002,是
COMP-FIRE_SHUTTER_FINISHED_OUTPUT,企业习惯-采购粒度规则,防火卷帘及特种门窗成品,门窗工程、消防相关范围,"{""material_family_in"":[""防火卷帘及特种门窗成品""],""enabled_by_default"":true}",企业习惯：防火卷帘和特种门窗按成品系统输出,replace,"{""output_granularity"":""finished_special_door_window"",""remove_components"":[""帘片"",""电机"",""控制箱"",""导轨"",""五金""]}",429,preset; 0.78,采购责任、是否含电机控制、是否消防联动,不得覆盖甲供、暂估价、专业分包等硬阻断,MAT-032；K03企业习惯；K09用户记忆可沉淀,是
RESP-PR_EXT_025,采购责任,防火卷帘及特种门窗成品,门窗工程、消防工程,消防专业分包、防火卷帘专业分包、消防联动、专业分包自采,防火卷帘/特种门窗专业分包或消防联动范围 → subcontractor_supplied或待确认,mark_only_no_deep_infer,只识别成品范围和采购责任标签，不默认进入总包采购量,875,采购责任优先于材料输出,是否消防分包、是否包工包料、是否总包代采、是否甲供或甲指乙供,不得在采购责任不清时计入乙方采购量,K08采购责任；MAT-032；EX-AUTO-003,是
COMP-SLOPED_ROOF_TILE_MAIN_ONLY,企业习惯-输出范围规则,坡屋面瓦及木基层辅材,屋面工程,"{""material_family_in"":[""坡屋面瓦及木基层辅材""],""enabled_by_default"":true}",企业习惯：瓦屋面默认先输出屋面瓦主材，木基层和防水层作为待确认辅材,mark,"{""main_material"":""屋面瓦"",""auxiliary_candidates"":[""挂瓦条"",""顺水条"",""屋面木基层"",""防水卷材""],""required_confirmation"":true}",428,preset; 0.78,木基层是否单列、防水层是否并入防水专业、是否专业分包,不得覆盖甲供、暂估价、专业分包等硬阻断,MAT-033；K03企业习惯；K09用户记忆可沉淀,是
RESP-PR_EXT_026,采购责任,坡屋面瓦及木基层辅材,屋面工程、防水工程,屋面专业分包、瓦屋面分包、屋面系统分包、防水专业分包,瓦屋面或防水专业分包 → subcontractor_supplied或待确认,mark_only_no_deep_infer,只识别屋面系统范围和采购责任标签，不默认进入总包采购量,874,采购责任优先于材料输出,屋面瓦、木基层、防水层分别由谁采购，是否包工包料,采购责任不清时不得计入乙方采购量,K08采购责任；MAT-033；EX-AUTO-004,是
COMP-WINDOW_TRIM_MAIN_ONLY,企业习惯-输出范围规则,门窗收口成品配件,门窗工程、装饰装修工程,"{""material_family_in"":[""门窗收口成品配件""],""keywords"":[""门窗套"",""窗台板"",""窗帘轨""],""enabled_by_default"":true}",企业习惯：门窗套线、窗台板、窗帘轨默认按成品主材输出，不拆板材、胶、五金等辅材；若企业选择并入门窗主项，则只保留来源追溯。,merge_or_output,"{""default_output"":""成品主材"",""merge_target"":""成品门窗"",""soft_furnishing"":""mark_only""}",430,preset; 0.80,是否并入成品门窗、窗帘轨是否输出、软装窗帘是否排除、采购责任,不得覆盖甲供、暂估价、专业分包；不得把窗帘软装纳入默认乙供材料,MAT-034；K03企业习惯；K09用户记忆可沉淀,是
RESP-PR_EXT_027,采购责任,门窗收口成品配件,门窗工程、装饰装修工程,门窗工程分包、精装修分包、软装分包、甲供门窗、甲供窗台板、甲指乙供窗台板、窗帘轨甲供,门窗收口配件可能随门窗成品、精装修或软装分包采购；命中甲供/甲指乙供/专业分包时采购责任优先于材料输出。,mark_only_no_deep_infer,只识别门窗收口范围和采购责任标签，不默认进入乙方采购量,875,采购责任优先于材料输出,门窗套线、窗台板、窗帘轨分别由谁采购，是否随门窗或精装包工包料,采购责任不清时不得计入乙方采购量；不得把软装窗帘默认列入总包采购,K08采购责任；MAT-034；EX-AUTO-005,是
COMP-CANOPY_MAIN_PANEL_ONLY,企业习惯-输出范围规则,雨篷采光顶面板及支承系统,墙柱面工程、屋面工程、装饰装修工程,"{""material_family_in"":[""雨篷采光顶面板及支承系统""],""keywords"":[""普通雨篷"",""玻璃雨篷"",""阳光板雨篷""],""enabled_by_default"":false}",企业习惯：普通小型雨篷可先只输出面板主材，支承结构、密封胶和连接件作为待确认辅材,mark,"{""main_material_scope"":""panel_only"",""auxiliary_candidates"":[""型钢支承"",""连接件"",""密封胶"",""防水收边""],""requires_confirmation"":true}",431,preset; 0.76,是否只输出面板、支承结构是否单列、密封胶/连接件是否输出、是否专业分包,不得覆盖甲供、暂估价、专业分包；不得把采光顶或幕墙系统简化为普通雨篷面板,MAT-035；K03企业习惯；K09用户记忆可沉淀,是
RESP-PR_EXT_028,采购责任,雨篷采光顶面板及支承系统,墙柱面工程、屋面工程、幕墙工程、金属结构工程,雨篷专业分包、采光顶专业分包、幕墙专业分包、钢结构专业分包、甲供玻璃、甲指乙供玻璃、暂估价雨篷,采光顶、幕墙雨篷或钢结构雨篷命中专业分包/暂估价/甲供时，采购责任优先于材料输出，只识别范围和待确认项。,mark_only_no_deep_infer,不默认进入乙方采购量；保留面板、钢结构、密封和连接件范围标签,876,采购责任优先于材料输出,面板、支承钢结构、连接件、密封胶分别由谁采购，是否包工包料，是否暂估价或甲供,不得把专业分包、暂估价或甲供范围默认计入总包采购材料,K08采购责任；MAT-035；EX-AUTO-006；损耗表2104专业承包不适用材料损耗,是
COMP-SIGNAGE_CUSTOM_FINISHED_ONLY,企业习惯-输出范围规则,标识广告定制面板及字牌,装饰装修工程、标识工程,"{""material_family_in"":[""标识广告定制面板及字牌""],""keywords"":[""招牌"",""灯箱"",""美术字"",""发光字"",""标识""],""enabled_by_default"":true}",企业习惯：招牌灯箱和美术字默认按定制成品或主面板候选输出，不深拆LED、电源、控制器、五金和安装辅材,mark,"{""default_output"":""custom_finished_or_main_panel"",""exclude_components"":[""LED"",""电源"",""控制器"",""线路"",""五金""],""requires_confirmation"":true}",432,preset; 0.74,是否定制成品、是否只输出主面板、发光系统是否排除、专业分包或甲指乙供,不得覆盖甲供、暂估价、专业分包；不得把品牌标识服务强制拆成通用板材,MAT-036；K03企业习惯；K09用户记忆可沉淀,是
RESP-PR_EXT_029,采购责任,标识广告定制面板及字牌,装饰装修工程、标识工程、弱电智能化工程,标识专业分包、广告专业分包、品牌标识甲指乙供、甲供标识、暂估价招牌、LED显示系统分包、店招专业定制,标识广告、发光字或LED系统命中专业分包/暂估价/甲供时，采购责任优先于材料输出，只识别定制范围和待确认项。,mark_only_no_deep_infer,不默认进入乙方采购量；保留招牌灯箱、美术字、发光系统和安装范围标签,876,采购责任优先于材料输出,面板、字牌、发光电气、安装结构分别由谁采购，是否包设计制作安装，是否暂估价或甲供,不得把专业定制、暂估价或甲供范围默认计入总包采购材料,K08采购责任；MAT-036；EX-AUTO-007；损耗表737成套设备口径,是
COMP-CABINET_CUSTOM_FINISHED_OR_WOODWORK,企业习惯-采购粒度规则,柜架台成品家具与现场木作材料,装饰装修工程、墙柱面工程、零星装饰工程,"{""material_family_in"":[""柜架台成品家具与现场木作材料""],""keywords"":[""柜"",""展示柜"",""服务台"",""接待台"",""暖气罩"",""全屋定制""],""enabled_by_default"":true}",企业习惯：柜架台默认先区分成品/定制和现场木作；成品家具按台套或范围标记，现场木作只输出主板材候选，五金辅材需企业启用或节点明细。,mark_or_output,"{""default_output"":""finished_or_main_board_candidate"",""exclude_components"":[""铰链"",""拉手"",""滑轨"",""封边条"",""胶"",""油漆"",""锚栓""],""requires_confirmation"":true}",429,preset; 0.76,成品或现场木作、是否只输出主板材、五金辅材是否排除、是否定制家具分包、采购责任,不得覆盖甲供、暂估价、专业分包；不得把成品家具或定制服务强制拆为通用板材,MAT-037；K03企业习惯；K09用户记忆可沉淀,是
RESP-PR_EXT_030,采购责任,柜架台成品家具与现场木作材料,装饰装修工程、精装修工程、零星装饰工程,家具甲供、全屋定制甲供、柜体甲指乙供、精装修分包、家具专业分包、厂家定制、服务台暂估价、展示柜暂估价、暖气罩甲供,成品家具、全屋定制、展示柜和服务台命中甲供/甲指乙供/专业分包/暂估价时，采购责任先于材料推演；AI只保留范围、口径和待确认，不进入乙方采购量。,mark_only_no_deep_infer,不默认进入乙方采购量；保留柜架台、暖气罩、全屋定制、现场木作和安装范围标签,874,采购责任优先于材料输出,柜体、台面、饰面、五金、安装分别由谁采购，是否包设计制作安装，是否暂估价/甲供/甲指乙供/专业分包,不得把成品家具、定制服务、暂估价或甲供范围默认计入总包采购材料,K08采购责任；MAT-037；EX-AUTO-008；损耗表1777/1778/1783/1784/1786/10007成套家具口径,是
COMP-BATH_ACCESSORY_FINISHED_OR_MIRROR_ONLY,企业习惯-输出范围规则,浴厕配件镜面与卫浴五金成品,装饰装修工程、卫生间精装、给排水工程,"{""material_family_in"":[""浴厕配件镜面与卫浴五金成品""],""keywords"":[""浴厕配件"",""镜箱"",""银镜"",""浴巾架"",""肥皂盒"",""手纸盒"",""卫浴五金""],""enabled_by_default"":true}",企业习惯：浴厕配件默认只输出明确镜面主材或成品配件范围，卫浴五金小件不逐项深拆，除非用户提供配件清单和数量。,mark_or_output,"{""default_output"":""mirror_or_finished_accessory_scope"",""exclude_components"":[""浴巾架"",""肥皂盒"",""手纸盒"",""花洒"",""地漏"",""小五金""],""requires_confirmation"":true}",428,preset; 0.74,是否只输出镜面、五金小件是否排除、是否按套输出、精装修分包/甲供范围、采购责任,不得覆盖甲供、暂估价、专业分包；不得把浴厕配件合并项强制拆成零散卫浴五金,MAT-038；K03企业习惯；K09用户记忆可沉淀,是
RESP-PR_EXT_031,采购责任,浴厕配件镜面与卫浴五金成品,装饰装修工程、卫生间精装、给排水工程,洁具甲供、卫浴五金甲供、镜箱甲供、精装修分包、卫生洁具分包、给排水分包、甲指乙供洁具、浴厕配件暂估价、样板间指定品牌,浴厕配件、镜箱和卫浴五金命中甲供/甲指乙供/精装修分包/给排水分包/暂估价时，采购责任先于材料推演；AI只保留范围和追问，不进入乙方采购量。,mark_only_no_deep_infer,不默认进入乙方采购量；保留镜面、镜箱、卫浴五金、洁具配件、安装范围和采购责任标签,873,采购责任优先于材料输出,镜面、镜箱、卫浴五金、洁具、安装分别由谁采购，是否包工包料，是否暂估价/甲供/甲指乙供/专业分包,不得把甲供洁具、精装修分包或暂估价浴厕配件默认计入总包采购材料,K08采购责任；MAT-038；EX-AUTO-009；损耗表36/1554/1555/1558/35,是
