策略ID,策略类型,触发场景,输入信号,判断问题,触发条件,AI动作,拆解深度,置信度规则,待确认或追问,禁止动作,示例或说明,核验来源
D01,清单行决策,清单行有效性,名称、单位、工程量、备注,是否为空行/合计行/小计行/工程量为0,名称含合计/小计或工程量为空/0/负数,mark_only,none,low,确认是否为有效清单行,不得按汇总行重复拆材料,工程量明显异常只做问题提示,K05异常、真实BOQ清洗规则
D02,清单行决策,编码优先路由,清单编码、T1分部代码路由,是否有标准清单编码且前6位命中T1,编码前6位命中T1,candidate_infer,按章节决定,medium,,不得只按名称覆盖明确编码,编码是路由证据，不是材料证据,T1、GB/T50854目录
D03,清单行决策,无编码名称路由,项目名称、项目特征、关键词,编码缺失但名称/特征能命中章节,无编码或补充编码，名称命中T1关键词,candidate_infer,scope_only/main_material,medium,确认清单所属章节/专业,不得输出高置信章节结论,补充项需保留补充编码标签,T1、K04、K05
D04,清单行决策,编码名称冲突,编码、名称、特征、章节,编码章节与名称/特征表达是否冲突,编码为门窗但名称为防水等明显冲突,ask_user,scope_only,low,确认清单编码或项目名称哪个为准,不得同时按两个专业深拆,冲突项只能候选,T1、K04、K05
D05,清单行决策,项目类型入口,用户选择、项目名称、清单章节,用户是否已选择项目类型,用户明确选择高层住宅/厂房等,candidate_infer,项目类型约束,high,,不得用模型猜测覆盖用户选择,项目类型只影响倾向，不直接决定具体规格,K01
D06,清单行决策,首批项目范围,项目名称、结构、空间、用户选择,项目是否属于首批房建类型,医院/酒店/商业综合体等复杂公建,mark_only,scope_only,low,确认是否按房建MVP浅层处理,不得按住宅默认材料档次推断,复杂公建另建规则库,K01、业务范围
D07,清单行决策,暂估价阻断,名称、特征、备注、其他项目清单,是否出现暂估价,含暂估价/暂估/暂定价,block_infer,none,low,确认暂估价项目是否已转正式采购范围,不得默认拆材料或计入乙方采购,需合同或招标文件确认,GB/T50500有效性+目录辅助、K05、K08
D08,清单行决策,暂列金额阻断,名称、备注、单位,是否为暂列金额,含暂列金额,block_infer,none,low,确认是否误放在分部分项,不得拆成任何材料,费用项与材料项严格分离,GB/T50500有效性+目录辅助、K05、K08
D09,清单行决策,总包服务费阻断,名称、备注,是否为总承包服务费,含总承包服务费/总包服务费,block_infer,none,low,,不得输出材料候选,K05可后续补异常规则,GB/T50500有效性+目录辅助、K08
D10,清单行决策,甲供优先,特征、备注、合同边界,是否属于甲供或发包人供应,含甲供/发包人供应/发包人提供,mark_only,scope_only,medium,确认甲供范围和是否仅甲供主材,不得计入乙方采购清单,采购责任优先于企业习惯,K08、GB/T50500目录辅助
D11,清单行决策,甲指乙供,特征、备注、品牌字段,是否属于甲指乙供/指定品牌,含甲指乙供/甲指/指定品牌,candidate_infer,main_material_only,medium,确认品牌范围、替代品牌和是否集采,不得删除采购需求,品牌不是材料规格的替代品,K08、K03
D12,清单行决策,专业分包,名称、特征、备注、专业,是否属于专业分包,含专业分包/分包范围,block_infer,scope_only,low,确认分包单位是否自采材料,不得拆入总包采购材料,消防/幕墙/精装尤其敏感,K05、K08、合同边界
D13,清单行决策,暂缓专业,专业、名称、章节,是否属于消防/暖通/智能化/电梯/复杂幕墙,专业命中暂缓范围,mark_only,scope_only,low,确认是否需要另启专业规则库,不得按土建材料逻辑替代,避免跨专业误拆,业务范围、K01、K05
D14,清单行决策,综合单位,单位、名称、特征,单位是否为项/宗/系统等综合单位,单位=项/宗/系统且非成品门窗,ask_user,system_candidate,low,补充包含的工作内容、材料范围、工程量拆分依据,不得直接换算采购量,综合单位必须拆任务后再算量,K05、K07
D15,清单行决策,混凝土m³深拆,单位、强度等级、部位,混凝土是否具备单位和强度,单位m³且有C等级,deep_infer,main_material_only,high,,默认不得拆水泥砂石，除非企业显式要求,抗渗/细石/垫层需单列,T2、T3、K03、K07
D16,清单行决策,混凝土缺强度,名称、特征,混凝土是否缺C等级,混凝土/砼但无C等级,ask_user,main_material_only,medium,确认混凝土强度等级、抗渗等级、部位,不得高置信输出C30等默认强度,强度是商混采购规格核心字段,K02、K05、K07
D17,清单行决策,钢筋t主材,单位、钢筋牌号、规格,钢筋是否以t计量,钢筋类且单位t,deep_infer,main_material_only,high/medium,确认是否按规格、楼栋、阶段拆分,不得凭空拆直径级别,缺牌号时中置信,T2、T3、K03、K07
D18,清单行决策,砌体m³系统,单位、材质、厚度、砂浆等级,砌体是否有材质/厚度/砂浆等级,砌块/砖墙且单位m³,candidate_infer,system_candidate,medium,确认砌体材质、墙厚、砂浆类型和强度,缺材质不得高置信,砂浆粒度由企业规则控制,T2、T3、K02、K07
D19,清单行决策,防水m²缺厚度,材料类型、厚度、部位、层数,防水面积项是否缺厚度,防水且单位m²但无厚度,candidate_infer,system_candidate,low,确认防水材料类型、厚度、层数、施工方法,不得高置信计算kg/卷数,厚度影响规格和涂料kg/m²,K02、K05、K07、T2
D20,清单行决策,防水系统辅材,企业习惯、防水类型,企业是否要求防水按系统输出,企业规则=防水按系统输出,candidate_infer,system_with_auxiliary,medium,确认附加层范围和搭接/包装单位,缺节点范围不得估算附加层为高置信,辅材是否输出受企业规则控制,K03、K07、T2
D21,清单行决策,保温m²缺厚度,材料类型、厚度、部位、燃烧等级,保温面积项是否缺厚度,保温且单位m²但无厚度,candidate_infer,system_candidate,low,确认保温厚度、燃烧性能等级、密度,不得高置信计算m³,厚度是m²转m³关键参数,K02、K05、K07、T3
D22,清单行决策,保温系统辅材,企业习惯、部位、材料类型,企业是否要求保温按系统输出,企业规则=保温按系统输出,candidate_infer,system_with_auxiliary,medium,确认锚栓数量、防火隔离带、网格布规格,锚栓数量缺失不得高置信,辅材输出由企业规则控制,K03、K07、T2
D23,清单行决策,门窗成品,门窗材质、单位、玻璃类型,门窗是否可按成品输出,门窗类，单位樘/m²，材质明确,deep_infer,main_material_only,high,确认玻璃类型、开启方式、防火等级,默认不得拆型材/玻璃/五金,企业显式要求构件拆分才拆,T2、T3、K03、K07
D24,清单行决策,地砖系统,单位、规格、包装单位,楼地面块料是否有规格和包装,地砖/瓷砖且单位m²,candidate_infer,system_candidate,medium/low,确认规格、包装面积、损耗口径,缺包装不得高置信换箱数,主材面积可算，箱数需包装,T2、T3、K03、K07
D25,清单行决策,涂料系统,遍数、基层、涂料类型、包装,涂料是否有遍数和涂布率,涂料/腻子且单位m²,candidate_infer,system_candidate,low/medium,确认腻子遍数、底漆遍数、面漆遍数、涂布率、包装规格,缺遍数不得高置信kg/桶,涂料计算依赖企业产品参数,T2、T3、K02、K07
D26,清单行决策,抹灰砂浆,单位、厚度、砂浆等级,抹灰是否有厚度,抹灰/找平且单位m²,candidate_infer,main_material_only,low/medium,确认抹灰厚度、砂浆类型、强度,缺厚度不得高置信换算,厚度决定m²到m³,T2、T3、K07
D27,清单行决策,天棚浅层,吊顶类型、龙骨、板材、单位,天棚是否属于浅层支持,天棚/吊顶且单位m²,candidate_infer,system_candidate,medium/low,确认板材类型、龙骨类型、吊顶高度、造型复杂度,复杂造型不得按普通平面吊顶高置信,首期浅层支持,T1、T2、T3、K07
D28,清单行决策,地方差异,省份、城市、地方规则,是否有地区配置,项目地区命中K10/省份适配,candidate_infer,保持原深度,medium,确认项目所在地和适用计价依据,不得用地方规则覆盖合同边界,未核验地方资料只作候选,K10、省份适配、地方公开来源
D29,清单行决策,企业习惯优先,company_id、规则来源、用户确认状态,是否有企业显式规则,企业规则启用且与材料族匹配,candidate_infer,full_by_company_rule,medium/high,,不得覆盖暂估价/甲供/专业分包阻断,企业规则是输出口径，不是行业事实,K03、K09
D30,清单行决策,解释性输出,命中规则、来源清单、公式、损耗,是否能说明来源和计算依据,缺来源或缺公式,ask_user,保持原深度,low/medium,确认材料来源清单项和计算依据,不得输出不可追溯材料,每条材料必须可追溯,全规则库
BOUND-主体结构-现浇混凝土,专业深拆边界,主体结构-现浇混凝土,强度等级、抗渗等级、部位、单位m³,本专业可拆到什么深度,暂估价、甲供、专业分包、缺强度,商品混凝土主材；钢筋按t主材,深拆,按必需证据是否齐全决定,暂估价、甲供、专业分包、缺强度,默认不拆水泥砂石，除非企业显式规则,可推材料族：商品混凝土、钢筋,T1/T2/T3/K03/K07
BOUND-主体结构-钢筋,专业深拆边界,主体结构-钢筋,牌号、规格、单位t、是否抗震,本专业可拆到什么深度,缺型号、综合单位、甲供,钢筋主材，可按企业习惯拆规格,深拆,按必需证据是否齐全决定,缺型号、综合单位、甲供,不得凭经验拆直径,可推材料族：钢筋、钢筋网片、拉结筋,T2/T3/GB1499系列/K03
BOUND-砌筑工程,专业深拆边界,砌筑工程,砌体材质、墙厚、砂浆类型和等级,本专业可拆到什么深度,缺材质/厚度/砂浆等级,候选砌块+砂浆,深拆到系统候选,按必需证据是否齐全决定,缺材质/厚度/砂浆等级,不得按普通砖替代加气块,可推材料族：砌块/砖、砌筑砂浆、粘结剂,T1/T2/T3/K02/K07
BOUND-防水工程,专业深拆边界,防水工程,材料类型、厚度、部位、层数、施工方法,本专业可拆到什么深度,暂估价、专业分包、缺厚度,候选主材+辅材,系统候选,按必需证据是否齐全决定,暂估价、专业分包、缺厚度,缺厚度不得高置信,可推材料族：防水卷材、防水涂料、基层处理剂、附加层,T2/T3/K03/K05/K07
BOUND-保温工程,专业深拆边界,保温工程,材料类型、厚度、燃烧等级、密度、部位,本专业可拆到什么深度,缺厚度/燃烧等级、专业分包,候选保温系统,系统候选,按必需证据是否齐全决定,缺厚度/燃烧等级、专业分包,不得默认提高防火等级,可推材料族：保温板、粘结砂浆、抗裂砂浆、网格布、锚栓,T2/T3/K03/K05/K07
BOUND-门窗工程,专业深拆边界,门窗工程,材质、玻璃类型、开启方式、防火等级、单位,本专业可拆到什么深度,甲供、专业分包、规格缺失,默认成品输出,成品主材,按必需证据是否齐全决定,甲供、专业分包、规格缺失,不得默认拆型材玻璃五金,可推材料族：成品门、成品窗、防火门、防盗门,T2/T3/K03/K08/K07
BOUND-楼地面工程-地砖/块料,专业深拆边界,楼地面工程-地砖/块料,规格、部位、包装单位、铺贴方式,本专业可拆到什么深度,缺规格/包装、精装复杂主材,候选地砖主材,主材或系统候选,按必需证据是否齐全决定,缺规格/包装、精装复杂主材,缺包装不得换箱,可推材料族：地砖、瓷砖胶、填缝剂,T2/T3/K03/K07
BOUND-楼地面工程-找平/地坪,专业深拆边界,楼地面工程-找平/地坪,厚度、强度、地坪做法,本专业可拆到什么深度,缺厚度/做法不明,候选砂浆/混凝土,主材候选,按必需证据是否齐全决定,缺厚度/做法不明,工业特殊地坪需确认,可推材料族：砂浆、细石混凝土、耐磨材料,T1/T2/T3/K02/K07
BOUND-墙柱面工程-抹灰,专业深拆边界,墙柱面工程-抹灰,厚度、砂浆等级、基层,本专业可拆到什么深度,缺厚度/砂浆等级,候选抹灰砂浆,主材候选,按必需证据是否齐全决定,缺厚度/砂浆等级,不得高置信换算厚度缺失项,可推材料族：抹灰砂浆、网格布,T2/T3/K03/K07
BOUND-墙柱面工程-涂料腻子,专业深拆边界,墙柱面工程-涂料腻子,涂料类型、遍数、基层、包装,本专业可拆到什么深度,缺遍数/涂布率/包装,候选涂料系统,系统候选,按必需证据是否齐全决定,缺遍数/涂布率/包装,不得高置信kg/桶,可推材料族：腻子、底漆、面漆,T2/T3/K03/K07
BOUND-天棚工程,专业深拆边界,天棚工程,吊顶类型、板材、龙骨、吊顶高度,本专业可拆到什么深度,造型复杂、系统单位、分包,候选龙骨+板材,浅层系统候选,按必需证据是否齐全决定,造型复杂、系统单位、分包,不得套普通平面吊顶,可推材料族：龙骨、石膏板、矿棉板、铝扣板,T1/T2/T3/K07
BOUND-金属结构/工业厂房,专业深拆边界,金属结构/工业厂房,材质、型号、构件类型、单位t/m²,本专业可拆到什么深度,工艺设备基础、洁净厂房,输出型钢/板材候选,浅层到主材,按必需证据是否齐全决定,工艺设备基础、洁净厂房,不得按普通住宅推断,可推材料族：型钢、钢板、屋面板、墙面板、工业门,T1/T2/T3/K01
BOUND-幕墙工程,专业深拆边界,幕墙工程,幕墙类型、玻璃、龙骨、五金,本专业可拆到什么深度,复杂幕墙/专业分包,标记风险和范围,只识别范围,按必需证据是否齐全决定,复杂幕墙/专业分包,不得默认深拆采购材料,可推材料族：幕墙系统材料候选,业务范围/K05/K08
BOUND-消防工程,专业深拆边界,消防工程,专业、暂估价、分包范围,本专业可拆到什么深度,专业分包/暂估价,标记专业范围,只识别范围,按必需证据是否齐全决定,专业分包/暂估价,不得拆消防材料,可推材料族：消防工程范围,业务范围/K05/K08
BOUND-暖通/智能化/电梯,专业深拆边界,暖通/智能化/电梯,专业、设备、合同边界,本专业可拆到什么深度,专业分包/暂估价,标记范围,只识别范围,按必需证据是否齐全决定,专业分包/暂估价,不得按房建土建拆,可推材料族：专业系统范围,业务范围/K05/K08
BOUND-措施项目-模板脚手架,专业深拆边界,措施项目-模板脚手架,企业是否输出措施/租赁材料,本专业可拆到什么深度,未配置企业规则,默认不输出或仅候选,企业规则控制,按必需证据是否齐全决定,未配置企业规则,不得按一次性损耗默认采购,可推材料族：模板、脚手架、安全文明材料,品类损耗/K03/K06
C01,置信度规则,编码命中T1且名称不冲突,编码命中T1且名称不冲突,如何调整置信度,编码命中T1且名称不冲突,调整置信度,保持原深度或降级,+0.15,,不代表材料一定正确,章节路由可信,T1
C02,置信度规则,T2命中材料且物料ID可在T3找到,T2命中材料且物料ID可在T3找到,如何调整置信度,T2命中材料且物料ID可在T3找到,调整置信度,保持原深度或降级,+0.20,,未验证T2不可直接高置信,材料标准化有交叉证据,T2+T3
C03,置信度规则,T3标准代号可在N1找到,T3标准代号可在N1找到,如何调整置信度,T3标准代号可在N1找到,调整置信度,保持原深度或降级,+0.10,,只证明标准存在，不证明用量,材料标准有规范索引,T3+N1
C04,置信度规则,必需特征齐全,必需特征齐全,如何调整置信度,必需特征齐全,调整置信度,保持原深度或降级,+0.20,,不同材料必需字段不同,规格/厚度/强度满足换算,K02/K07
C05,置信度规则,工程量单位与换算规则匹配,工程量单位与换算规则匹配,如何调整置信度,工程量单位与换算规则匹配,调整置信度,保持原深度或降级,+0.15,,项/宗/系统不能直接高置信,可计算采购量,K07
C06,置信度规则,企业规则为用户确认或管理员配置,企业规则为用户确认或管理员配置,如何调整置信度,企业规则为用户确认或管理员配置,调整置信度,保持原深度或降级,+0.10,,不得覆盖采购责任,输出粒度更贴合企业,K03/K09
C07,置信度规则,损耗率来自高/中置信来源且在范围内,损耗率来自高/中置信来源且在范围内,如何调整置信度,损耗率来自高/中置信来源且在范围内,调整置信度,保持原深度或降级,+0.10,,经验估算不得高置信,采购量更可信,K06/品类损耗
C08,置信度规则,地方规则有官方来源和本地适配交叉,地方规则有官方来源和本地适配交叉,如何调整置信度,地方规则有官方来源和本地适配交叉,调整置信度,保持原深度或降级,+0.05,,未核验地方规则只候选,地区口径更准确,K10/省份适配
C09,置信度规则,项目特征缺材料类型,项目特征缺材料类型,如何调整置信度,项目特征缺材料类型,调整置信度,保持原深度或降级,最高medium,,不得默认材料类型,无法确定主材,K02/K05
C10,置信度规则,面积项缺厚度且换算依赖厚度,面积项缺厚度且换算依赖厚度,如何调整置信度,面积项缺厚度且换算依赖厚度,调整置信度,保持原深度或降级,最高low,,防水/保温/抹灰/涂料常见,无法完成m²到m³/kg换算,K02/K07
C11,置信度规则,混凝土缺强度等级,混凝土缺强度等级,如何调整置信度,混凝土缺强度等级,调整置信度,保持原深度或降级,最高medium,,不得默认C30,商混规格不明,K02/K05
C12,置信度规则,门窗缺材质,门窗缺材质,如何调整置信度,门窗缺材质,调整置信度,保持原深度或降级,最高medium,,不得默认铝合金,成品类型不明,K02/T3
C13,置信度规则,单位为项/宗/系统,单位为项/宗/系统,如何调整置信度,单位为项/宗/系统,调整置信度,保持原深度或降级,最高low,,除非已有工程任务拆分,综合范围不明,K05/K07
C14,置信度规则,命中暂估价/暂列金额,命中暂估价/暂列金额,如何调整置信度,命中暂估价/暂列金额,调整置信度,保持原深度或降级,强制block,,不得输出采购量,费用或暂估边界,K05/K08
C15,置信度规则,命中甲供,命中甲供,如何调整置信度,命中甲供,调整置信度,保持原深度或降级,强制排除乙方采购量,,可标记材料范围,采购责任优先,K08
C16,置信度规则,命中专业分包,命中专业分包,如何调整置信度,命中专业分包,调整置信度,保持原深度或降级,强制scope_only,,不深拆,分包自采风险,K05/K08
C17,置信度规则,专业属于暂缓范围,专业属于暂缓范围,如何调整置信度,专业属于暂缓范围,调整置信度,保持原深度或降级,最高low,,只识别范围,规则库未覆盖深拆,业务范围/K01
C18,置信度规则,清单合并项,清单合并项,如何调整置信度,清单合并项,调整置信度,保持原深度或降级,最高low,,只能候选和追问,多工程任务混合,K05
C19,置信度规则,名称/编码/单位冲突,名称/编码/单位冲突,如何调整置信度,名称/编码/单位冲突,调整置信度,保持原深度或降级,最高low,,必须追问,基础识别冲突,K04/K05
C20,置信度规则,用户确认过同类规则>=阈值,用户确认过同类规则>=阈值,如何调整置信度,用户确认过同类规则>=阈值,调整置信度,保持原深度或降级,+0.15但需管理员启用,,候选规则未确认不自动生效,企业习惯可沉淀,K09
Q01,用户追问模板,混凝土缺强度,强度等级、抗渗等级,缺少什么信息,混凝土缺强度,ask_user,追问前不高置信,缺参降级,请确认该混凝土的强度等级，例如 C20、C25、C30；如有抗渗要求，也请补充 P 等级。,不得用默认值替代用户确认,商混规格和是否单列抗渗混凝土,主体结构
Q02,用户追问模板,钢筋缺牌号/规格,牌号、规格、拆分口径,缺少什么信息,钢筋缺牌号/规格,ask_user,追问前不高置信,缺参降级,请确认钢筋牌号和是否需要按直径规格拆分，例如 HRB400E、HPB300、Φ8/Φ10/Φ12。,不得用默认值替代用户确认,钢筋材料规格和采购粒度,主体结构
Q03,用户追问模板,砌体缺材质,材质、厚度,缺少什么信息,砌体缺材质,ask_user,追问前不高置信,缺参降级,请确认砌体材质和墙厚，例如蒸压加气混凝土砌块 200mm、烧结多孔砖 240mm。,不得用默认值替代用户确认,砌块/砖和砂浆候选,砌筑工程
Q04,用户追问模板,砂浆缺等级,砂浆类型、强度,缺少什么信息,砂浆缺等级,ask_user,追问前不高置信,缺参降级,请确认砂浆类型和强度，例如干混砌筑砂浆 DM M10、干混抹灰砂浆 DP M10。,不得用默认值替代用户确认,砂浆规格,砌筑/抹灰
Q05,用户追问模板,防水缺厚度,厚度、层数,缺少什么信息,防水缺厚度,ask_user,追问前不高置信,缺参降级,请确认防水材料厚度和层数，例如 SBS 3mm 一道、SBS 4mm 两道、聚氨酯 2mm。,不得用默认值替代用户确认,卷材规格、涂料kg/m²、卷数,防水工程
Q06,用户追问模板,防水缺部位,部位,缺少什么信息,防水缺部位,ask_user,追问前不高置信,缺参降级,请确认防水部位，例如屋面、地下室底板、地下室外墙、卫生间、阳台。,不得用默认值替代用户确认,材料候选和损耗/附加层风险,防水工程
Q07,用户追问模板,保温缺厚度,厚度,缺少什么信息,保温缺厚度,ask_user,追问前不高置信,缺参降级,请确认保温厚度，例如岩棉板 100mm、XPS 50mm、EPS 60mm。,不得用默认值替代用户确认,m²到m³换算和采购规格,保温工程
Q08,用户追问模板,保温缺燃烧等级,燃烧等级,缺少什么信息,保温缺燃烧等级,ask_user,追问前不高置信,缺参降级,请确认保温材料燃烧性能等级，例如 A级、B1级。,不得用默认值替代用户确认,材料合规和规格,保温工程
Q09,用户追问模板,锚栓数量缺失,锚栓数量、是否输出,缺少什么信息,锚栓数量缺失,ask_user,追问前不高置信,缺参降级,请确认保温锚栓数量，例如每平方米 6 个、8 个，或是否不输出锚栓。,不得用默认值替代用户确认,锚栓采购量,保温工程
Q10,用户追问模板,门窗缺材质,材质,缺少什么信息,门窗缺材质,ask_user,追问前不高置信,缺参降级,请确认门窗材质，例如断桥铝合金、塑钢、钢质、木质。,不得用默认值替代用户确认,成品门窗类型,门窗工程
Q11,用户追问模板,窗缺玻璃,玻璃类型,缺少什么信息,窗缺玻璃,ask_user,追问前不高置信,缺参降级,请确认玻璃类型，例如中空钢化玻璃 5+12A+5、Low-E 中空玻璃。,不得用默认值替代用户确认,成品窗规格和价格口径,门窗工程
Q12,用户追问模板,防火门缺等级,防火等级,缺少什么信息,防火门缺等级,ask_user,追问前不高置信,缺参降级,请确认防火门等级，例如甲级、乙级、丙级，或耐火极限要求。,不得用默认值替代用户确认,防火门规格,门窗工程
Q13,用户追问模板,地砖缺规格,规格、包装,缺少什么信息,地砖缺规格,ask_user,追问前不高置信,缺参降级,请确认地砖规格和包装，例如 600×600mm、800×800mm，每箱面积。,不得用默认值替代用户确认,箱数和采购规格,楼地面工程
Q14,用户追问模板,涂料缺遍数,遍数、输出口径,缺少什么信息,涂料缺遍数,ask_user,追问前不高置信,缺参降级,请确认腻子、底漆、面漆遍数，以及是否只输出面漆还是输出完整系统。,不得用默认值替代用户确认,kg/桶采购量和企业粒度,墙柱面/天棚
Q15,用户追问模板,抹灰缺厚度,厚度,缺少什么信息,抹灰缺厚度,ask_user,追问前不高置信,缺参降级,请确认抹灰或找平厚度，例如 15mm、20mm、30mm。,不得用默认值替代用户确认,砂浆m³/t换算,墙柱面/楼地面
Q16,用户追问模板,综合项范围不明,工作内容、材料范围,缺少什么信息,综合项范围不明,ask_user,追问前不高置信,缺参降级,请说明该“项/宗/系统”包含哪些工作内容和材料，是否需要拆分成多个清单任务。,不得用默认值替代用户确认,是否可深拆,全部
Q17,用户追问模板,甲供范围,甲供范围,缺少什么信息,甲供范围,ask_user,追问前不高置信,缺参降级,请确认甲供范围是全部材料甲供，还是仅主材甲供、辅材乙供。,不得用默认值替代用户确认,是否进入乙方采购清单,全部
Q18,用户追问模板,专业分包范围,分包采购边界,缺少什么信息,专业分包范围,ask_user,追问前不高置信,缺参降级,请确认该专业分包是否由分包单位自采材料，还是总包仍需采购部分主材。,不得用默认值替代用户确认,是否深拆和采购责任,全部
Q19,用户追问模板,企业辅材口径,辅材输出范围,缺少什么信息,企业辅材口径,ask_user,追问前不高置信,缺参降级,请确认该企业是否输出辅材，例如防水基层处理剂、保温锚栓、网格布、门窗密封胶。,不得用默认值替代用户确认,材料清单粒度,全部
Q20,用户追问模板,按楼栋/阶段拆分,展示拆分维度,缺少什么信息,按楼栋/阶段拆分,ask_user,追问前不高置信,缺参降级,请确认材料清单是否需要按楼栋、施工阶段或采购批次拆分。,不得用默认值替代用户确认,输出展示和采购包,全部
R01,冲突处理,企业习惯 vs 甲供,企业习惯要求输出材料，但清单标记甲供,规则冲突时谁优先,企业习惯要求输出材料，但清单标记甲供,标记材料范围，排除乙方采购量,按优先策略调整,甲供优先,,不得同时执行冲突规则,采购责任优先于材料输出,K08>K03
R02,冲突处理,企业习惯 vs 暂估价,企业习惯要求深拆，但清单为暂估价,规则冲突时谁优先,企业习惯要求深拆，但清单为暂估价,阻断深拆，只输出待确认,按优先策略调整,暂估价优先,确认暂估价是否已转正式采购范围、是否允许拆分为乙供采购材料,不得同时执行冲突规则,暂估价不得默认采购,K05/K08>K03
R03,冲突处理,企业习惯 vs 专业分包,企业习惯有材料粒度，但项目为专业分包,规则冲突时谁优先,企业习惯有材料粒度，但项目为专业分包,只识别范围,按优先策略调整,专业分包优先,,不得同时执行冲突规则,分包采购责任未明,K08>K03
R04,冲突处理,项目类型 vs 清单特征,高层住宅默认剪力墙，但清单写钢结构厂房,规则冲突时谁优先,高层住宅默认剪力墙，但清单写钢结构厂房,按清单专业处理，并提示项目类型冲突,按优先策略调整,清单特征优先,,不得同时执行冲突规则,清单行证据更直接,K04/K05>K01
R05,冲突处理,编码 vs 名称,编码为防水，名称为铝合金窗,规则冲突时谁优先,编码为防水，名称为铝合金窗,不深拆，要求确认,按优先策略调整,触发冲突异常,确认清单编码、项目名称、项目特征哪个为准,不得同时执行冲突规则,基础路由冲突,K04/K05
R06,冲突处理,T2材料候选 vs 项目特征缺失,T2能召回材料，但缺厚度/强度/规格,规则冲突时谁优先,T2能召回材料，但缺厚度/强度/规格,只输出候选和追问,按优先策略调整,缺参降级,补充缺失的厚度、强度、规格、包装或工程量换算参数,不得同时执行冲突规则,换算参数不足,K02/K05>K07
R07,冲突处理,地方损耗 vs 企业损耗,地方默认损耗和企业覆盖不同,规则冲突时谁优先,地方默认损耗和企业覆盖不同,采用企业覆盖，并保留地方默认作参考,按优先策略调整,企业确认规则优先,,不得同时执行冲突规则,企业实际采购口径更高优先,K03/K09>K10>K06
R08,冲突处理,标准损耗 vs 消耗系数已含搭接,T2公式已含搭接，K06又有损耗,规则冲突时谁优先,T2公式已含搭接，K06又有损耗,计算依据注明是否含损耗,按优先策略调整,避免重复,,不得同时执行冲突规则,防止重复加损耗,T2/K07>K06
R09,冲突处理,成品输出 vs 构件拆分,门窗默认成品，企业要求构件拆分,规则冲突时谁优先,门窗默认成品，企业要求构件拆分,按企业规则拆，但要求玻璃/型材/五金参数,按优先策略调整,企业显式规则优先,,不得同时执行冲突规则,粒度由企业决定,K03
R10,冲突处理,主材输出 vs 系统输出,防水/保温可主材也可系统,规则冲突时谁优先,防水/保温可主材也可系统,辅材标记候选或待确认,按优先策略调整,企业习惯优先，无企业规则则主材+候选辅材,确认企业习惯采用主材输出还是系统输出、辅材是否单列,不得同时执行冲突规则,避免多算辅材,K03/K05
R11,冲突处理,单位m² vs 材料采购m³,保温板按m²清单但企业按m³采购,规则冲突时谁优先,保温板按m²清单但企业按m³采购,缺厚度不换算m³,按优先策略调整,厚度必需,,不得同时执行冲突规则,厚度是单位换算桥梁,K07
R12,冲突处理,单位樘 vs 规格缺失,门按樘计量但无尺寸,规则冲突时谁优先,门按樘计量但无尺寸,数量可信，规格低置信,按优先策略调整,可输出樘数，规格待确认,,不得同时执行冲突规则,采购规格不完整,K07/T3
R13,冲突处理,综合项 vs 细项推演,项/宗/系统单位但名称含材料,规则冲突时谁优先,项/宗/系统单位但名称含材料,不计算采购量,按优先策略调整,综合单位优先降级,,不得同时执行冲突规则,综合项范围不明,K05/K07
R14,冲突处理,用户记忆候选 vs 管理员未确认,多次修改已形成候选但未确认,规则冲突时谁优先,多次修改已形成候选但未确认,不得自动改规则,按优先策略调整,只提示建议,,不得同时执行冲突规则,企业规则需确认,K09
R15,冲突处理,低置信材料召回 vs 输出要求,AI召回候选但证据不足,规则冲突时谁优先,AI召回候选但证据不足,不得隐藏低置信原因,按优先策略调整,输出候选并写原因,,不得同时执行冲突规则,可解释性要求,全规则库
E01,端到端样例,高层住宅现浇混凝土墙 C30 m³,主体结构、C30、m³,样例期望AI判断,主体结构、C30、m³,deep_infer,main_material_only,high,无,不拆水泥砂石,C30商品混凝土,D15
E02,端到端样例,现浇混凝土墙 未写强度 m³,主体结构、混凝土、m³、缺C等级,样例期望AI判断,主体结构、混凝土、m³、缺C等级,ask_user,main_material_only,medium,确认强度等级,不得默认C30,混凝土候选,D16
E03,端到端样例,钢筋 HRB400E t,钢筋、t、牌号明确,样例期望AI判断,钢筋、t、牌号明确,deep_infer,main_material_only,high,是否按规格拆分,不得凭空拆直径,HRB400E钢筋,D17
E04,端到端样例,砌块墙 加气块 m³ 缺砂浆等级,砌筑、材质有、砂浆缺,样例期望AI判断,砌筑、材质有、砂浆缺,candidate_infer,system_candidate,medium,确认砂浆类型/强度,砂浆不得高置信定级,加气砌块+砂浆候选,D18
E05,端到端样例,屋面SBS卷材防水 m² 缺厚度,防水、SBS、m²、缺厚度,样例期望AI判断,防水、SBS、m²、缺厚度,candidate_infer,system_candidate,low,确认厚度/层数,不得算卷数高置信,SBS卷材+辅材候选,D19
E06,端到端样例,地下室聚氨酯防水 2mm m²,防水、聚氨酯、2mm,样例期望AI判断,防水、聚氨酯、2mm,candidate_infer,system_candidate,medium,确认遍数/包装,不得忽略厚度,聚氨酯防水涂料,D20
E07,端到端样例,外墙岩棉板保温 m² 缺厚度,保温、岩棉、m²、缺厚度,样例期望AI判断,保温、岩棉、m²、缺厚度,candidate_infer,system_candidate,low,确认厚度/燃烧等级,不得换算m³,岩棉板候选,D21
E08,端到端样例,外墙XPS保温 50mm m²,保温、XPS、厚度明确,样例期望AI判断,保温、XPS、厚度明确,candidate_infer,system_candidate,medium,确认锚栓/辅材口径,辅材按企业规则,XPS板+系统辅材候选,D22
E09,端到端样例,铝合金窗 m² 企业成品输出,门窗、铝合金、m²,样例期望AI判断,门窗、铝合金、m²,deep_infer,main_material_only,high,确认玻璃类型,不拆型材玻璃五金,成品铝合金窗,D23
E10,端到端样例,防火门 樘 缺等级,门窗、防火门、樘,样例期望AI判断,门窗、防火门、樘,candidate_infer,main_material_only,medium,确认甲乙丙级,不得默认甲级,防火门候选,D23/Q12
E11,端到端样例,地砖楼地面 m² 缺规格,楼地面、地砖、m²,样例期望AI判断,楼地面、地砖、m²,candidate_infer,system_candidate,low,确认规格/包装,不得换箱,地砖候选,D24
E12,端到端样例,墙面乳胶漆 m² 缺遍数,涂料、m²、缺遍数,样例期望AI判断,涂料、m²、缺遍数,candidate_infer,system_candidate,low,确认遍数/涂布率,不得高置信kg/桶,腻子/底漆/面漆候选,D25
E13,端到端样例,天棚石膏板吊顶 m²,天棚、吊顶、石膏板,样例期望AI判断,天棚、吊顶、石膏板,candidate_infer,system_candidate,medium,确认龙骨类型/间距,复杂造型需确认,龙骨+石膏板候选,D27
E14,端到端样例,消防工程专业分包 暂估价 项,消防、分包、暂估价,样例期望AI判断,消防、分包、暂估价,block_infer,scope_only,low,确认采购边界,不得深拆消防材料,不输出材料,D07/D12/D13
E15,端到端样例,门窗甲供,门窗、甲供,样例期望AI判断,门窗、甲供,mark_only,scope_only,medium,确认甲供范围,不进乙方采购量,标记成品门窗范围,D10
D31,清单行决策,回填垫层候选推演,回填方、灰土、级配砂石、换填垫层、褥垫层、基础垫层,回填/垫层材料类型和配比是否明确,命中回填或垫层清单,candidate_infer/ask_user,main_material_candidate,材料类型明确且T2公式命中可medium/high；缺材料类型最高low；灰土缺配比不得算石灰,材料类型、灰土比例、压实系数、外购土范围、部位,不得默认回填材料为素土或级配砂石,3:7灰土可候选石灰；素土回填不应输出石灰,MAT-019；PF-BACKFILL_MIX_RATIO；EX-EXT-006
D32,清单行决策,钢结构型钢/钢板判断,钢柱、钢梁、钢屋架、钢平台、钢梯、H型钢、钢板、压型钢板,是否具备钢材牌号、截面型号或板厚,命中钢结构章节或钢构件关键词,candidate_infer,main_material_candidate,单位t且牌号/规格明确可high；缺牌号或截面最高medium；合并制作安装防火防腐最高low,牌号、截面型号、板厚、是否含制作损耗、是否合并防火防腐,不得自动把钢结构吨数拆成任意规格型钢,钢梁Q355B H型钢单位t可输出H型钢候选；缺型号只按材料族候选,MAT-020；PF-STEEL_MATERIAL_GRADE；PF-STEEL_SECTION_MODEL；EX-EXT-001
D33,清单行决策,高强螺栓连接件判断,高强螺栓、扭剪型、大六角、10.9S、8.8S,螺栓连接副规格、等级和数量是否明确,命中高强螺栓关键词或010608章节,candidate_infer/ask_user,main_material_only,规格+性能等级+套数明确可high；缺规格或等级最高medium；缺套数最高low,M规格、性能等级、连接副类型、套数、包装数量,不得按钢材吨数反推螺栓套数,10.9S M20大六角明确时可按套输出,MAT-021；PF-BOLT_PERFORMANCE_GRADE；EX-EXT-002
D34,清单行决策,止水带判断,止水带、止水条、变形缝、施工缝、沉降缝、后浇带,止水材料材质、规格和长度是否明确,命中止水关键词,candidate_infer/ask_user,main_material_candidate,长度+材质+宽厚+卷长明确可high；缺宽厚最高medium；缺长度最高low,材质、类型、宽度、厚度、长度、卷长、部位,不得按防水卷材面积换算止水带,橡胶止水带300×8mm长度明确时可按m/卷输出,MAT-022；PF-STOP_WATER_SPEC；EX-EXT-005
D35,清单行决策,钢结构防火防腐涂料判断,钢结构防火涂料、金属面油漆、防腐涂料、环氧富锌,涂料体系、厚度/遍数和涂布率是否明确,命中防火防腐涂料关键词,candidate_infer/ask_user,system_candidate,面积+厚度/遍数+产品耗量明确可medium/high；缺厚度或涂布率最高low,耐火极限、涂层厚度、体系遍数、涂布率、包装规格,不得用固定kg/m²替代所有涂料体系,厚型非膨胀防火涂料缺厚度时只输出候选,MAT-023；PF-FIREPROOF_COATING_THICKNESS；PF-ANTI_CORROSION_SYSTEM；EX-EXT-003/004
D36,清单行决策,石材/干挂系统判断,花岗岩、大理石、石材墙面、干挂石材、石材踢脚、台阶装饰,石材厚度、面层、安装方式和规格是否明确,命中石材清单,candidate_infer/ask_user,main_material_or_system_candidate,石材主材面积明确可medium/high；干挂系统缺节点参数最高low；缺厚度最高medium,石材品种、厚度、面层、干挂/湿贴、规格、辅材范围,不得把湿贴石材自动拆成干挂系统,干挂石材可候选石材+龙骨+挂件+胶，但挂件用量需确认,MAT-024；PF-STONE_SPEC；EX-EXT-007
D37,清单行决策,金属网/钢丝网判断,钢丝网、镀锌钢丝网、金属网、墙体钢丝网、防火涂料加固网,钢丝网规格和用途是否明确,命中金属网关键词,candidate_infer/ask_user,auxiliary_candidate,面积+丝径+网孔明确可medium/high；缺丝径/网孔最高medium；缺面积最高low,丝径、网孔、镀锌、面积、搭接、用途,不得与耐碱玻纤网格布互相替代,厚型防火涂料中的钢丝网可作为系统辅材候选,MAT-025；PF-METAL_MESH_SPEC；EX-EXT-008
C21,置信度规则,钢结构缺材质或规格,钢结构材料缺牌号/截面/板厚,如何调整置信度,命中钢结构但关键规格缺失,调整置信度,保持原深度或降级,缺任一关键规格最高medium；牌号和截面均缺最高low,牌号、截面型号、板厚,不得默认规格,单位t可保留材料族候选,EX-EXT-001
C22,置信度规则,涂料缺厚度/遍数/涂布率,防火涂料、防腐涂料、金属面油漆,如何调整置信度,缺厚度、耐火极限、遍数或涂布率,调整置信度,保持原深度或降级,缺耗量参数不得高于low；仅缺包装不得换桶但可输出kg候选,厚度、遍数、涂布率、包装,不得固定kg/m²,钢结构防火涂料需按产品参数复核,EX-EXT-003/004
C23,置信度规则,回填缺材料类型或配比,回填、灰土、级配砂石、垫层,如何调整置信度,缺材料类型或灰土比例,调整置信度,保持原深度或降级,缺材料类型最高low；灰土缺配比不得计算石灰用量,材料类型、灰土比例、压实要求,不得默认回填材料,回填方可能没有采购材料，也可能是外购土/级配砂石,EX-EXT-006
C24,置信度规则,止水材料缺规格,止水带、止水条,如何调整置信度,缺宽度、厚度、类型、长度或卷长,调整置信度,保持原深度或降级,缺宽厚最高medium；缺长度最高low；缺卷长不得换卷,材质、宽度、厚度、长度、卷长,不得按面积换算,只识别止水带候选，不生成卷数,EX-EXT-005
C25,置信度规则,石材安装方式缺失,石材、花岗岩、大理石、干挂、湿贴,如何调整置信度,缺安装方式或厚度,调整置信度,保持原深度或降级,主材面积可medium；干挂系统辅材缺节点参数最高low,厚度、安装方式、面层、辅材范围,不得自动干挂化,石材板可候选，挂件/龙骨需另确认,EX-EXT-007
C26,置信度规则,金属网缺规格,钢丝网、金属网、镀锌钢丝网,如何调整置信度,缺丝径、网孔、面积或搭接,调整置信度,保持原深度或降级,缺丝径/网孔最高medium；缺面积最高low；缺包装不得换卷,丝径、网孔、面积、搭接、包装,不得与玻纤网格布互换,厚型防火涂料钢丝网只做系统候选,EX-EXT-008
C27,置信度规则,制作安装防火防腐合并项,制作安装、防火防腐、综合考虑、包含全部,如何调整置信度,钢结构清单合并多个工程任务,调整置信度,scope_only/system_candidate,最高low，必须拆任务后再计算材料,各任务边界、材料责任、工程量拆分、分包范围,不得直接生成单一采购量,制作安装防火防腐合并时先标记风险,EX-EXT-009
D38,清单行决策,工业/车库地坪证据不足,环氧地坪、耐磨地坪、金刚砂、固化剂、车库地坪,是否具备足够证据深拆地坪材料,命中地坪关键词但本地映射或参数不完整,mark_only/ask_user,scope_only,最高low，待补T2/T3/N1或厂家耗量后才可算量,地坪体系、厚度、遍数、材料耗量、厂家资料、分包范围,不得凭经验生成环氧树脂、金刚砂或固化剂采购量,地下车库环氧地坪先标记地坪工程范围和知识缺口,PF-FLOORING_SYSTEM_EVIDENCE_GAP；EX-EXT-011
D39,清单行决策,压型钢板/金属屋墙面板,压型钢板、彩钢板、金属屋面板、楼承板,板型、厚度、涂层和芯材是否明确,命中金属板材清单,candidate_infer/ask_user,main_material_candidate,面积+板型+厚度明确可medium/high；缺板型或厚度最高medium；夹芯缺芯材最高low,板型、厚度、涂层、芯材、搭接率、定尺,不得默认夹芯或默认板型,压型钢板YX51-760可按m²输出；彩钢板缺板型只候选,MAT-026；PF-PROFILED_STEEL_PLATE_SPEC；EX-EXT-012
D40,清单行决策,嵌缝密封材料判断,嵌缝、密封胶、硅酮胶、沥青油膏、接缝、伸缩缝,胶型、缝长和缝截面参数是否明确,命中嵌缝/密封材料,candidate_infer/ask_user,auxiliary_candidate,胶型+缝长+缝宽深明确可medium；按面积项缺缝参数最高low,胶型、缝长、缝宽、缝深、包装容量、背衬材料,不得按防水面积高置信换支数,屋面卷材嵌缝油膏可按候选kg输出，支数需包装参数,MAT-027；PF-SEALANT_JOINT_SPEC；EX-EXT-013
D41,清单行决策,栏杆扶手/玻璃栏板判断,扶手、栏杆、栏板、不锈钢扶手、玻璃栏板、护窗栏杆、阳台栏杆、楼梯栏杆、临边防护栏杆、防护栏杆,栏杆是永久装饰构件、成品系统、构件拆分，还是临时措施/周转材料,命中011503栏杆扶手清单，或名称命中栏杆/扶手/栏板；若同时命中临边/施工防护则优先转措施边界,candidate_infer/ask_user,main_material_or_system_candidate,永久成品口径明确可medium/high；缺材质/规格/高度最高medium；缺工程量最高low；临边防护缺企业措施输出规则时最高low,永久或临时、成品/构件口径、材质、管径/壁厚、高度、玻璃厚度、长度面积、节点锚固、措施租赁或专业分包,不得默认拆不锈钢管、玻璃和锚栓；不得把临边防护栏杆按永久装饰栏杆输出,不锈钢扶手明确时可输出不锈钢管候选；玻璃栏板需玻璃厚度；临边防护栏杆只标记措施/周转范围,MAT-028；PF-HANDRAIL_BALUSTRADE_SPEC；EX-EXT-014
D42,清单行决策,踢脚线/装饰线条判断,踢脚线、踢脚板、木踢脚、石材踢脚、装饰线条,材质、长度和规格是否明确,命中踢脚线或线条清单,candidate_infer/ask_user,main_material_candidate,材质+长度明确可medium/high；缺材质最高medium；缺长度最高low,材质、高度、厚度、长度、是否成品、安装方式,不得用默认材质替代,石材踢脚按m输出，异形加工另确认,MAT-029；PF-DECOR_LINE_SKIRTING_SPEC；EX-EXT-015
C28,置信度规则,本地证据链不足,T2/T3/N1至少两类未命中,如何调整置信度,材料族缺少稳定映射或产品标准,调整置信度,scope_only/candidate,最高low，只能提示知识缺口和待补字段,补充正式清单、产品资料、企业采购历史或地方定额来源,不得用常识补齐消耗量,环氧/金刚砂/固化剂当前先不深拆,S006/S007/S008/S009
C29,置信度规则,金属板材缺板型厚度,压型钢板/彩钢板缺板型或厚度,如何调整置信度,缺板型、厚度、涂层、芯材,调整置信度,保持原深度或降级,缺板型/厚度最高medium；夹芯缺芯材最高low,板型、厚度、涂层、芯材,不得默认夹芯,彩钢板缺参数只输出候选,EX-EXT-012
C30,置信度规则,密封胶缺缝参数,嵌缝/密封胶缺缝长宽深,如何调整置信度,缺缝长、缝宽、缝深或包装,调整置信度,保持原深度或降级,缺缝截面最高low；缺包装不得换支/桶,缝长、缝宽、缝深、包装,不得面积换支,可输出胶型候选，不能算支数,EX-EXT-013
C31,置信度规则,栏杆成品/构件/措施口径不明,栏杆扶手缺成品或构件拆分口径，或命中临边防护但缺措施输出口径,如何调整置信度,缺永久/临时属性、材质、规格、高度、输出口径、节点参数或措施租赁口径,调整置信度,保持原深度或降级,永久栏杆缺材质/规格最高medium；缺工程量最高low；临边防护缺措施规则只标记范围，不输出高置信采购量,永久或临时、成品/构件口径、规格、高度、长度面积、节点参数、措施材料是否输出,不得默认拆构件；不得将措施周转材料按一次性损耗采购,按企业习惯决定永久栏杆成品或构件输出；临边防护需企业启用措施材料输出后再计算,EX-EXT-014；BOUND-措施项目-模板脚手架
C32,置信度规则,踢脚线缺材质或长度,踢脚线缺材质/长度,如何调整置信度,缺材质、高度或长度,调整置信度,保持原深度或降级,缺材质最高medium；缺长度最高low,材质、高度、厚度、长度,不得默认木/石材/金属,只输出线条候选,EX-EXT-015
D43,清单行决策,轻质墙板判断,轻质墙板、轻质隔墙板、GRC板、ALC板、条板、嵌缝砂浆,轻质墙板是否可按成品板输出，嵌缝砂浆是否单列,命中010404轻质墙板或名称关键词,candidate_infer/ask_user,main_material_candidate,墙板材质+面积明确可medium/high；缺厚度或规格最高medium；嵌缝范围缺失只候选,墙板材质、厚度、板型规格、嵌缝材料、辅材是否单列,不得按砌块墙或石膏板隔墙规则替代,轻质隔墙板可按m²成品板输出，嵌缝砂浆由企业习惯决定是否单列,MAT-030；PF-LIGHT_WALL_PANEL_SPEC；EX-AUTO-001
C33,置信度规则,轻质墙板缺规格或辅材范围,轻质墙板缺厚度/规格/嵌缝材料,如何调整置信度,缺墙板厚度、规格、安装方式或嵌缝材料范围,调整置信度,保持原深度或降级,主材候选最高medium；嵌缝辅材缺范围最高low,厚度、规格、嵌缝材料、辅材是否单列,不得高置信输出嵌缝砂浆采购量,只输出成品板候选并要求确认辅材口径,EX-AUTO-001
D44,清单行决策,PVC/塑胶地板判断,橡塑面层、塑胶地板、PVC地板、橡胶地板、同质透心地板,PVC/塑胶地板是否可按成品面层输出，辅材是否具备深拆条件,命中011103橡塑面层或名称关键词,candidate_infer/ask_user,main_material_candidate,面积+厚度+结构类型明确可medium/high；缺厚度或耐磨等级最高medium；辅材缺做法最高low,厚度、结构类型、耐磨等级、卷材规格、辅材是否单列,不得误拆为地砖、木地板或环氧地坪材料,同质透心塑胶地板2mm可按m²成品面层候选；缺卷材规格不得换卷,MAT-031；PF-PVC_FLOORING_SPEC；EX-AUTO-002
C34,置信度规则,PVC/塑胶地板缺厚度或卷材规格,PVC地板缺厚度、耐磨等级、卷材宽度/长度,如何调整置信度,缺厚度、结构类型、耐磨等级或卷材规格,调整置信度,保持原深度或降级,主材面积候选最高medium；缺卷材规格不得换卷；辅材缺产品耗量最高low,厚度、耐磨等级、卷材宽度长度、辅材产品耗量,不得高置信输出卷数或辅材采购量,可输出m²成品地板候选，卷数和辅材另确认,EX-AUTO-002
D45,清单行决策,防火卷帘/特种门窗判断,防火卷帘、卷帘门、防火窗、特种门、保温门、隔音门、防射线门、消防联动,是否按成品范围识别，采购责任和控制系统边界是否明确,命中010803/010804/010807或相关名称关键词,candidate_infer/ask_user,finished_product_candidate,类型+尺寸+等级明确可medium/high；采购责任或联动边界不清最高low/medium,防火等级、尺寸、采购责任、是否含电机控制、是否消防联动,不得拆帘片、电机、控制箱、导轨等构件采购量,钢质防火卷帘门按m²成品候选；消防联动范围需采购责任确认,MAT-032；PF-FIRE_SHUTTER_SPECIAL_DOOR_SPEC；EX-AUTO-003
C35,置信度规则,防火卷帘/特种门窗采购责任不清,防火卷帘或特种门窗缺采购责任/专业边界,如何调整置信度,缺采购责任、消防联动范围、专业分包边界或防火等级,调整置信度,scope_only/finished_product_candidate,采购责任不清最高medium；消防联动或专业分包不清最高low；缺防火等级不得高置信规格输出,采购责任、分包范围、防火等级、尺寸、是否含控制系统,不得计入乙方采购量或深拆控制系统,先标记范围和待确认，不生成电机/控制箱采购量,EX-AUTO-003；RESP-PR_EXT_025
D46,清单行决策,坡屋面瓦/木基层判断,瓦屋面、屋面瓦、水泥瓦、彩瓦、挂瓦条、顺水条、屋面木基层、防水层,屋面瓦主材和木基层/防水辅材边界是否明确,命中010901屋面或010703屋面木基层关键词,candidate_infer/ask_user,main_material_or_system_candidate,瓦材类型+面积明确可medium/high；木基层或防水层边界不清时系统辅材最高low,瓦材类型、规格、基层做法、挂瓦条/顺水条、防水层、采购责任,不得把瓦屋面高置信拆成全套屋面系统材料,水泥彩瓦可按m²成品瓦候选；挂瓦条、防水卷材需做法和责任确认,MAT-033；PF-SLOPED_ROOF_TILE_SPEC；EX-AUTO-004
C36,置信度规则,坡屋面瓦缺做法或采购责任,瓦屋面缺瓦材类型、基层做法、防水层或采购责任,如何调整置信度,缺瓦材类型、木基层做法、防水厚度或分包边界,调整置信度,main_material_candidate/system_candidate,主瓦候选最高medium；木基层/防水层缺做法最高low；采购责任不清不得进入乙方采购量,瓦材类型、基层做法、防水层厚度、分包/甲供范围,不得按地砖、普通防水或木基层默认规则替代,缺节点做法时只输出屋面瓦候选和待确认项,EX-AUTO-004；RESP-PR_EXT_026
D47,清单行决策,门窗收口成品配件判断,010808、010809、010810、门窗套、窗台板、窗帘轨、窗帘盒、套线、筒子板、门窗收口,收口配件是否独立列项，是否应并入成品门窗或装修分包,命中门窗套/窗台板/窗帘轨章节或名称，或普通门窗清单备注含收口配件,candidate_infer/ask_user,main_material_candidate,编码和尺寸明确可medium/high；缺材质、长度或采购责任最高medium；仅普通门窗外推最高low,材质、规格、长度或展开尺寸、是否成品、是否并入门窗、采购责任,不得从普通门窗自动生成收口配件；不得把布艺窗帘/百叶帘深拆为土建采购材料,010809窗台板可输出人造石/石材窗台板候选；010810仅明确窗帘轨时输出轨道，不输出窗帘软装,MAT-034；PF-WINDOW_TRIM_SILL_TRACK_SPEC；EX-AUTO-005
C37,置信度规则,门窗收口缺参数或疑似并入主项,门窗套/窗台板/窗帘轨缺材质、缺长度、备注包含门窗收口、随门窗安装、含全部收口,如何避免收口配件重复计量或高置信误拆,缺材质、规格、长度、展开尺寸、采购责任，或普通门窗清单同时命中收口描述,调整置信度,candidate_or_mark_only,独立清单且尺寸明确最高high；缺参数最高medium；疑似并入成品门窗或装修分包时只标记范围，采购量最高low,是否独立采购、是否重复包含在成品门窗、材质规格、长度或展开尺寸、甲供/分包范围,不得重复输出成品门窗和门窗套线；不得在证据缺口下生成窗帘软装采购量,“铝合金窗含窗边收口”只提示确认，不新增门窗套线采购量,EX-AUTO-005；RESP-PR_EXT_027
D48,清单行决策,雨篷/采光顶/阳光板屋面判断,011506、010901、雨篷、雨棚、玻璃雨篷、采光顶、阳光板屋面、钢结构雨篷、幕墙,该清单是普通雨篷主面板，还是采光顶/幕墙/钢结构系统,命中雨篷旗杆装饰柱或屋面采光顶关键词,candidate_infer/ask_user,main_material_or_scope_only,普通玻璃雨篷面板类型、厚度和面积明确可medium/high；采光顶、幕墙或钢结构支承边界不清时最高medium；缺节点最高low,面板类型、厚度、面积、支承结构、连接件、密封胶、防水收边、专业分包/甲供/暂估价,不得把采光顶默认拆成单片钢化玻璃；不得缺节点估算型钢、锚栓、螺栓和密封胶,011506普通玻璃雨篷可输出玻璃主面板候选；010901玻璃采光顶先标记系统范围并追问专业分包,MAT-035；PF-CANOPY_SKYLIGHT_SYSTEM_SPEC；EX-AUTO-006
C38,置信度规则,雨篷采光顶缺系统参数,雨篷/采光顶缺厚度、缺支承结构、缺节点做法、命中幕墙或专业分包,如何限制置信度和采购量输出,缺面板厚度、支承结构、连接件、密封缝长、防水收边、采购责任任一关键字段,调整置信度,candidate_or_mark_only,面板主材缺厚度最高medium；支承钢结构/连接件/密封胶缺节点最高low；专业分包/暂估价/甲供只标记范围,面板类型和厚度、支承结构、节点数量、密封缝长、防水收边、采购责任,不得在关键参数缺失时输出高置信采购量；不得覆盖采购责任硬阻断,“玻璃采光顶，详见图纸”只输出风险和待确认，不自动列型钢/玻璃/密封胶采购量,EX-AUTO-006；RESP-PR_EXT_028
D49,清单行决策,招牌灯箱/美术字/标识广告判断,011507、011508、招牌、灯箱、广告牌、美术字、发光字、亚克力字、不锈钢字、标识、LED显示,该清单是主面板材料候选、定制成品，还是发光/标识专业系统,命中招牌灯箱、美术字、标识广告关键词,candidate_infer/ask_user,custom_finished_or_main_material_candidate,材质、面积/字数和是否发光明确可medium；项/套单位、品牌定制或发光系统最高medium；缺规格或电气边界最高low,材质、面积或字数、字高、厚度、是否发光、电源控制、安装基层、品牌定制、专业分包/甲供/暂估价,不得默认拆LED、电源、控制器和线路；不得把定制服务拆成通用材料高置信采购量,011507普通亚克力灯箱可输出亚克力板候选；发光字需确认电气系统和专业分包,MAT-036；PF-SIGNAGE_LIGHTBOX_CUSTOM_SPEC；EX-AUTO-007
C39,置信度规则,标识广告缺定制和电气参数,招牌/灯箱/美术字缺材质、缺规格、项/套单位、发光字、LED显示、品牌定制,如何限制置信度和采购量输出,缺面积、字数、字高、材质、是否发光、专业分包或采购责任任一关键字段,调整置信度,candidate_or_mark_only,主面板缺面积或字数最高low；发光电气缺深化只标记范围；专业分包/暂估价/甲供只标记范围,材质、规格、面积/字数、发光系统、电源控制、采购责任,不得在关键参数缺失时输出高置信采购量；不得覆盖采购责任硬阻断,“发光字，详见设计”只输出风险和待确认，不自动列LED、电源和控制器,EX-AUTO-007；RESP-PR_EXT_029
D50,清单行决策,柜架台/暖气罩成品家具与现场木作判断,011501、011504、柜、架、台、展示柜、货架、服务台、接待台、收银台、吧台、成品柜、装饰柜、全屋定制、暖气罩、散热器罩、现场木作、细木工板,该清单是成品家具/定制服务，还是可按现场木作板材候选,命中011501/011504或柜架台/暖气罩关键词,candidate_infer/ask_user,finished_furniture_mark_or_main_board_candidate,现场木作、板材、尺寸和工程量明确可medium；成品家具/全屋定制/厂家定制最高medium且按成品范围；缺成品口径、尺寸、板材或采购责任最高low,成品或现场制作、板材和厚度、饰面、面积或长宽高、五金明细、固定节点、是否含安装、甲供/分包/暂估价,不得默认拆细木工板、饰面板、五金、胶漆和锚栓；不得把台/套/项单位硬换算为板材采购量,“成品展示柜”只标记成品范围；“现场制作暖气罩，细木工板基层，面积明确”可输出细木工板候选,MAT-037；PF-CABINET_COUNTER_WOODWORK_SPEC；EX-AUTO-008
C40,置信度规则,柜架台成品/木作口径不明,成品柜/展示柜/服务台/接待台/全屋定制/暖气罩缺成品或现场木作口径，或缺尺寸、板材、五金、采购责任,如何限制柜架台和暖气罩的材料拆解置信度,缺成品或现场制作口径、面积或长宽高、板材厚度、五金明细、固定节点、采购责任任一关键字段,调整置信度,candidate_or_mark_only,成品/定制清单只标记范围最高medium；现场木作缺板材或尺寸最高low；五金/锚栓缺节点数量不得输出采购量,成品或现场制作、尺寸、板材、饰面、五金、锚固节点、采购责任,不得在关键参数缺失时输出高置信采购量；不得覆盖甲供、暂估价、专业分包阻断,“柜、架、台，详见深化图”只输出风险和待确认，不自动列细木工板、铰链和拉手,EX-AUTO-008；RESP-PR_EXT_030；S022
D51,清单行决策,浴厕配件镜面与卫浴五金判断,011505、浴厕配件、镜箱、镜面玻璃、银镜、镜子、浴巾架、肥皂盒、手纸盒、给皂器、喷香机、卫浴五金、卫生洁具,该清单是可按镜面主材候选，还是卫浴五金/洁具成品套件范围,命中011505或浴厕配件/镜面/卫浴五金关键词,candidate_infer/ask_user,mirror_candidate_or_accessory_scope_only,银镜/镜面玻璃且面积厚度明确可medium；成品镜箱或卫浴五金套件最高medium；仅写浴厕配件、项单位或分包/甲供最高low,配件类型、镜面面积、镜厚、数量、规格型号、材质、是否成套、是否含安装、甲供/分包/暂估价,不得默认输出全套卫浴五金、花洒和地漏；不得用项单位高置信换算采购量,“银镜5mm m²”可输出镜面候选；“浴厕配件一批，详见样板”只标风险和待确认,MAT-038；PF-BATH_ACCESSORY_MIRROR_HARDWARE_SPEC；EX-AUTO-009
C41,置信度规则,浴厕配件合并项或卫浴五金缺规格,浴厕配件缺配件清单、镜箱缺尺寸、卫浴五金缺型号数量、精装修分包、甲供洁具、项/套综合单位,如何限制浴厕配件和卫浴五金的材料拆解置信度,缺配件类型、面积或数量、镜厚、型号、材质、成套范围、采购责任任一关键字段,调整置信度,candidate_or_mark_only,镜面缺面积最高low；卫浴五金缺型号数量只标范围；命中甲供/暂估价/专业分包强制只标记,配件明细、镜面尺寸、数量、规格材质、成套范围、采购责任,不得在关键参数缺失时输出高置信采购量；不得覆盖甲供、暂估价、专业分包阻断,“卫生间五金，甲供”只标甲供范围，不列乙方采购材料,EX-AUTO-009；RESP-PR_EXT_031；S023
