记录ID,记录类型,地区或来源,适用规则,差异或说明,AI动作,置信度或权威等级,使用限制,来源位置,启用状态
S001,核验来源,GB/T50500-2024《建设工程工程量清单计价标准》住建部公告,确认GB/T50500-2024标准编号、发布主体、实施日期和替代关系,可用于确认标准有效性；具体边界需配合正式文本或目录来源,作为证据来源,主管部门公告,与正式出版文本/工标库目录、K04编制实务规则、K08采购责任规则交叉核验,https://www.mohurd.gov.cn/gongkai/zc/wjk/art/2024/art_6186304e164c4c4982904f8734983235.html,是
S002,核验来源,GB/T50854-2024《房屋建筑与装饰工程工程量计算标准》住建部公告,确认GB/T50854-2024标准编号、发布主体、实施日期和替代关系,可用于确认标准有效性；章节和计量边界需配合正式文本或目录来源,作为证据来源,主管部门公告,与T1分部代码路由、工标库目录、K04编制实务规则交叉核验,https://www.mohurd.gov.cn/gongkai/zc/wjk/art/2024/art_c713a0ba3ee241de91d00ba70a031312.html,是
S003,核验来源,GB/T50500-2024 工标库目录页,辅助核对清单计价标准目录中暂列金额、暂估价、总承包服务费、发包人提供材料、承包人提供材料等章节存在,不可单独使用,作为证据来源,辅助来源,必须与S001住建部公告或正式出版文本配套,https://www.gongbiaoku.com/read/o8p264613z7?secId=0r01081403pa8,是
S004,核验来源,GB/T50854-2024 工标库目录页,辅助核对房建装饰标准附录章节，如土石方、砌筑、混凝土、门窗、防水、保温、楼地面、墙柱面、天棚等,不可单独使用,作为证据来源,辅助来源,必须与S002住建部公告、T1分部代码路由交叉核验,https://www.gongbiaoku.com/read/dcm26460lul?secId=dvc1081244o9o,是
S005,核验来源,本地T1分部代码路由,清单编码前缀、分部章节、典型清单项、关键词路由,可与S002交叉后用于章节路由,作为证据来源,本地已整理知识,与T2映射、GB/T50854-2024章节目录交叉核验,01_房屋建筑与装饰工程/CSV导出/01_t1_分部代码路由.csv,是
S006,核验来源,本地T2清单材料映射,材料候选、材料角色、物料ID、消耗量公式、供应方式、验证状态,已标记VERIFIED的行可增强置信度，未验证行只作候选,作为证据来源,本地已整理知识,与T3物料库、N1规范索引、地方定额来源引用交叉核验,01_房屋建筑与装饰工程/CSV导出/02_t2_清单材料映射.csv,是
S007,核验来源,本地T3标准物料库,标准材料名、别名、采购单位、包装规格、规格参数、标准代号、品类树节点,可用于材料标准化和别名归一,作为证据来源,本地已整理知识,与N1国家规范索引、品类树、T2物料ID交叉核验,01_房屋建筑与装饰工程/CSV导出/03_t3_标准物料库.csv,是
S008,核验来源,本地N1国家规范索引,材料产品标准、施工/验收/设计规范、实施日期、替代关系,可用于标准代号匹配；具体参数需查N3/N4/N6或原文,作为证据来源,本地规范索引,与T3标准代号、材料规格JSON中的source_standard交叉核验,03_国家规范库/N1_国家规范索引.csv,是
S009,核验来源,品类树损耗率覆盖明细,采购损耗率默认值、来源等级、来源引用、适用/不适用口径,高/中置信且有来源引用的损耗可用；经验估算不得高置信,作为证据来源,本地校准资料,与K06损耗率范围库、T3品类树标准损耗率交叉核验,05_品类树损耗率/损耗率覆盖明细.csv,是
S010,核验来源,广东省房屋建筑与装饰工程综合定额（2018）政府公开页,广东地方定额来源、适用范围、地方差异规则,可用于广东地区差异规则来源，不直接替代企业实际消耗,作为证据来源,省级政府门户,与S011 PDF、K10地方差异、品类树损耗来源交叉核验,https://www.gd.gov.cn/zwgk/wjk/zcfgk/content/post_4095070.html,是
S011,核验来源,广东省建设工程计价依据PDF,广东2018综合定额总说明、适用范围、编制依据,可用于广东地方规则来源,作为证据来源,省级政府附件,与S010政府公开页、现有省份适配表交叉核验,https://www.gd.gov.cn/attachment/0/381/381880/2721956.pdf,是
S012,核验来源,陕西省房屋建筑与装饰工程消耗量定额征求意见PDF,仅用于陕西项目划分、章节结构和编制依据的候选校对,不可直接用于高置信消耗量规则,作为证据来源,征求意见稿,需等待陕西正式发布文件或本地定额原文复核,https://js.shaanxi.gov.cn/hdjl/dczj/202409/P020241212648220592832.pdf,是
S013,核验来源,北京市2025概算消耗量标准通知,辅助确认京建发〔2025〕533号、施行日期和概算消耗量标准口径,不可单独用于高置信消耗量规则,作为证据来源,辅助来源,需与北京市住建委官网附件或本地原文交叉核验,https://www.bcebca.org.cn/ShowPolicy.aspx?id=14912,是
S014,核验来源,本地省份适配配置与材料规则,地方规则入口、地区气候和材料调整候选,需绑定地方正式来源后再高置信使用,作为证据来源,本地规则,与地方政府公开资料、T2来源引用、K10地方差异交叉核验,省份适配/CSV导出/06_province_config.csv；省份适配/CSV导出/07_province_material_rules.csv,是
S015,核验来源,本次业务需求确认,企业习惯、输出范围、用户确认记忆等产品逻辑,可用于产品行为，不作为行业事实,作为证据来源,产品规则,与K03/K08/K09和端到端测试交叉核验,会话需求：不重复材料分类/别名/审核翻译库，只补K01-K10；甲供/暂估价/专业分包不默认深拆,是
BJ_2025_CONSUMPTION_REFERENCE,地方差异,北京,material_loss_rate_rule,北京定额口径可作为房建常用消耗量和损耗校核来源之一。,use_as_reference_when_region_matches,0.5,未绑定正式地方来源时只作候选，不覆盖采购责任,preset_placeholder,是
SX_LOCAL_EXPRESSION_ALIAS,地方差异,陕西,project_feature_library,部分清单可能使用地方习惯名称，需要通过材料别名库识别。,consult_alias_library_first,0.45,未绑定正式地方来源时只作候选，不覆盖采购责任,preset_placeholder,是
GD_GREEN_BUILDING_CONTEXT,地方差异,广东,project_feature_library,节能、绿色建筑等级可能影响门窗玻璃和保温材料确认。,request_energy_saving_parameters_when_missing,0.45,未绑定正式地方来源时只作候选，不覆盖采购责任,preset_placeholder,是
S019,核验来源,国家标准公开系统/全国标准信息公共服务平台：钢结构材料题录,MAT-020、MAT-021、PF-STEEL_MATERIAL_GRADE、PF-STEEL_SECTION_MODEL、PF-BOLT_PERFORMANCE_GRADE,用于核验GB/T11263-2024、GB/T706-2016、GB/T709-2019、GB/T1231-2024等标准代号和题录状态；条文参数仍以正式文本或本地N1抽取为准。,作为证据来源,官方题录,只核验标准代号/名称/状态，不直接引用条文或消耗量,https://openstd.samr.gov.cn/bzgk/gb/,是
S020,核验来源,国家标准公开系统/全国标准信息公共服务平台：防火、防水、石材题录,MAT-022、MAT-023、MAT-024、PF-STOP_WATER_SPEC、PF-FIREPROOF_COATING_THICKNESS、PF-STONE_SPEC,用于核验GB/T18173.2-2014、GB14907-2018、GB/T18601-2024等标准代号和题录状态；实际材料参数需结合T3、N1和项目技术要求。,作为证据来源,官方题录,只作为标准题录交叉证据，不替代正式标准文本和产品技术资料,https://openstd.samr.gov.cn/bzgk/gb/,是
S021,核验来源,本地证据缺口记录：工业/车库地坪体系,PF-FLOORING_SYSTEM_EVIDENCE_GAP、EX-EXT-011、D38、C28,本地损耗表仅命中地坪大类，N1当前命中PVC地板标准，未形成环氧地坪、金刚砂、密封固化剂的T2-T3-N1完整证据链。,mark_gap_and_ask_user,证据缺口,不得据此自动生成地坪材料采购量；后续需补产品标准、厂家耗量或地方定额来源,05_品类树损耗率/损耗率覆盖明细.csv；03_国家规范库/N1_国家规范索引.csv,是
S022,核验来源,本地证据缺口记录：柜架台成品家具与现场木作,PF-CABINET_COUNTER_WOODWORK_SPEC、EX-AUTO-008、MAT-037、D50、C40,本地T2命中011501/011504到细木工板映射，T3命中细木工板和锚栓，品类树同时存在木作板材8%与成套家具0%口径；当前N1未命中柜体/家具专用产品标准，因此成品家具和全屋定制只能按范围或成品口径标记，现场木作才可候选板材。,mark_gap_and_ask_user,证据缺口,不得据此自动生成成品家具的板材、五金、胶漆或锚栓采购量；后续需补家具/柜体产品标准、厂家清单或地方定额来源,01_房屋建筑与装饰工程/CSV导出/02_t2_清单材料映射.csv:MAP-S013/MAP-S017；03_t3_标准物料库.csv:MAT-WOO-003/MAT-PRE-002；05_品类树损耗率/损耗率覆盖明细.csv:1410/1415/1777/1778/1783/1784/1786/10007,是
S023,核验来源,本地证据缺口记录：浴厕配件镜面与卫浴五金,PF-BATH_ACCESSORY_MIRROR_HARDWARE_SPEC、EX-AUTO-009、MAT-038、D51、C41,本地T2仅命中011505浴厕配件到镜子(银镜)5mm，T3命中镜子和镜面玻璃；浴巾架、肥皂盒、手纸盒等卫浴五金小件当前缺T3标准物料和稳定数量公式。N1只局部命中花洒、地漏题录，不能支撑从浴厕配件默认外推。,mark_gap_and_ask_user,证据缺口,不得据此自动生成浴巾架、肥皂盒、手纸盒、花洒、地漏、给皂器等采购量；后续需补卫浴五金T3物料、厂家清单、地方定额或项目样板清单,01_房屋建筑与装饰工程/CSV导出/02_t2_清单材料映射.csv:MAP-S018；03_t3_标准物料库.csv:MAT-GLA-004/MAT-GLS-001；03_国家规范库/N1_国家规范索引.csv:GB/T23447-2023/GB/T27710-2020；05_品类树损耗率/损耗率覆盖明细.csv:36/1430/1554/1555/1558/35,是
