分部编码,专业类型,分部名称,子目名称,典型清单项,关键词,定额章节,有材料标记
010102,土建,土石方工程,基础土石方,"[""挖基坑土方"",""挖沟槽土方"",""挖冻土"",""挖淤泥流砂"",""挖基坑石方"",""挖沟槽石方"",""回填方""]","[""回填方"",""挖基坑"",""挖沟槽"",""挖冻土"",""挖淤泥"",""石方""]",第1章,1
010201,土建,地基处理与边坡支护工程,地基处理,"[""换填垫层"",""预压地基"",""强夯地基"",""振冲密实地基"",""填料桩复合地基"",""水泥粉煤灰碎石桩复合地基""]","[""不填料"",""填料桩"",""复合地基"",""强夯地基"",""振冲"",""换填垫层"",""旋喷桩"",""水泥土搅拌桩"",""褥垫层"",""预压地基""]",第2章,1
010202,土建,地基处理与边坡支护工程,基坑与边坡支护,"[""地下连续墙"",""型钢水泥土搅拌墙"",""咬合灌注桩"",""木制桩"",""预制钢筋混凝土板桩"",""型钢桩"",""钢板桩""]","[""冠梁"",""咬合灌注桩"",""喷射混凝土"",""土钉"",""地下连续墙"",""型钢桩"",""型钢水泥土搅拌墙"",""木制桩"",""泥浆外运"",""混凝土板桩""]",第2章,1
010301,土建,桩基工程,预制桩,"[""预制钢筋混凝土实心桩"",""预制钢筋混凝土空心桩"",""钢管桩"",""静钻根植桩"",""截(凿)桩头""]","[""桩头"",""混凝土实心桩"",""混凝土空心桩"",""钢管桩"",""静钻根植桩"",""预制钢筋""]",第3章,1
010302,土建,桩基工程,灌注桩,"[""泥浆护壁成孔灌注桩"",""沉管灌注桩"",""干作业机械成孔灌注桩"",""爆扩成孔灌注桩"",""钻孔压灌桩"",""灌注桩后注浆""]","[""声测管"",""干作业机械成孔灌注桩"",""成孔灌注桩"",""沉管灌注桩"",""泥浆护壁"",""灌注桩后注浆"",""爆扩成孔灌注桩"",""钻孔压灌桩""]",第3章,1
010401,土建,砌筑工程,砖砌体,"[""砖基础"",""实心砖墙"",""多孔砖墙"",""空心砖墙"",""实心砖柱"",""多孔砖柱""]","[""地坪"",""多孔砖墙"",""多孔砖柱"",""实心砖墙"",""实心砖柱"",""明沟"",""砖地沟"",""砖基础"",""砖散水"",""砖检查井"",""空心砖墙"",""贴砌砖墙""]",第4章,1
010402,土建,砌筑工程,砌块砌体,"[""砌块墙"",""砌块柱""]","[""砌块墙"",""砌块柱""]",第4章,1
010403,土建,砌筑工程,石砌体,"[""石基础"",""石勒脚"",""石墙"",""石挡土墙"",""石柱"",""石栏杆""]","[""明沟"",""石勒脚"",""石台阶"",""石地沟"",""石坡道"",""石基础"",""石墙"",""石护坡"",""石挡土墙"",""石柱"",""石栏杆""]",第4章,1
010404,土建,砌筑工程,轻质墙板,"[""轻质墙板"",""轻质保温一体墙板""]","[""轻质保温一体墙板"",""轻质墙板""]",第4章,1
010501,土建,混凝土及钢筋混凝土工程,基础及楼地面垫层,"[""基础垫层"",""楼地面垫层""]","[""基础垫层"",""楼地面垫层""]",第5章,1
010502,土建,混凝土及钢筋混凝土工程,现浇混凝土构件,"[""独立基础"",""条形基础"",""筏形基础"",""设备基础"",""基础联系梁"",""钢筋混凝土柱"",""钢筋混凝土梁"",""实心楼板"",""钢筋混凝土墙""]","[""其他板"",""内置筒芯"",""内置箱体"",""劲性钢筋"",""劲性钢筋混凝土柱"",""化粪池"",""台阶"",""后浇带"",""圈梁"",""地下室外墙"",""地坪"",""地沟"",""矩形柱"",""框架柱"",""构造柱"",""框架梁"",""过梁"",""剪力墙""]",第5章,1
010503,土建,混凝土及钢筋混凝土工程,一般预制混凝土构件,"[""矩形柱"",""异型柱"",""矩形梁"",""异型梁"",""拱形梁"",""过梁""]","[""井圈"",""其他构件"",""其他梁"",""吊车梁"",""垃圾道"",""大型板"",""天窗架"",""实心条板"",""屋架"",""异型柱"",""异型梁"",""拱形梁""]",第5章,1
010504,土建,混凝土及钢筋混凝土工程,装配式预制混凝土构件,"[""实心柱"",""单梁"",""叠合梁"",""叠合楼板"",""实心剪力墙板"",""夹心保温剪力墙板""]","[""其他构件"",""单梁"",""叠合剪力"",""叠合剪力墙后"",""叠合梁"",""叠合楼板"",""墙板"",""外挂墙板"",""夹心保温剪力墙板"",""女儿墙"",""实心剪力"",""实心柱""]",第5章,1
010505,土建,混凝土及钢筋混凝土工程,混凝土模板,"[""垫层模板"",""基础模板"",""基础联系梁模板"",""柱面模板"",""墙面模板"",""梁模板""]","[""其他板模板"",""叠合构件后浇"",""台阶模板"",""后浇带模板"",""圈梁模板"",""地沟模板"",""坡道板模板"",""垫层模板"",""基础模板"",""基础联系梁模板"",""墙面模板"",""屋面板""]",第5章,1
010506,土建,混凝土及钢筋混凝土工程,钢筋及螺栓、铁件,"[""现浇混凝土基础及联系梁钢筋"",""现浇混凝土柱钢筋"",""现浇混凝土地下室外墙钢筋"",""现浇混凝土墙钢筋"",""现浇混凝土梁钢筋"",""现浇混凝土楼板及屋面板钢筋""]","[""二次结构钢筋"",""其他板钢筋"",""内配钢筋"",""叠合构件后浇"",""台阶钢筋"",""地坪钢筋"",""坡道板钢筋"",""坡道钢筋"",""基础及联系梁钢筋"",""墙钢筋"",""屋面刚性层"",""挡土墙钢筋"",""HPB300"",""HRB400"",""三级钢""]",第5章,1
010601,土建,金属结构工程,钢网架,"[""钢网架"",""钢网壳""]","[""钢网壳"",""钢网架""]",第6章,1
010602,土建,金属结构工程,钢屋架、钢托架、钢桁架,"[""钢屋架"",""钢托架"",""钢桁架""]","[""钢屋架"",""钢托架"",""钢桁架""]",第6章,1
010603,土建,金属结构工程,钢柱,"[""实腹钢柱"",""空腹钢柱"",""钢管柱""]","[""实腹钢柱"",""空腹钢柱"",""钢管柱""]",第6章,1
010604,土建,金属结构工程,钢梁,"[""钢梁"",""钢吊车梁""]","[""钢吊车梁"",""钢梁"",""H型钢"",""工字钢""]",第6章,1
010605,土建,金属结构工程,钢板楼板、墙板、屋面板,"[""钢板楼板"",""钢板墙板"",""钢屋面板""]","[""钢屋面板"",""钢板墙板"",""钢板楼板""]",第6章,1
010606,土建,金属结构工程,钢天窗架、墙架、挡风架,"[""钢天窗架"",""钢挡风架"",""钢墙架""]","[""钢墙架"",""钢天窗架"",""钢挡风架""]",第6章,1
010607,土建,金属结构工程,其他钢构件,"[""钢拉索"",""钢支撑"",""钢拉条"",""钢檩条"",""钢平台"",""钢走道"",""钢梯""]","[""钢平台"",""钢护栏"",""钢拉条"",""钢拉索"",""钢支撑"",""钢板天沟"",""钢梯"",""钢檩条"",""钢漏斗"",""钢走道"",""零星钢构件""]",第6章,1
010608,土建,金属结构工程,钢构件制作及其他,"[""钢构件制作"",""高强螺栓"",""支座"",""剪力栓钉""]","[""剪力栓钉"",""支座"",""钢构件制作"",""高强螺栓""]",第6章,1
010609,土建,金属结构工程,金属制品,"[""金属百页护栏"",""金属栅栏"",""金属网栏"",""金属井(沟)盖及盖座""]","[""盖及盖座"",""金属井"",""金属栅栏"",""金属百页护栏"",""金属网栏""]",第6章,1
010701,土建,木结构工程,木屋架,"[""屋架""]","[""屋架""]",第7章,1
010702,土建,木结构工程,木构件,"[""木柱"",""木梁"",""木檩"",""木楼梯"",""装配式木楼梯"",""其他木构件""]","[""其他木构件"",""木柱"",""木梁"",""木楼梯"",""木檩"",""装配式木楼梯""]",第7章,1
010703,土建,木结构工程,屋面木基层,"[""屋面木基层""]","[""屋面木基层""]",第7章,1
010801,土建,门窗工程,木门,"[""木质门"",""木质门带套"",""木质连窗门"",""木质防火门"",""木门框"",""门锁安装""]","[""木质连窗门"",""木质门"",""木质门带套"",""木质防火门"",""木门框"",""门锁安装""]",第8章,1
010802,土建,门窗工程,金属门,"[""金属(塑钢)门"",""彩板门"",""防盗门"",""钢质防火门""]","[""塑钢"",""彩板门"",""金属"",""钢质防火门"",""防盗门""]",第8章,1
010803,土建,门窗工程,金属卷帘(闸)门,"[""金属卷帘(闸)门"",""防火卷帘(闸)门""]","[""金属卷帘"",""防火卷帘""]",第8章,1
010804,土建,门窗工程,厂库房大门、特种门,"[""木板大门"",""钢木大门"",""全钢板大门"",""防护铁丝门"",""金属格栅门"",""钢质花饰大门""]","[""全钢板大门"",""木板大门"",""特种门"",""金属格栅门"",""钢木大门"",""钢质花饰大门"",""防护铁丝门""]",第8章,1
010805,土建,门窗工程,其他门,"[""电子感应门"",""电动旋转门"",""电动伸缩门"",""全玻自由门"",""不锈钢饰面门"",""复合材料门""]","[""不锈钢饰面门"",""全玻自由门"",""复合材料门"",""电动伸缩门"",""电动旋转门"",""电子感应门""]",第8章,1
010806,土建,门窗工程,木窗,"[""木质窗"",""木飘(凸)窗"",""木橱窗"",""木纱窗""]","[""木橱窗"",""木纱窗"",""木质窗"",""木飘""]",第8章,1
010807,土建,门窗工程,金属窗,"[""金属(塑钢)窗"",""金属防火窗"",""金属百叶窗"",""金属纱窗"",""金属格栅窗"",""金属(塑钢)橱窗""]","[""塑钢"",""复合材料窗"",""彩板窗"",""橱窗"",""金属"",""金属格栅窗"",""金属百叶窗"",""金属纱窗"",""金属防火窗""]",第8章,1
010808,土建,门窗工程,门窗套,"[""木门窗套"",""金属门窗套"",""石材门窗套"",""成品门窗套""]","[""成品门窗套"",""木门窗套"",""石材门窗套"",""金属门窗套""]",第8章,1
010809,土建,门窗工程,窗台板,"[""窗台板""]","[""窗台板""]",第8章,1
010810,土建,门窗工程,窗帘、窗帘盒、轨,"[""窗帘"",""窗帘盒"",""窗帘轨""]","[""窗帘"",""窗帘盒"",""窗帘轨""]",第8章,1
010901,土建,屋面及防水工程,屋面,"[""瓦屋面"",""阳光板屋面"",""玻璃钢屋面"",""玻璃采光顶"",""金属板幕墙顶"",""膜结构屋面""]","[""天沟"",""屋面变形缝"",""屋面成品"",""檐沟"",""玻璃采光顶"",""玻璃钢屋面"",""瓦屋面"",""膜结构屋面"",""金属板幕墙顶"",""阳光板屋面""]",第9章,1
010902,土建,屋面及防水工程,屋面防水及其他,"[""屋面卷材防水"",""屋面涂膜防水"",""屋面柔性隔离层"",""屋面刚性层"",""屋面排水管"",""屋面排(透)气管""]","[""屋面"",""屋面刚性层"",""屋面卷材防水"",""屋面排"",""屋面排水板"",""屋面排水管"",""屋面柔性隔离层"",""屋面涂膜防水"",""檐沟防水"",""气管"",""水管"",""阳台"",""SBS""]",第9章,1
010903,土建,屋面及防水工程,墙面防水、防潮,"[""墙面卷材防水"",""墙面涂膜防水"",""墙面砂浆防水"",""墙面变形缝""]","[""墙面卷材防水"",""墙面变形缝"",""墙面涂膜防水"",""墙面砂浆防水""]",第9章,1
010904,土建,屋面及防水工程,楼(地)面防水、防潮,"[""楼(地)面卷材防水"",""楼(地)面涂膜防水"",""楼(地)面砂浆防水(防潮)"",""楼(地)面变形缝""]","[""防水"",""防潮"",""面卷材防水"",""面变形缝"",""面涂膜防水"",""面砂浆""]",第9章,1
010905,土建,屋面及防水工程,基础防水及止水带,"[""基础卷材防水"",""基础涂膜防水"",""止水带""]","[""基础卷材防水"",""基础涂膜防水"",""止水带""]",第9章,1
011001,土建,保温隔热防腐工程,保温、隔热,"[""保温隔热屋面"",""保温隔热天棚"",""保温隔热墙面"",""保温柱、梁"",""保温隔热楼地面"",""其他保温隔热""]","[""保温柱"",""保温隔热"",""保温隔热墙面"",""保温隔热天棚"",""其他保温隔热"",""屋面"",""楼地面"",""外墙保温"",""EPS"",""XPS""]",第10章,1
011002,土建,保温隔热防腐工程,防腐面层,"[""防腐混凝土面层"",""防腐砂浆面层"",""防腐胶泥面层"",""玻璃钢防腐面层"",""聚氯乙烯板面层"",""块料防腐面层""]","[""块料防腐面层"",""槽块料"",""玻璃钢"",""聚氯乙烯板面层"",""防腐混凝土面层"",""防腐砂浆面层"",""防腐胶泥面层"",""防腐面层""]",第10章,1
011003,土建,保温隔热防腐工程,其他防腐,"[""隔离层防腐"",""砌筑沥青浸渍砖"",""防腐涂料""]","[""浸渍砖"",""砌筑沥青"",""防腐涂料"",""隔离层防腐""]",第10章,1
011101,土建,楼地面装饰工程,整体面层及找平层,"[""水泥砂浆楼地面"",""细石混凝土楼地面"",""自流平楼地面"",""耐磨楼地面"",""塑胶地面"",""平面砂浆找平层""]","[""塑胶地面"",""平面砂浆找平层"",""楼地面"",""水泥砂浆"",""细石混凝土找平层"",""细石混凝土楼地面"",""耐磨楼地面"",""自流平找平层"",""自流平楼地面""]",第11章,1
011102,土建,楼地面装饰工程,石材及块料面层,"[""石材楼地面"",""拼碎石材楼地面"",""块料楼地面""]","[""块料楼地面"",""拼碎石"",""材楼地面"",""石材楼地面"",""瓷砖"",""地砖"",""玻化砖""]",第11章,1
011103,土建,楼地面装饰工程,橡塑面层,"[""橡塑板楼地面"",""橡塑卷材楼地面"",""塑胶运动地板""]","[""地板"",""塑胶运动"",""橡塑卷材楼地面"",""橡塑板楼地面""]",第11章,1
011104,土建,楼地面装饰工程,其他材料面层,"[""地毯楼地面"",""竹、木(复合)地板"",""金属复合地板""]","[""地板"",""地毯楼地面"",""复合"",""金属复合地板""]",第11章,1
011105,土建,楼地面装饰工程,踢脚线,"[""水泥砂浆踢脚线"",""石材踢脚线"",""块料踢脚线"",""塑料板踢脚线"",""木质踢脚线"",""金属踢脚线""]","[""块料踢脚线"",""塑料板踢脚线"",""木质踢脚线"",""水泥砂浆踢脚线"",""石材踢脚线"",""金属踢脚线""]",第11章,1
011106,土建,楼地面装饰工程,楼梯面层,"[""水泥砂浆楼梯"",""石材楼梯"",""块料楼梯"",""地毯楼梯"",""木板(复合)楼梯"",""橡塑板楼梯""]","[""地毯楼梯"",""块料楼梯"",""复合"",""木板"",""楼梯"",""橡塑卷材楼梯"",""橡塑板楼梯"",""水泥砂浆楼梯"",""石材楼梯""]",第11章,1
011107,土建,楼地面装饰工程,台阶装饰,"[""水泥砂浆台阶"",""石材台阶"",""拼碎石材台阶"",""块料台阶"",""剁假石台阶""]","[""剁假石台阶"",""块料台阶"",""拼碎石材台阶"",""水泥砂浆台阶"",""石材台阶""]",第11章,1
011108,土建,楼地面装饰工程,零星装饰项目,"[""石材零星项目"",""拼碎石材零星项目"",""块料零星项目"",""水泥砂浆零星项目"",""车库标线、标识"",""广角镜安装""]","[""减速带"",""块料零星"",""墙柱面防撞条"",""广角镜安装"",""拼碎石材"",""标志牌"",""标识"",""水泥砂浆"",""石材零星"",""车库标线"",""车挡"",""零星项目""]",第11章,1
011109,土建,楼地面装饰工程,装配式楼地面及其他,"[""架空地板"",""装配式踢脚线""]","[""架空地板"",""装配式踢脚线""]",第11章,1
011201,土建,墙柱面装饰工程,墙、柱面抹灰,"[""墙、柱面一般抹灰"",""墙、柱面装饰抹灰"",""墙、柱面勾缝"",""立面砂浆找平层""]","[""柱面一般抹灰"",""柱面勾缝"",""柱面装饰抹灰"",""立面砂浆找平层"",""墙面抹灰"",""抹灰""]",第12章,1
011202,土建,墙柱面装饰工程,零星抹灰,"[""零星项目一般抹灰"",""零星项目装饰抹灰"",""零星项目砂浆找平""]","[""一般抹灰"",""砂浆找平"",""装饰抹灰"",""零星项目""]",第12章,1
011203,土建,墙柱面装饰工程,墙、柱面块料面层,"[""石材墙、柱面"",""拼碎石材墙、柱面"",""块料墙、柱面""]","[""块料墙"",""拼碎石材墙"",""柱面"",""石材墙"",""墙面砖"",""内墙砖"",""瓷砖墙面""]",第12章,1
011204,土建,墙柱面装饰工程,零星块料面层,"[""石材零星项目"",""拼碎石材零星项目"",""块料零星项目""]","[""块料零星项目"",""拼碎石材"",""石材零星项目"",""零星项目""]",第12章,1
011205,土建,墙柱面装饰工程,墙、柱饰面,"[""墙、柱面装饰板"",""墙、柱面装饰浮雕"",""墙、柱面装配式装饰板"",""墙、柱面软包"",""墙、柱面保温装饰一体板""]","[""柱面"",""柱面保温"",""柱面装配式装饰板"",""柱面装饰浮雕"",""柱面软包"",""装饰一体板"",""装饰板""]",第12章,1
011206,土建,墙柱面装饰工程,幕墙工程,"[""构件式玻璃幕墙"",""构件式石材幕墙"",""构件式金属板幕墙"",""构件式人造板幕墙"",""单元式幕墙"",""全玻(无框玻璃)幕墙""]","[""全玻"",""单元式幕墙"",""幕墙"",""幕墙开启扇"",""无框玻璃"",""构件式人造板幕墙"",""构件式玻璃幕墙"",""构件式石材幕墙"",""构件式金属板幕墙"",""点支承"",""玻璃幕墙""]",第12章,1
011207,土建,墙柱面装饰工程,隔墙、隔断,"[""轻质隔墙"",""轻质隔断"",""成品隔断""]","[""成品隔断"",""轻质隔墙"",""轻质隔断""]",第12章,1
011301,土建,天棚工程,天棚抹灰,"[""天棚抹灰""]","[""天棚抹灰""]",第13章,1
011302,土建,天棚工程,天棚吊顶,"[""平面吊顶天棚"",""跌级吊顶天棚"",""艺术造型吊顶天棚"",""格栅吊顶"",""吊筒吊顶"",""藤条造型悬挂吊顶""]","[""吊筒吊顶"",""吊顶"",""天棚"",""平面吊顶天棚"",""格栅吊顶"",""织物软雕"",""艺术造型吊顶天棚"",""藤条造型悬挂吊顶"",""装饰网架吊顶"",""跌级吊顶"",""石膏板""]",第13章,1
011303,土建,天棚工程,天棚其他装饰,"[""成品装饰带"",""成品装饰口"",""挡烟垂壁"",""块料梁面"",""装饰板梁面""]","[""块料梁面"",""成品装饰口"",""成品装饰带"",""挡烟垂壁"",""装饰板梁面""]",第13章,1
011401,土建,油漆涂料裱糊工程,木材面油漆,"[""木门油漆"",""木窗油漆"",""木板条、线条油漆"",""木材面油漆"",""木地板油漆"",""木地板烫硬蜡面""]","[""木地板"",""木地板油漆"",""木材面油漆"",""木板条"",""木窗油漆"",""木门油漆"",""烫硬蜡面"",""线条油漆""]",第14章,1
011402,土建,油漆涂料裱糊工程,金属面油漆,"[""金属门油漆"",""金属窗油漆"",""金属面油漆"",""金属构件油漆"",""金属构件除锈""]","[""金属构件"",""金属构件油漆"",""金属窗油漆"",""金属门油漆"",""金属面油漆"",""除锈""]",第14章,1
011403,土建,油漆涂料裱糊工程,抹灰面油漆,"[""抹灰面油漆"",""抹灰线条油漆"",""刮腻子""]","[""刮腻子"",""抹灰线条油漆"",""抹灰面油漆""]",第14章,1
011404,土建,油漆涂料裱糊工程,喷刷涂料,"[""墙面喷刷涂料"",""天棚喷刷涂料"",""空花格栏杆刷涂料"",""线条刷涂料"",""金属面喷刷防火涂料"",""金属构件喷刷防火涂料""]","[""墙面喷刷"",""天棚喷刷"",""栏杆刷涂料"",""涂料"",""乳胶漆"",""空花格"",""线条刷涂料"",""金属构件喷刷防火涂料"",""金属面喷刷"",""防火涂料"",""防火漆"",""钢结构"",""钢构""]",第14章,1
011405,土建,油漆涂料裱糊工程,裱糊,"[""墙纸裱糊"",""织锦缎裱糊""]","[""墙纸裱糊"",""织锦缎裱糊""]",第14章,1
011501,土建,其他装饰工程,柜、架、台,"[""装饰柜"",""装饰架"",""装饰台"",""成品柜、架、台""]","[""成品柜"",""装饰台"",""装饰架"",""装饰柜""]",第15章,1
011502,土建,其他装饰工程,装饰线条,"[""成品装饰线条""]","[""成品装饰线条""]",第15章,1
011503,土建,其他装饰工程,扶手栏杆栏板装饰,"[""带扶手的栏杆栏板"",""不带扶手的栏杆栏板"",""扶手"",""成品带扶手栏杆栏板""]","[""不带扶手的"",""带扶手的"",""成品带扶手栏杆"",""扶手"",""栏杆"",""栏板""]",第15章,1
011504,土建,其他装饰工程,暖气罩,"[""暖气罩"",""成品暖气罩""]","[""成品暖气罩"",""暖气罩""]",第15章,1
011505,土建,其他装饰工程,浴厕配件,"[""洗漱台"",""洗厕配件"",""镜面玻璃"",""镜箱""]","[""洗厕配件"",""洗漱台"",""镜箱"",""镜面玻璃""]",第15章,1
011506,土建,其他装饰工程,雨篷旗杆装饰柱,"[""装饰板雨篷"",""金属旗杆"",""成品装饰柱""]","[""成品装饰柱"",""装饰板雨篷"",""金属旗杆""]",第15章,1
011507,土建,其他装饰工程,招牌灯箱,"[""平面箱式招牌"",""竖式标箱"",""灯箱"",""信报箱""]","[""信报箱"",""平面"",""灯箱"",""竖式标箱"",""箱式招牌""]",第15章,1
011508,土建,其他装饰工程,美术字,"[""美术字""]","[""美术字""]",第15章,1
