专业编码,映射编码,分部编码,子目名称,匹配关键词,材料序号,材料名称,材料角色,物料ID,消耗类型,消耗量公式,损耗率,采购单位,供应方式,优先级,系数,分子单位,分母单位,是否含损耗,公式备注,必需特征,排除特征,选择规则,匹配置信度基值,需确认阈值,验证状态,来源引用
01,MAP-A001,010102,回填方,"[""回填"",""素土"",""原土""]",1,素土（回填用）,主材,MAT-EAR-001,FORMULA,1.15 m³/m³,0.05,m³,乙供,100,1.15,m³,m³,0,,[],[],,,,,
01,MAP-A002,010102,回填方,"[""灰土"",""3:7"",""石灰"",""2:8""]",2,石灰（消石灰）,辅材,MAT-AUX-001,FORMULA,0.30 t/m³,0.05,t,乙供,90,0.30,t,m³,0,,[],[],,,,,
01,MAP-A003,010102,回填方,"[""砂石"",""级配"",""碎石"",""砂""]",1,级配砂石,主材,MAT-EAR-002,FORMULA,1.20 m³/m³,0.08,m³,乙供,100,1.20,m³,m³,0,,[],[],,,,,
01,MAP-D001,010201,地基处理,"[""换填"",""垫层"",""砂石"",""碎石"",""灰土""]",1,级配砂石,主材,MAT-EAR-002,FORMULA,1.20 m³/m³,0.08,m³,乙供,100,1.20,m³,m³,0,,[],[],,,,,
01,MAP-D002,010201,地基处理,"[""换填"",""垫层"",""灰土""]",2,石灰（消石灰）,辅材,MAT-AUX-001,FORMULA,0.30 t/m³,0.05,t,乙供,90,0.30,t,m³,0,,[],[],,,,,
01,MAP-D003,010201,地基处理,"[""旋喷桩"",""水泥土"",""搅拌桩""]",1,预拌混凝土 C25,主材,MAT-CON-002,FORMULA,1.20 m³/m³,0.05,m³,乙供,100,1.20,m³,m³,0,,[],[],,,,,
01,MAP-D004,010201,地基处理,"[""褥垫层""]",1,级配砂石,主材,MAT-EAR-002,FORMULA,1.15 m³/m³,0.08,m³,乙供,100,1.15,m³,m³,0,,[],[],,,,,
01,MAP-D005,010202,基坑与边坡支护,"[""喷射混凝土"",""喷锚"",""土钉墙""]",1,预拌混凝土 C20,主材,MAT-CON-005,FORMULA,1.02 m³/m³,0.05,m³,乙供,100,1.02,m³,m³,0,,[],[],,,,,
01,MAP-D006,010202,基坑与边坡支护,"[""喷射混凝土"",""喷锚""]",2,热轧带肋钢筋,主材,MAT-STE-001,FORMULA,0.03 t/m²,0.025,t,乙供,100,0.03,t,m²,0,北京2025定额钢筋消耗量子目,[],[],,,,VERIFIED,京建发〔2025〕533号 第五章 钢筋工程
01,MAP-D007,010202,基坑与边坡支护,"[""钢板桩"",""拉森""]",1,焊接钢管 Q235B,周转材料,MAT-STE-007,FORMULA,1.05 t/t,0.03,t,乙供,100,1.05,t,t,0,,[],[],,,,,
01,MAP-D008,010202,基坑与边坡支护,"[""型钢桩""]",1,热轧H型钢 Q355B,主材,MAT-STE-003,FORMULA,1.05 t/t,0.03,t,乙供,100,1.05,t,t,0,,[],[],,,,,
01,MAP-E001,010301,预制桩,"[""预制"",""混凝土桩"",""实心桩"",""空心桩""]",1,预拌混凝土 C30,主材,MAT-CON-001,FORMULA,1.01 m³/m³,0.02,m³,乙供,100,1.01,m³,m³,0,北京2025定额预拌混凝土消耗量子目,[],[],,,,VERIFIED,京建发〔2025〕533号 第六章 混凝土及钢筋混凝土工程
01,MAP-E002,010301,预制桩,"[""预制"",""混凝土桩"",""实心桩""]",2,热轧带肋钢筋,主材,MAT-STE-001,FORMULA,0.12 t/m³,0.025,t,乙供,100,0.12,t,m³,0,北京2025定额钢筋消耗量子目,[],[],,,,VERIFIED,京建发〔2025〕533号 第五章 钢筋工程
01,MAP-E003,010301,预制桩,"[""钢管桩""]",1,焊接钢管 Q235B,主材,MAT-STE-007,FORMULA,1.01 t/t,0.03,t,乙供,100,1.01,t,t,0,,[],[],,,,,
01,MAP-E004,010301,预制桩,"[""桩头"",""截桩""]",1,热轧带肋钢筋,主材,MAT-STE-001,FORMULA,0.02 t/根,0.03,t,乙供,80,0.02,t,根,0,北京2025定额钢筋消耗量子目,[],[],,,,VERIFIED,京建发〔2025〕533号 第五章 钢筋工程
01,MAP-E005,010302,灌注桩,"[""灌注桩"",""钻孔"",""泥浆护壁"",""沉管""]",1,预拌混凝土 C30,主材,MAT-CON-001,FORMULA,1.20 m³/m³,0.05,m³,乙供,100,1.20,m³,m³,0,北京2025定额预拌混凝土消耗量子目,[],[],,,,VERIFIED,京建发〔2025〕533号 第六章 混凝土及钢筋混凝土工程
01,MAP-E006,010302,灌注桩,"[""灌注桩"",""钻孔"",""泥浆护壁"",""沉管""]",2,热轧带肋钢筋,主材,MAT-STE-001,FORMULA,0.10 t/m³,0.025,t,乙供,100,0.10,t,m³,0,北京2025定额钢筋消耗量子目,[],[],,,,VERIFIED,京建发〔2025〕533号 第五章 钢筋工程
01,MAP-E007,010302,灌注桩,"[""灌注桩后注浆""]",1,预拌混凝土 C35,主材,MAT-CON-003,FORMULA,1.20 m³/m³,0.05,m³,乙供,100,1.20,m³,m³,0,,[],[],,,,,
01,MAP-F001,010401,砖基础,"[""砖基础"",""大放脚"",""基础砖""]",1,烧结普通砖 MU10,主材,MAT-BRI-001,FORMULA,0.528千块/m³,0.03,千块,乙供,100,0.528,千块,m³,0,,[],[],,,,,
01,MAP-F002,010401,砖基础,"[""砖基础""]",2,干混砌筑砂浆 DM M10,辅材,MAT-MOR-001,FORMULA,0.240 m³/m³,0.05,m³,乙供,100,0.240,m³,m³,0,,[],[],,,,,
01,MAP-F003,010401,砖砌体,"[""实心砖"",""240墙"",""承重"",""砖墙""]",1,烧结普通砖 MU10,主材,MAT-BRI-001,FORMULA,0.528千块/m³,0.03,千块,乙供,100,0.528,千块,m³,0,,[],[],,,,,
01,MAP-F004,010401,砖砌体,"[""实心砖"",""240墙"",""砖墙""]",2,干混砌筑砂浆 DM M10,辅材,MAT-MOR-001,FORMULA,0.240 m³/m³,0.05,m³,乙供,100,0.240,m³,m³,0,,[],[],,,,,
01,MAP-F005,010401,砖砌体,"[""多孔砖"",""KP1""]",1,烧结多孔砖 MU10,主材,MAT-BRI-002,FORMULA,0.333千块/m³,0.03,千块,乙供,100,0.333,千块,m³,0,,[],[],,,,,
01,MAP-F006,010401,砖砌体,"[""多孔砖"",""KP1""]",2,干混砌筑砂浆 DM M10,辅材,MAT-MOR-001,FORMULA,0.180 m³/m³,0.05,m³,乙供,100,0.180,m³,m³,0,,[],[],,,,,
01,MAP-F007,010402,砌块砌体,"[""砌块"",""加气"",""砌块墙""]",1,蒸压加气混凝土砌块,主材,MAT-BLO-001,FORMULA,0.98 m³/m³,0.04,m³,乙供,100,0.98,m³,m³,0,,[],[],,,,,
01,MAP-F008,010402,砌块砌体,"[""砌块"",""加气"",""砌块墙""]",2,干混砌筑砂浆 DM M10,辅材,MAT-MOR-001,FORMULA,0.071 m³/m³,0.05,m³,乙供,100,0.071,m³,m³,0,,[],[],,,,,
01,MAP-F009,010402,砌块砌体,"[""砌块"",""粘接"",""粘结剂"",""薄抹""]",3,砌块砌筑粘结剂,辅材,MAT-MOR-006,FORMULA,29.74 kg/m³,0.03,kg,乙供,90,29.74,kg,m³,0,,[],[],,,,,
01,MAP-F010,010403,石砌体,"[""石基础"",""毛石"",""块石"",""石墙""]",1,毛石（块石）,主材,MAT-STO-001,FORMULA,1.15 t/m³,0.05,t,乙供,100,1.15,t,m³,0,,[],[],,,,,
01,MAP-G001,010501,基础及楼地面垫层,"[""垫层"",""基础垫层"",""地面垫层""]",1,预拌混凝土 C20,主材,MAT-CON-005,FORMULA,1.01 m³/m³,0.02,m³,乙供,100,1.01,m³,m³,0,,[],[],,,,,
01,MAP-G002,010501,基础及楼地面垫层,"[""垫层"",""砂石"",""碎石""]",1,级配砂石,主材,MAT-EAR-002,FORMULA,1.15 m³/m³,0.08,m³,乙供,100,1.15,m³,m³,0,,[],[],,,,,
01,MAP-G003,010502,现浇混凝土构件,"[""独立基础"",""基础"",""独立""]",1,预拌混凝土 C30,主材,MAT-CON-001,FORMULA,1.01 m³/m³,0.02,m³,乙供,100,1.01,m³,m³,0,北京2025定额预拌混凝土消耗量子目,[],[],,,,VERIFIED,京建发〔2025〕533号 第六章 混凝土及钢筋混凝土工程
01,MAP-G004,010502,现浇混凝土构件,"[""独立基础"",""基础"",""独立""]",2,热轧带肋钢筋,主材,MAT-STE-001,FORMULA,0.08 t/m³,0.025,t,乙供,100,0.08,t,m³,0,北京2025定额钢筋消耗量子目,[],[],,,,VERIFIED,京建发〔2025〕533号 第五章 钢筋工程
01,MAP-G005,010502,现浇混凝土构件,"[""条形基础"",""带形基础""]",1,预拌混凝土 C30,主材,MAT-CON-001,FORMULA,1.01 m³/m³,0.02,m³,乙供,100,1.01,m³,m³,0,北京2025定额预拌混凝土消耗量子目,[],[],,,,VERIFIED,京建发〔2025〕533号 第六章 混凝土及钢筋混凝土工程
01,MAP-G006,010502,现浇混凝土构件,"[""条形基础"",""带形基础""]",2,热轧带肋钢筋,主材,MAT-STE-001,FORMULA,0.08 t/m³,0.025,t,乙供,100,0.08,t,m³,0,北京2025定额钢筋消耗量子目,[],[],,,,VERIFIED,京建发〔2025〕533号 第五章 钢筋工程
01,MAP-G007,010502,现浇混凝土构件,"[""柱"",""框架柱"",""构造柱"",""矩形柱""]",1,预拌混凝土 C30,主材,MAT-CON-001,FORMULA,1.01 m³/m³,0.02,m³,乙供,100,1.01,m³,m³,0,北京2025定额预拌混凝土消耗量子目,[],[],,,,VERIFIED,京建发〔2025〕533号 第六章 混凝土及钢筋混凝土工程
01,MAP-G008,010502,现浇混凝土构件,"[""柱"",""框架柱"",""构造柱"",""矩形柱""]",2,热轧带肋钢筋,主材,MAT-STE-001,FORMULA,0.12 t/m³,0.025,t,乙供,100,0.12,t,m³,0,北京2025定额钢筋消耗量子目,[],[],,,,VERIFIED,京建发〔2025〕533号 第五章 钢筋工程
01,MAP-G009,010502,现浇混凝土构件,"[""梁"",""框架梁"",""过梁"",""圈梁""]",1,预拌混凝土 C30,主材,MAT-CON-001,FORMULA,1.01 m³/m³,0.02,m³,乙供,100,1.01,m³,m³,0,北京2025定额预拌混凝土消耗量子目,[],[],,,,VERIFIED,京建发〔2025〕533号 第六章 混凝土及钢筋混凝土工程
01,MAP-G010,010502,现浇混凝土构件,"[""梁"",""框架梁"",""过梁"",""圈梁""]",2,热轧带肋钢筋,主材,MAT-STE-001,FORMULA,0.14 t/m³,0.025,t,乙供,100,0.14,t,m³,0,北京2025定额钢筋消耗量子目,[],[],,,,VERIFIED,京建发〔2025〕533号 第五章 钢筋工程
01,MAP-G011,010502,现浇混凝土构件,"[""板"",""楼板"",""有梁板"",""无梁板""]",1,预拌混凝土 C30,主材,MAT-CON-001,FORMULA,1.01 m³/m³,0.02,m³,乙供,100,1.01,m³,m³,0,北京2025定额预拌混凝土消耗量子目,[],[],,,,VERIFIED,京建发〔2025〕533号 第六章 混凝土及钢筋混凝土工程
01,MAP-G012,010502,现浇混凝土构件,"[""板"",""楼板""]",2,热轧带肋钢筋,主材,MAT-STE-001,FORMULA,0.10 t/m³,0.025,t,乙供,100,0.10,t,m³,0,北京2025定额钢筋消耗量子目,[],[],,,,VERIFIED,京建发〔2025〕533号 第五章 钢筋工程
01,MAP-G013,010502,现浇混凝土构件,"[""墙"",""剪力墙"",""直形墙"",""挡土墙""]",1,预拌混凝土 C30,主材,MAT-CON-001,FORMULA,1.01 m³/m³,0.02,m³,乙供,100,1.01,m³,m³,0,北京2025定额预拌混凝土消耗量子目,[],[],,,,VERIFIED,京建发〔2025〕533号 第六章 混凝土及钢筋混凝土工程
01,MAP-G014,010502,现浇混凝土构件,"[""墙"",""剪力墙"",""直形墙""]",2,热轧带肋钢筋,主材,MAT-STE-001,FORMULA,0.11 t/m³,0.025,t,乙供,100,0.11,t,m³,0,北京2025定额钢筋消耗量子目,[],[],,,,VERIFIED,京建发〔2025〕533号 第五章 钢筋工程
01,MAP-G015,010505,混凝土模板,"[""模板"",""基础模"",""柱模"",""梁模"",""板模""]",1,木胶合板模板,周转材料,MAT-TRN-001,FORMULA,2.47 m²/m³,0.05,张,乙供,80,2.47,m²,m³,0,,[],[],,,,,
01,MAP-G016,010505,混凝土模板,"[""模板"",""柱模"",""构造柱""]",1,木胶合板模板,周转材料,MAT-TRN-001,FORMULA,2.47 m²/m³,0.05,张,乙供,80,2.47,m²,m³,0,,[],[],,,,,
01,MAP-G017,010505,混凝土模板,"[""模板"",""梁模""]",1,木胶合板模板,周转材料,MAT-TRN-001,FORMULA,2.47 m²/m³,0.05,张,乙供,80,2.47,m²,m³,0,,[],[],,,,,
01,MAP-G018,010505,混凝土模板,"[""模板"",""板模"",""楼板""]",1,木胶合板模板,周转材料,MAT-TRN-001,FORMULA,2.47 m²/m³,0.05,张,乙供,80,2.47,m²,m³,0,,[],[],,,,,
01,MAP-G019,010505,混凝土模板,"[""模板"",""墙模""]",1,木胶合板模板,周转材料,MAT-TRN-001,FORMULA,2.47 m²/m³,0.05,张,乙供,80,2.47,m²,m³,0,,[],[],,,,,
01,MAP-G020,010506,钢筋及螺栓、铁件,"[""钢筋"",""HRB"",""HPB"",""三级钢""]",1,热轧带肋钢筋 HRB400E,主材,MAT-STE-001,FORMULA,0.10 t/m³,0.025,t,乙供,100,0.10,t,m³,0,北京2025定额钢筋消耗量子目,[],[],,,,VERIFIED,京建发〔2025〕533号 第五章 钢筋工程
01,MAP-G021,010506,钢筋及螺栓、铁件,"[""钢筋"",""HPB"",""一级钢""]",2,热轧光圆钢筋 HPB300,主材,MAT-STE-002,FORMULA,0.02 t/m³,0.025,t,乙供,100,0.02,t,m³,0,北京2025定额光圆钢筋子目,[],[],,,,VERIFIED,京建发〔2025〕533号 第五章 钢筋工程
01,MAP-H001,010603,钢柱,"[""钢柱"",""实腹"",""空腹"",""钢管柱""]",1,热轧H型钢 Q355B,主材,MAT-STE-003,FORMULA,1.000 t/t,0.03,t,乙供,100,1.000,t,t,0,,[],[],,,,,
01,MAP-H002,010604,钢梁,"[""钢梁"",""吊车梁"",""H型钢""]",1,热轧H型钢 Q355B,主材,MAT-STE-003,FORMULA,1.000 t/t,0.03,t,乙供,100,1.000,t,t,0,,[],[],,,,,
01,MAP-H003,010607,其他钢构件,"[""钢支撑"",""钢拉条"",""钢檩条""]",1,热轧槽钢 Q235B,主材,MAT-STE-004,FORMULA,1.000 t/t,0.03,t,乙供,100,1.000,t,t,0,,[],[],,,,,
01,MAP-H004,010607,其他钢构件,"[""钢梯"",""钢平台"",""钢走道"",""钢护栏""]",1,钢板 Q235B,主材,MAT-STE-006,FORMULA,1.000 t/t,0.03,t,乙供,100,1.000,t,t,0,,[],[],,,,,
01,MAP-H005,010608,钢构件制作及其他,"[""高强螺栓""]",1,高强螺栓 10.9级,辅材,MAT-STE-008,FORMULA,1.02 套/套,0.02,套,乙供,100,1.02,套,套,0,,[],[],,,,,
01,MAP-H006,010609,金属制品,"[""金属网"",""护栏""]",1,热镀锌钢丝网,主材,MAT-WMS-001,FORMULA,1.05 m²/m²,0.03,m²,乙供,100,1.05,m²,m²,0,,[],[],,,,,
01,MAP-L001,010902,屋面防水及其他,"[""卷材"",""SBS"",""屋面防水"",""改性沥青""]",1,SBS改性沥青防水卷材 3mm,主材,MAT-WAP-001,FORMULA,1.13 m²/m²,0.08,m²,乙供,100,1.13,m²,m²,0,,[],[],,,,,
01,MAP-L002,010902,屋面防水及其他,"[""卷材"",""SBS"",""屋面防水""]",2,冷底子油,辅材,MAT-WAP-009,FORMULA,0.485 kg/m²,0.05,kg,乙供,90,0.485,kg,m²,0,,[],[],,,,,
01,MAP-L003,010902,屋面防水及其他,"[""卷材"",""SBS"",""屋面防水""]",3,SBS弹性沥青防水胶,辅材,MAT-SEA-003,FORMULA,0.289 kg/m²,0.05,kg,乙供,90,0.289,kg,m²,0,,[],[],,,,,
01,MAP-L004,010902,屋面防水及其他,"[""卷材"",""屋面防水""]",4,改性沥青嵌缝油膏,辅材,MAT-SEA-002,FORMULA,0.060 kg/m²,0.05,kg,乙供,90,0.060,kg,m²,0,,[],[],,,,,
01,MAP-L005,010902,屋面防水及其他,"[""自粘卷材"",""自粘防水"",""高聚物""]",1,自粘聚合物改性沥青防水卷材,主材,MAT-WAP-006,FORMULA,1.13 m²/m²,0.08,m²,乙供,100,1.13,m²,m²,0,,[],[],,,,,
01,MAP-L006,010902,屋面防水及其他,"[""PVC卷材"",""聚氯乙烯"",""高分子""]",1,聚氯乙烯防水卷材,主材,MAT-WAP-008,FORMULA,1.13 m²/m²,0.08,m²,乙供,100,1.13,m²,m²,0,,[],[],,,,,
01,MAP-L007,010902,屋面防水及其他,"[""涂膜"",""聚氨酯"",""PU防水""]",1,聚氨酯防水涂料,主材,MAT-WAP-003,FORMULA,2.71 kg/m² (2mm厚),0.08,kg,乙供,100,2.71,kg,m²,0,2mm厚,[],[],,,,,
01,MAP-L008,010902,屋面防水及其他,"[""涂膜"",""JS"",""聚合物""]",1,JS聚合物水泥防水涂料,主材,MAT-WAP-005,FORMULA,2.5 kg/m²,0.08,kg,乙供,100,2.5,kg,m²,0,,[],[],,,,,
01,MAP-L009,010903,墙面防水、防潮,"[""墙面"",""卷材"",""SBS""]",1,SBS改性沥青防水卷材 3mm,主材,MAT-WAP-001,FORMULA,1.10 m²/m²,0.08,m²,乙供,100,1.10,m²,m²,0,,[],[],,,,,
01,MAP-L010,010903,墙面防水、防潮,"[""墙面"",""涂膜"",""聚氨酯""]",1,聚氨酯防水涂料,主材,MAT-WAP-003,FORMULA,2.98 kg/m² (2mm厚立面),0.08,kg,乙供,100,2.98,kg,m²,0,2mm厚立面,[],[],,,,,
01,MAP-L011,010904,楼(地)面防水、防潮,"[""地面"",""楼面"",""卷材""]",1,SBS改性沥青防水卷材 3mm,主材,MAT-WAP-001,FORMULA,1.10 m²/m²,0.08,m²,乙供,100,1.10,m²,m²,0,,[],[],,,,,
01,MAP-L012,010904,楼(地)面防水、防潮,"[""地面"",""楼面"",""涂膜"",""聚氨酯""]",1,聚氨酯防水涂料,主材,MAT-WAP-003,FORMULA,2.71 kg/m² (2mm厚),0.08,kg,乙供,100,2.71,kg,m²,0,2mm厚,[],[],,,,,
01,MAP-L013,010904,楼(地)面防水、防潮,"[""地面"",""楼面"",""涂膜"",""JS""]",1,JS聚合物水泥防水涂料,主材,MAT-WAP-005,FORMULA,2.5 kg/m²,0.08,kg,乙供,100,2.5,kg,m²,0,,[],[],,,,,
01,MAP-L014,010904,楼(地)面防水、防潮,"[""砂浆"",""防水(防潮)""]",1,干混抹灰砂浆 DP M10,主材,MAT-MOR-002,FORMULA,0.03 m³/m² (20mm厚),0.05,m³,乙供,100,0.03,m³,m²,0,20mm厚,[],[],,,,,
01,MAP-L015,010905,基础防水及止水带,"[""止水带"",""止水条"",""变形缝""]",1,橡胶止水带,主材,MAT-WAP-007,FORMULA,1.05 m/m,0.03,m,乙供,100,1.05,m,m,0,,[],[],,,,,
01,MAP-M001,011001,保温、隔热,"[""墙面"",""保温"",""XPS"",""挤塑""]",1,挤塑聚苯板（XPS）,主材,MAT-INS-001,FORMULA,0.0515 m³/m² (50mm厚),0.05,m³,乙供,100,0.0515,m³,m²,0,50mm厚,[],[],,,,,
01,MAP-M002,011001,保温、隔热,"[""墙面"",""保温"",""EPS"",""聚苯板""]",1,模塑聚苯板（EPS）,主材,MAT-INS-002,FORMULA,0.0618 m³/m² (60mm厚),0.05,m³,乙供,100,0.0618,m³,m²,0,60mm厚,[],[],,,,,
01,MAP-M003,011001,保温、隔热,"[""墙面"",""保温"",""石墨聚苯板""]",1,石墨聚苯板 SEPS,主材,MAT-INS-004,FORMULA,0.22 m³/m² (200mm厚),0.05,m³,乙供,100,0.22,m³,m²,0,200mm厚,[],[],,,,,
01,MAP-M004,011001,保温、隔热,"[""墙面"",""保温"",""岩棉""]",1,岩棉板,主材,MAT-INS-003,FORMULA,0.103 m³/m² (100mm厚),0.05,m³,乙供,100,0.103,m³,m²,0,100mm厚,[],[],,,,,
01,MAP-M005,011001,保温、隔热,"[""外墙内保温"",""纤维"",""粒状棉"",""喷涂""]",1,无机纤维粒状棉,主材,MAT-INS-005,FORMULA,7.5 kg/m² (30mm厚),0.05,kg,乙供,100,7.5,kg,m²,0,30mm厚,[],[],,,,,
01,MAP-M006,011001,保温、隔热,"[""保温"",""墙面"",""外墙""]",2,界面剂/墙固,辅材,MAT-MOR-004,FORMULA,0.28 kg/m²,0.05,kg,乙供,90,0.28,kg,m²,0,,[],[],,,,,
01,MAP-M007,011001,保温、隔热,"[""保温"",""墙面"",""外墙""]",3,胶粘剂（保温用）,辅材,MAT-ADH-001,FORMULA,5.0 kg/m²,0.05,kg,乙供,90,5.0,kg,m²,0,,[],[],,,,,
01,MAP-M008,011001,保温、隔热,"[""保温"",""墙面"",""外墙""]",4,干混抹面砂浆,辅材,MAT-MOR-005,FORMULA,10.8 kg/m²,0.05,kg,乙供,90,10.8,kg,m²,0,,[],[],,,,,
01,MAP-M009,011001,保温、隔热,"[""保温"",""墙面"",""外墙""]",6,耐碱玻纤网格布,辅材,MAT-MSH-001,FORMULA,1.20 m²/m²,0.05,m²,乙供,90,1.20,m²,m²,0,,[],[],,,,,
01,MAP-M011,011001,保温、隔热,"[""屋面"",""保温"",""XPS"",""挤塑""]",1,挤塑聚苯板（XPS）,主材,MAT-INS-001,FORMULA,0.103 m³/m² (100mm厚),0.05,m³,乙供,100,0.103,m³,m²,0,100mm厚,[],[],,,,,
01,MAP-N001,011101,整体面层及找平层,"[""水泥砂浆"",""地面"",""找平""]",1,干混抹灰砂浆 DP M10,主材,MAT-MOR-002,FORMULA,0.0226 m³/m² (20mm厚),0.05,m³,乙供,100,0.0226,m³,m²,0,20mm厚,[],[],,,,,
01,MAP-N002,011101,整体面层及找平层,"[""细石混凝土"",""细石""]",1,细石混凝土 C20,主材,MAT-CON-004,FORMULA,0.040 m³/m² (40mm厚),0.02,m³,乙供,100,0.040,m³,m²,0,40mm厚,[],[],,,,,
01,MAP-N003,011102,石材及块料面层,"[""地砖"",""块料"",""瓷砖"",""玻化砖""]",1,全瓷抛光砖 600×600mm,主材,MAT-TIL-001,FORMULA,1.03 m²/m²,0.04,m²,乙供,100,1.03,m²,m²,0,,[],[],,,,,
01,MAP-N004,011102,石材及块料面层,"[""地砖"",""块料"",""瓷砖""]",2,干混地面砂浆 DS M20,辅材,MAT-MOR-003,FORMULA,0.0204 m³/m²,0.05,m³,乙供,90,0.0204,m³,m²,0,,[],[],,,,,
01,MAP-N005,011102,石材及块料面层,"[""地砖"",""块料"",""瓷砖""]",3,瓷砖胶粘剂 C1型,辅材,MAT-ADH-001,FORMULA,4.0 kg/m²,0.05,kg,乙供,90,4.0,kg,m²,0,,[],[],,,,,
01,MAP-P001,011201,墙、柱面抹灰,"[""抹灰"",""墙面"",""砂浆"",""粉刷""]",1,干混抹灰砂浆 DP M10,主材,MAT-MOR-002,FORMULA,0.0226 m³/m²,0.05,m³,乙供,100,0.0226,m³,m²,0,,[],[],,,,,
01,MAP-P002,011201,墙、柱面抹灰,"[""抹灰"",""墙面""]",2,界面剂/墙固,辅材,MAT-MOR-004,FORMULA,0.15 kg/m²,0.05,kg,乙供,90,0.15,kg,m²,0,,[],[],,,,,
01,MAP-P003,011203,墙、柱面块料面层,"[""墙面砖"",""内墙砖"",""瓷砖"",""块料""]",1,釉面内墙砖 300×600mm,主材,MAT-TIL-003,FORMULA,1.03 m²/m²,0.04,m²,乙供,100,1.03,m²,m²,0,,[],[],,,,,
01,MAP-P004,011203,墙、柱面块料面层,"[""墙面砖"",""内墙砖""]",2,瓷砖胶粘剂 C1型,辅材,MAT-ADH-001,FORMULA,5.0 kg/m²,0.05,kg,乙供,90,5.0,kg,m²,0,,[],[],,,,,
01,MAP-Q001,011301,天棚抹灰,"[""天棚抹灰"",""顶棚抹灰""]",1,干混抹灰砂浆 DP M10,主材,MAT-MOR-002,FORMULA,0.012 m³/m²,0.05,m³,乙供,100,0.012,m³,m²,0,,[],[],,,,,
01,MAP-Q002,011302,天棚吊顶,"[""吊顶"",""石膏板"",""天棚""]",1,轻钢龙骨（吊顶）,主材,MAT-FRM-001,FORMULA,3.5 m/m²,0.05,m,乙供,100,3.5,m,m²,0,北京2025定额轻钢龙骨架子目,[],[],,,,VERIFIED,京建发〔2025〕533号 第十三章 天棚工程
01,MAP-Q003,011302,天棚吊顶,"[""吊顶"",""石膏板"",""天棚""]",2,纸面石膏板 9.5mm,主材,MAT-BRD-001,FORMULA,1.05 m²/m²,0.05,m²,乙供,100,1.05,m²,m²,0,,[],[],,,,,
01,MAP-Q004,011302,天棚吊顶,"[""吊顶"",""天棚""]",3,内墙耐水腻子,辅材,MAT-PUT-001,FORMULA,1.5 kg/m²,0.05,kg,乙供,90,1.5,kg,m²,0,,[],[],,,,,
01,MAP-Q005,011302,天棚吊顶,"[""吊顶"",""天棚""]",4,内墙乳胶漆,辅材,MAT-PAI-001,FORMULA,0.35 kg/m²,0.10,kg,乙供,90,0.35,kg,m²,0,,[],[],,,,,
01,MAP-R001,011404,喷刷涂料,"[""乳胶漆"",""内墙涂料"",""墙面漆"",""墙面喷刷""]",1,内墙乳胶漆,主材,MAT-PAI-001,FORMULA,0.30 kg/m²,0.08,kg,乙供,100,0.30,kg,m²,0,,[],[],,,,,
01,MAP-R002,011404,喷刷涂料,"[""涂料"",""乳胶漆"",""墙面"",""腻子""]",2,内墙耐水腻子,辅材,MAT-PUT-001,FORMULA,1.5 kg/m²,0.05,kg,乙供,100,1.5,kg,m²,0,,[],[],,,,,
01,MAP-R003,011404,喷刷涂料,"[""外墙"",""涂料"",""真石漆"",""仿石""]",1,真石漆,主材,MAT-PAI-003,FORMULA,4.0 kg/m²,0.08,kg,乙供,100,4.0,kg,m²,0,,[],[],,,,,
01,MAP-R004,011404,喷刷涂料,"[""钢结构"",""防火涂料"",""薄型"",""膨胀型"",""钢构"",""防火漆""]",1,膨胀型钢结构防火涂料（薄型）,主材,MAT-FPC-001,FORMULA,1.2 kg/m²·mm,0.08,kg,乙供,100,1.2,kg,m²,0,·mm,[],[],,,,,
01,MAP-R005,011404,喷刷涂料,"[""钢结构"",""防火涂料"",""薄型"",""膨胀型""]",2,防火涂料稀释剂,辅材,MAT-FPC-003,FORMULA,0.2 kg/m²,0.05,kg,乙供,90,0.2,kg,m²,0,,[],[],,,,,
01,MAP-R006,011404,喷刷涂料,"[""钢结构"",""防火涂料"",""厚型"",""非膨胀""]",1,非膨胀型钢结构防火涂料（厚型）,主材,MAT-FPC-002,FORMULA,0.55 kg/m²·mm,0.10,kg,乙供,100,0.55,kg,m²,0,·mm,[],[],,,,,
01,MAP-R007,011404,喷刷涂料,"[""钢结构"",""防火涂料"",""厚型""]",2,热镀锌钢丝网,辅材,MAT-WMS-001,FORMULA,1.08 m²/m²,0.05,m²,乙供,90,1.08,m²,m²,0,,[],[],,,,,
01,MAP-R008,011404,喷刷涂料,"[""钢结构"",""防火涂料"",""厚型""]",3,环氧富锌底漆,辅材,MAT-PNT-001,FORMULA,0.2 kg/m²,0.05,kg,乙供,90,0.2,kg,m²,0,,[],[],,,,,
01,MAP-R009,011402,金属面油漆,"[""金属面"",""油漆"",""防锈漆"",""金属构件""]",1,环氧富锌底漆,主材,MAT-PNT-001,FORMULA,0.20 kg/m²,0.05,kg,乙供,100,0.20,kg,m²,0,,[],[],,,,,
01,MAP-M012,011003,其他防腐,"[""隔离层"",""沥青胶泥"",""防腐隔离""]",1,改性沥青嵌缝油膏,主材,MAT-SEA-002,FORMULA,0.524 kg/m²,0.05,kg,乙供,100,0.524,kg,m²,0,,[],[],,,,,
01,MAP-M013,011003,其他防腐,"[""防腐涂料"",""防腐漆"",""氯磺化"",""环氧防腐""]",2,环氧富锌底漆,主材,MAT-PNT-001,FORMULA,0.28 kg/m² (底漆一遍),0.05,kg,乙供,100,0.28,kg,m²,0,底漆一遍,[],[],,,,,
01,MAP-K001,010801,木门,"[""木质门"",""实木门"",""套装门"",""木门""]",1,木质门（成品）,主材,MAT-DOO-005,FORMULA,1.0 樘/樘,0.00,樘,乙供,100,1.0,樘,樘,0,,[],[],,,,,
01,MAP-K002,010802,金属门,"[""防盗门"",""钢质"",""进户门""]",1,钢质防盗门（成品）,主材,MAT-DOO-001,FORMULA,1.0 樘/樘,0.00,樘,乙供,100,1.0,樘,樘,0,,[],[],,,,,
01,MAP-K003,010802,金属门,"[""防火门"",""甲级防火"",""乙级防火""]",1,钢质防火门（成品）,主材,MAT-DOO-002,FORMULA,1.0 樘/樘,0.00,樘,乙供,100,1.0,樘,樘,0,,[],[],,,,,
01,MAP-K004,010802,金属门,"[""铝合金门"",""彩板门"",""塑钢门""]",1,铝合金门（成品）,主材,MAT-DOO-004,FORMULA,1.0 樘/樘,0.00,樘,乙供,100,1.0,樘,樘,0,,[],[],,,,,
01,MAP-K005,010807,金属窗,"[""断桥铝"",""铝合金窗"",""中空玻璃窗""]",1,断桥铝合金窗（成品）,主材,MAT-DOO-003,FORMULA,1.0 m²/m²,0.00,m²,乙供,100,1.0,m²,m²,0,,[],[],,,,,
01,MAP-I001,010702,木构件,"[""木柱"",""木梁"",""木檩"",""木构件""]",1,规格材（工程用材）,主材,MAT-WOO-001,FORMULA,1.01 m³/m³,0.08,m³,乙供,100,1.01,m³,m³,0,,[],[],,,,,
01,MAP-I002,010703,屋面木基层,"[""屋面木基层"",""木基层"",""屋面板""]",1,规格材（工程用材）,主材,MAT-WOO-001,FORMULA,0.00945 m³/m²,0.08,m³,乙供,100,0.00945,m³,m²,0,,[],[],,,,,
01,BD-MAP-G025,010503,一般预制混凝土构件,"[""预制构件"",""预制混凝土"",""预制板"",""预制梁"",""预制柱"",""预应力""]",1,预拌混凝土 C30,主材,MAT-CON-002,FORMULA,1.01 m3/m3,0.05,m3,乙供,100,1.01,m³,m³,0,,[],[],,,,,
01,BD-MAP-G026,010503,一般预制混凝土构件,"[""预制构件"",""预制钢筋"",""钢筋""]",2,热轧带肋钢筋 HRB400E,主材,MAT-STE-001,FORMULA,0.08 t/m3,0.025,t,乙供,90,0.08,t,m³,0,北京2025定额钢筋消耗量子目,[],[],,,,VERIFIED,京建发〔2025〕533号 第五章 钢筋工程
01,MAP-G022,010504,装配式预制混凝土构件,"[""装配式"",""PC构件"",""预制构件"",""叠合板"",""预制楼梯"",""预制墙板""]",1,预拌混凝土 C30,主材,MAT-CON-002,FORMULA,1.01 m3/m3,0.05,m3,乙供,100,1.01,m³,m³,0,,[],[],,,,,
01,MAP-G023,010504,装配式预制混凝土构件,"[""装配式"",""灌浆"",""套筒灌浆""]",2,装配式套筒灌浆料,辅材,MAT-GRO-002,FORMULA,0.015 t/处,0.05,t,乙供,90,0.015,t,处,0,,[],[],,,,,
01,MAP-G024,010504,装配式预制混凝土构件,"[""装配式"",""座浆"",""垫浆""]",3,座浆料,辅材,MAT-GRO-003,FORMULA,0.005 t/m,0.05,t,乙供,90,0.005,t,m,0,,[],[],,,,,
01,BD-MAP-F010,010404,轻质墙板,"[""轻质墙板"",""轻质隔墙板"",""ALC板"",""条板"",""墙板""]",1,轻质隔墙板(成品),主材,MAT-WAL-001,FORMULA,1.0 m2/m2,0.05,m2,乙供,100,1.0,m²,m²,0,,[],[],,,,,
01,BD-MAP-F011,010404,轻质墙板,"[""轻质墙板"",""嵌缝"",""嵌缝砂浆""]",2,干混砌筑砂浆 DM M5,辅材,MAT-MOR-001,FORMULA,0.005 m3/m2,0.05,m3,乙供,90,0.005,m³,m²,0,,[],[],,,,,
01,MAP-H007,010601,钢网架,"[""钢网架"",""网架"",""球节点网架"",""螺栓球网架""]",1,焊接球节点,主材,MAT-STE-009,FORMULA,0.15 t/t,0.03,t,乙供,100,0.15,t,t,0,,[],[],,,,,
01,MAP-H008,010601,钢网架,"[""钢网架"",""网架"",""钢管"",""无缝钢管""]",2,无缝钢管 Q355B,主材,MAT-STE-010,FORMULA,0.85 t/t,0.03,t,乙供,100,0.85,t,t,0,,[],[],,,,,
01,MAP-H009,010602,钢屋架、钢托架、钢桁架,"[""钢屋架"",""钢托架"",""钢桁架"",""屋架""]",1,热轧等边角钢 Q235B,主材,MAT-STE-011,FORMULA,0.50 t/t,0.03,t,乙供,100,0.50,t,t,0,,[],[],,,,,
01,MAP-H010,010602,钢屋架、钢托架、钢桁架,"[""钢屋架"",""钢托架"",""钢桁架"",""屋架"",""钢板""]",2,钢板 Q235B,主材,MAT-STE-006,FORMULA,0.40 t/t,0.03,t,乙供,100,0.40,t,t,0,,[],[],,,,,
01,MAP-H011,010605,钢板楼板、墙板、屋面板,"[""钢板楼板"",""钢板墙板"",""钢屋面板"",""压型钢板"",""彩钢板""]",1,压型钢板 YX51-760,主材,MAT-STE-012,FORMULA,1.05 m2/m2,0.03,m2,乙供,100,1.05,m²,m²,0,,[],[],,,,,
01,MAP-H012,010606,钢天窗架、墙架、挡风架,"[""钢天窗架"",""钢墙架"",""钢挡风架"",""天窗架"",""墙架""]",1,热轧等边角钢 Q235B,主材,MAT-STE-011,FORMULA,1.000 t/t,0.03,t,乙供,100,1.000,t,t,0,,[],[],,,,,
01,MAP-I003,010701,木屋架,"[""木屋架"",""木桁架"",""木梁架"",""方木屋架""]",1,方木(屋架用),主材,MAT-WOO-002,FORMULA,1.05 m3/m3,0.08,m3,乙供,100,1.05,m³,m³,0,,[],[],,,,,
01,BD-MAP-L016,010901,屋面,"[""瓦屋面"",""水泥瓦"",""彩瓦"",""屋面瓦"",""西班牙瓦""]",1,屋面瓦(水泥彩瓦),主材,MAT-WAP-010,FORMULA,1.05 m2/m2,0.05,m2,乙供,100,1.05,m²,m²,0,,[],[],,,,,
01,BD-MAP-L017,010901,屋面,"[""瓦屋面"",""挂瓦条"",""顺水条""]",2,规格材(工程用材),辅材,MAT-WOO-001,FORMULA,0.003 m3/m2,0.08,m3,乙供,90,0.003,m³,m²,0,,[],[],,,,,
01,MAP-L016,010901,屋面,"[""瓦屋面"",""防水卷材"",""SBS"",""防水层""]",3,SBS改性沥青防水卷材 3mm,辅材,MAT-WAP-001,FORMULA,1.13 m2/m2,0.05,m2,乙供,90,1.13,m²,m²,0,,[],[],,,,,
01,MAP-M014,011002,防腐面层,"[""防腐面层"",""防腐"",""耐腐蚀"",""过氯乙烯""]",1,过氯乙烯防腐漆,主材,MAT-PNT-002,FORMULA,0.30 kg/m2,0.05,kg,乙供,100,0.30,kg,m²,0,,[],[],,,,,
01,BD-MAP-N015,011103,橡塑面层,"[""橡塑面层"",""塑胶地板"",""PVC地板"",""橡胶地板"",""同透地板""]",1,同质透心塑胶地板 2mm,主材,MAT-FLR-001,FORMULA,1.05 m2/m2,0.03,m2,乙供,100,1.05,m²,m²,0,,[],[],,,,,
01,BD-MAP-N016,011103,橡塑面层,"[""橡塑面层"",""自流平"",""界面剂""]",2,干混地面砂浆 DS M20,辅材,MAT-MOR-005,FORMULA,0.015 m3/m2,0.05,m3,乙供,90,0.015,m³,m²,0,,[],[],,,,,
01,MAP-N006,011104,其他材料面层,"[""地毯"",""化纤地毯"",""满铺地毯"",""块毯""]",1,地毯(满铺),主材,MAT-AUX-003,FORMULA,1.05 m2/m2,0.05,m2,乙供,100,1.05,m²,m²,0,,[],[],,,,,
01,MAP-N007,011104,其他材料面层,"[""木地板"",""实木地板"",""复合地板"",""强化地板"",""拼装地板""]",1,木地板(成品),主材,MAT-AUX-004,FORMULA,1.02 m2/m2,0.03,m2,乙供,100,1.02,m²,m²,0,,[],[],,,,,
01,MAP-N008,011105,踢脚线,"[""踢脚线"",""踢脚板"",""木踢脚"",""实木踢脚""]",1,木踢脚线,主材,MAT-AUX-006,FORMULA,1.02 m/m,0.03,m,乙供,100,1.02,m,m,0,,[],[],,,,,
01,MAP-N009,011105,踢脚线,"[""踢脚线"",""石材踢脚"",""大理石踢脚""]",1,石材踢脚线,主材,MAT-AUX-007,FORMULA,1.02 m/m,0.03,m,乙供,100,1.02,m,m,0,,[],[],,,,,
01,MAP-N010,011106,楼梯面层,"[""楼梯面层"",""水磨石楼梯"",""预制踏步"",""楼梯踏步""]",1,预制水磨石踏步板,主材,MAT-AUX-005,FORMULA,1.02 m2/m2,0.03,m2,乙供,100,1.02,m²,m²,0,,[],[],,,,,
01,MAP-N011,011106,楼梯面层,"[""楼梯面层"",""地砖楼梯"",""瓷砖楼梯""]",1,防滑地砖 800x800,主材,MAT-TIL-006,FORMULA,1.03 m2/m2,0.03,m2,乙供,100,1.03,m²,m²,0,,[],[],,,,,
01,MAP-N012,011107,台阶装饰,"[""台阶"",""台阶装饰"",""花岗岩台阶"",""石材台阶"",""地砖台阶""]",1,防滑地砖 800x800,主材,MAT-TIL-006,FORMULA,1.03 m2/m2,0.03,m2,乙供,100,1.03,m²,m²,0,,[],[],,,,,
01,MAP-N013,011108,零星装饰项目,"[""零星装饰"",""小块料"",""装饰小品""]",1,防滑地砖 800x800,主材,MAT-TIL-006,FORMULA,1.03 m2/m2,0.03,m2,乙供,100,1.03,m²,m²,0,,[],[],,,,,
01,MAP-N014,011109,装配式楼地面及其他,"[""装配式楼地面"",""架空地板"",""防静电地板"",""高架地板"",""OA地板""]",1,木地板(成品),主材,MAT-AUX-004,FORMULA,1.02 m2/m2,0.03,m2,乙供,100,1.02,m²,m²,0,,[],[],,,,,
01,MAP-P006,011202,零星抹灰,"[""零星抹灰"",""装饰抹灰"",""线条抹灰"",""水泥砂浆抹灰""]",1,干混抹灰砂浆 DP M15,主材,MAT-MOR-002,FORMULA,0.0226 m3/m2,0.05,m3,乙供,100,0.0226,m³,m²,0,,[],[],,,,,
01,MAP-P007,011204,零星块料面层,"[""零星块料"",""小块料"",""面砖"",""瓷片""]",1,墙面砖 300x600,主材,MAT-TIL-004,FORMULA,1.03 m2/m2,0.03,m2,乙供,100,1.03,m²,m²,0,,[],[],,,,,
01,MAP-P008,011204,零星块料面层,"[""零星块料"",""面砖"",""瓷砖胶"",""粘结剂""]",2,瓷砖粘结剂,辅材,MAT-ADH-001,FORMULA,0.004 t/m2,0.03,t,乙供,90,0.004,t,m²,0,,[],[],,,,,
01,MAP-P009,011205,墙柱饰面,"[""墙饰面"",""柱饰面"",""干挂石材"",""石材墙面"",""干挂""]",1,花岗岩板(墙面用) 25mm,主材,MAT-STO-003,FORMULA,1.02 m2/m2,0.03,m2,乙供,100,1.02,m²,m²,0,,[],[],,,,,
01,MAP-P010,011206,幕墙工程,"[""幕墙"",""玻璃幕墙"",""铝板幕墙"",""石材幕墙""]",1,铝合金型材(幕墙用),主材,MAT-ALM-001,FORMULA,0.012 t/m2,0.03,t,乙供,100,0.012,t,m²,0,,[],[],,,,,
01,MAP-P011,011206,幕墙工程,"[""幕墙"",""玻璃幕墙"",""中空幕墙玻璃""]",2,钢化中空玻璃 6Low-E+12A+6,主材,MAT-GLA-002,FORMULA,1.02 m2/m2,0.03,m2,乙供,100,1.02,m²,m²,0,,[],[],,,,,
01,MAP-P012,011206,幕墙工程,"[""幕墙"",""密封胶"",""硅酮胶""]",3,硅酮耐候密封胶,辅材,MAT-SEA-001,FORMULA,0.80 支/m2,0.05,支,乙供,90,0.80,支,m²,0,,[],[],,,,,
01,MAP-P013,011207,隔墙、隔断,"[""隔墙"",""隔断"",""轻钢龙骨隔墙"",""75龙骨"",""隔墙龙骨""]",1,轻钢龙骨(隔墙用) 75型,主材,MAT-FRM-002,FORMULA,3.5 m/m2,0.03,m,乙供,100,3.5,m,m²,0,,[],[],,,,,
01,MAP-P014,011207,隔墙、隔断,"[""隔墙"",""隔断"",""硅酸钙板"",""FC板"",""纤维水泥板""]",2,硅酸钙板 8mm,主材,MAT-BRD-003,FORMULA,2.10 m2/m2,0.05,m2,乙供,100,2.10,m²,m²,0,,[],[],,,,,
01,MAP-Q008,011303,天棚其他装饰,"[""天棚"",""吊顶"",""矿棉板"",""吸音板"",""铝合金龙骨""]",1,铝合金龙骨(天棚用),主材,MAT-FRM-003,FORMULA,3.5 m/m2,0.03,m,乙供,100,3.5,m,m²,0,,[],[],,,,,
01,MAP-Q009,011303,天棚其他装饰,"[""天棚"",""吊顶"",""矿棉板"",""吸音板"",""600x600""]",2,矿棉吸音板 600x600,主材,MAT-BRD-004,FORMULA,1.05 m2/m2,0.05,m2,乙供,100,1.05,m²,m²,0,,[],[],,,,,
01,MAP-R010,011401,木材面油漆,"[""木材面油漆"",""木门油漆"",""木扶手油漆"",""木饰面油漆"",""木材面""]",1,防火涂料(饰面型),主材,MAT-FPC-004,FORMULA,0.50 kg/m2,0.05,kg,乙供,100,0.50,kg,m²,0,,[],[],,,,,
01,MAP-R011,011403,抹灰面油漆,"[""抹灰面油漆"",""内墙涂料"",""乳胶漆"",""墙面漆"",""大白浆""]",1,内墙乳胶漆,主材,MAT-PAI-001,FORMULA,0.40 kg/m2,0.05,kg,乙供,100,0.40,kg,m²,0,,[],[],,,,,
01,MAP-R012,011403,抹灰面油漆,"[""抹灰面"",""腻子"",""刮腻子"",""耐水腻子""]",2,耐水腻子,辅材,MAT-PUT-001,FORMULA,0.002 t/m2,0.05,t,乙供,90,0.002,t,m²,0,,[],[],,,,,
01,MAP-R013,011405,裱糊,"[""裱糊"",""壁纸"",""墙纸"",""壁布"",""无纺布壁纸""]",1,壁纸(无纺布),主材,MAT-WAL-002,FORMULA,1.10 m2/m2,0.05,m2,乙供,100,1.10,m²,m²,0,,[],[],,,,,
01,MAP-R014,011405,裱糊,"[""裱糊"",""壁纸"",""墙纸"",""壁纸胶"",""基膜""]",2,内墙乳胶漆,辅材,MAT-PAI-001,FORMULA,0.05 kg/m2,0.05,kg,乙供,90,0.05,kg,m²,0,,[],[],,,,,
01,MAP-S013,011501,柜、架、台,"[""柜"",""架"",""台"",""展示柜"",""货架"",""服务台""]",1,细木工板 18mm,主材,MAT-WOO-003,FORMULA,0.015 m3/m2,0.08,m3,乙供,100,0.015,m³,m²,0,,[],[],,,,,
01,MAP-S014,011502,装饰线条,"[""装饰线条"",""木线条"",""石膏线条"",""罗马柱线条""]",1,装饰线条(成品木线),主材,MAT-AUX-008,FORMULA,1.05 m/m,0.05,m,乙供,100,1.05,m,m,0,,[],[],,,,,
01,MAP-S015,011503,扶手栏杆栏板装饰,"[""扶手"",""栏杆"",""栏板"",""不锈钢扶手"",""不锈钢栏杆""]",1,不锈钢管 304  phi50,主材,MAT-STE-013,FORMULA,1.02 m/m,0.03,m,乙供,100,1.02,m,m,0,,[],[],,,,,
01,MAP-S016,011503,扶手栏杆栏板装饰,"[""栏杆"",""栏板"",""玻璃栏板"",""钢化玻璃""]",2,钢化玻璃 12mm(落地玻璃),主材,MAT-GLA-003,FORMULA,1.02 m2/m2,0.03,m2,乙供,90,1.02,m²,m²,0,,[],[],,,,,
01,MAP-S017,011504,暖气罩,"[""暖气罩"",""散热器罩"",""暖气包""]",1,细木工板 18mm,主材,MAT-WOO-003,FORMULA,0.02 m3/m2,0.08,m3,乙供,100,0.02,m³,m²,0,,[],[],,,,,
01,MAP-S018,011505,浴厕配件,"[""浴厕配件"",""银镜"",""镜子"",""浴巾架"",""肥皂盒"",""手纸盒""]",1,镜子(银镜) 5mm,主材,MAT-GLA-004,FORMULA,1.02 m2/m2,0.03,m2,乙供,100,1.02,m²,m²,0,,[],[],,,,,
01,MAP-S019,011506,雨篷旗杆装饰柱,"[""雨篷"",""玻璃雨篷"",""钢化玻璃雨篷"",""采光顶""]",1,钢化玻璃 12mm(落地玻璃),主材,MAT-GLA-003,FORMULA,1.02 m2/m2,0.03,m2,乙供,100,1.02,m²,m²,0,,[],[],,,,,
01,MAP-S020,011507,招牌灯箱,"[""招牌"",""灯箱"",""广告牌"",""亚克力灯箱"",""店招""]",1,亚克力灯箱板,主材,MAT-AUX-009,FORMULA,1.05 m2/m2,0.05,m2,乙供,100,1.05,m²,m²,0,,[],[],,,,,
01,MAP-S021,011508,美术字,"[""美术字"",""发光字"",""亚克力字"",""不锈钢字"",""铜字""]",1,亚克力灯箱板,主材,MAT-AUX-009,FORMULA,0.50 m2/字,0.05,m2,乙供,100,0.50,m²,字,0,,[],[],,,,,
01,MAP-K007,010803,金属卷帘(闸)门,"[""金属卷帘门"",""卷闸门"",""防火卷帘"",""钢质卷帘"",""彩板卷帘""]",1,钢质防火卷帘门,主材,MAT-DOO-016,FORMULA,1.0 m2/m2,0.0,m2,乙供,100,1.0,m²,m²,0,,[],[],,,,,
01,MAP-K008,010804,厂库房大门、特种门,"[""厂库大门"",""钢木大门"",""平开大门"",""推拉大门"",""特种门"",""保温门""]",1,钢木大门(平开),主材,MAT-DOO-006,FORMULA,1.0 樘/樘,0.0,樘,乙供,100,1.0,樘,樘,0,,[],[],,,,,
01,MAP-K009,010805,其他门,"[""推拉门"",""移门"",""折叠门"",""成品推拉门"",""感应门"",""旋转门""]",1,推拉门(成品),主材,MAT-DOO-007,FORMULA,1.0 樘/樘,0.0,樘,乙供,100,1.0,樘,樘,0,,[],[],,,,,
01,MAP-K010,010806,木窗,"[""木窗"",""实木窗"",""成品木窗"",""木百叶窗""]",1,木窗(成品),主材,MAT-WOO-004,FORMULA,1.0 m2/m2,0.0,樘,乙供,100,1.0,m²,m²,0,,[],[],,,,,
01,MAP-K011,010808,门窗套,"[""门窗套"",""门套"",""窗套"",""套线"",""成品门套"",""筒子板""]",1,门窗套线(成品),主材,MAT-AUX-010,FORMULA,1.02 m/m,0.03,m,乙供,100,1.02,m,m,0,,[],[],,,,,
01,MAP-K012,010809,窗台板,"[""窗台板"",""人造石窗台"",""大理石窗台"",""窗台""]",1,窗台板(人造石),主材,MAT-AUX-011,FORMULA,1.02 m/m,0.03,m,乙供,100,1.02,m,m,0,,[],[],,,,,
01,MAP-K013,010810,窗帘、窗帘盒、轨,"[""窗帘"",""布艺窗帘"",""卷帘"",""百叶帘"",""成品帘""]",1,窗帘(成品),主材,MAT-AUX-012,FORMULA,1.05 m2/m2,0.03,m2,乙供,100,1.05,m²,m²,0,,[],[],,,,,
01,MAP-K014,010810,窗帘、窗帘盒、轨,"[""窗帘轨"",""窗帘盒"",""窗帘杆"",""罗马杆"",""滑轨""]",2,窗帘轨(成品),主材,MAT-AUX-013,FORMULA,1.05 m/m,0.03,m,乙供,100,1.05,m,m,0,,[],[],,,,,
01,MAP-M015,011002,防腐面层,"[""防腐混凝土"",""耐酸混凝土"",""防腐面层(混凝土)""]",2,防腐混凝土 C30,主材,MAT-CON-006,FORMULA,1.02 m³/m³,0.02,m³,乙供,100,1.02,m³,m³,0,,[],[],,,,,
01,MAP-M016,011002,防腐面层,"[""防腐砂浆"",""耐酸砂浆"",""防腐面层(砂浆)""]",2,防腐砂浆,主材,MAT-MOR-007,FORMULA,1.02 m³/m³,0.05,m³,乙供,100,1.02,m³,m³,0,,[],[],,,,,
01,MAP-M017,011002,防腐面层,"[""防腐胶泥"",""耐酸胶泥"",""树脂胶泥"",""防腐面层(胶泥)""]",2,防腐胶泥,主材,MAT-AUX-014,FORMULA,3.5 kg/m²,0.05,kg,乙供,100,3.5,kg,m²,0,,[],[],,,,,
01,MAP-M018,011002,防腐面层,"[""玻璃钢"",""FRP"",""玻璃钢面层"",""防腐面层(玻璃钢)""]",2,玻璃钢(FRP)板 2mm,主材,MAT-BRD-005,FORMULA,1.05 m²/m²,0.05,m²,乙供,100,1.05,m²,m²,0,,[],[],,,,,
01,MAP-M019,011002,防腐面层,"[""PVC板"",""聚氯乙烯板"",""塑料板"",""防腐面层(PVC)""]",2,聚氯乙烯板(PVC) 3mm,主材,MAT-BRD-006,FORMULA,1.05 m²/m²,0.03,m²,乙供,100,1.05,m²,m²,0,,[],[],,,,,
01,MAP-M020,011002,防腐面层,"[""耐酸砖"",""耐酸瓷"",""缸砖"",""防腐面层(块料)""]",2,耐酸砖(面层用) 230×113×65,主材,MAT-TIL-005,FORMULA,1.03 m²/m²,0.04,m²,乙供,100,1.03,m²,m²,0,,[],[],,,,,
01,MAP-M021,011002,防腐面层,"[""聚合物"",""PCM"",""聚合物水泥"",""防腐面层(聚合物)""]",3,聚合物水泥砂浆,辅材,MAT-MOR-008,FORMULA,0.005 t/m²,0.05,t,乙供,90,0.005,t,m²,0,,[],[],,,,,
01,MAP-M022,011003,其他防腐,"[""防腐混凝土"",""耐酸混凝土""]",1,防腐混凝土 C30,主材,MAT-CON-006,FORMULA,1.02 m³/m³,0.02,m³,乙供,100,1.02,m³,m³,0,,[],[],,,,,
01,MAP-M023,011003,其他防腐,"[""防腐砂浆"",""耐酸砂浆""]",1,防腐砂浆,主材,MAT-MOR-007,FORMULA,1.02 m³/m³,0.05,m³,乙供,100,1.02,m³,m³,0,,[],[],,,,,
01,MAP-P015,011205,墙柱饰面,"[""装饰面板"",""饰面板"",""装饰板"",""墙饰面(板)""]",2,装饰饰面板(成品) 2440×1220,主材,MAT-BRD-007,FORMULA,1.05 m²/m²,0.05,m²,乙供,100,1.05,m²,m²,0,,[],[],,,,,
01,MAP-P016,011205,墙柱饰面,"[""软包"",""皮革软包"",""布艺软包"",""软包饰面""]",3,软包面料(成品),主材,MAT-AUX-015,FORMULA,1.05 m²/m²,0.05,m²,乙供,100,1.05,m²,m²,0,,[],[],,,,,
01,MAP-P017,011205,墙柱饰面,"[""保温装饰一体板"",""保温一体板"",""SI板""]",4,保温装饰一体板,主材,MAT-BRD-008,FORMULA,1.02 m²/m²,0.03,m²,乙供,100,1.02,m²,m²,0,,[],[],,,,,
01,MAP-P018,011205,墙柱饰面,"[""装配式装饰板"",""集成墙板"",""成品墙板"",""快装墙板"",""装配式墙板""]",5,装配式装饰板(成品),主材,MAT-BRD-009,FORMULA,1.05 m²/m²,0.03,m²,乙供,100,1.05,m²,m²,0,,[],[],,,,,
01,MAP-G027,010502,现浇混凝土构件,"[""水下混凝土"",""水下灌注"",""水下C30"",""水下施工""]",1,水下混凝土 C30,主材,MAT-CON-007,FORMULA,1.01 m³/m³,0.02,m³,乙供,100,1.01,m³,m³,0,,[],[],,,,,
01,MAP-G028,010502,现浇混凝土构件,"[""防水混凝土"",""抗渗混凝土"",""P6"",""P8"",""P10"",""P12"",""抗渗""]",1,防水混凝土 P8,主材,MAT-CON-008,FORMULA,1.01 m³/m³,0.02,m³,乙供,100,1.01,m³,m³,0,,[],[],,,,,
01,MAP-G025,010502,现浇混凝土构件,"[""耐酸混凝土"",""抗酸混凝土""]",1,耐酸混凝土,主材,MAT-CON-009,FORMULA,1.01 m³/m³,0.02,m³,乙供,100,1.01,m³,m³,0,,[],[],,,,,
01,MAP-G026,010502,现浇混凝土构件,"[""轻骨料混凝土"",""轻质混凝土"",""LC5.0"",""陶粒混凝土""]",1,轻骨料混凝土 LC5.0,主材,MAT-CON-010,FORMULA,1.01 m³/m³,0.02,m³,乙供,100,1.01,m³,m³,0,,[],[],,,,,
01,MAP-E008,010302,灌注桩,"[""水下混凝土"",""水下灌注"",""水下C30"",""泥浆护壁水下""]",3,水下混凝土 C30,主材,MAT-CON-007,FORMULA,1.20 m³/m³,0.05,m³,乙供,100,1.20,m³,m³,0,,[],[],,,,,
01,MAP-K015,010807,金属窗,"[""塑钢窗"",""塑料窗"",""PVC窗"",""塑钢推拉窗"",""塑钢平开窗""]",2,塑钢窗(成品),主材,MAT-DOO-009,FORMULA,1.0 m²/m²,0.0,m²,乙供,100,1.0,m²,m²,0,,[],[],,,,,
01,MAP-K016,010807,金属窗,"[""防火窗"",""耐火窗"",""防火玻璃窗"",""钢质防火窗""]",2,防火窗(成品),主材,MAT-DOO-010,FORMULA,1.0 m²/m²,0.0,m²,乙供,100,1.0,m²,m²,0,,[],[],,,,,
01,MAP-K017,010807,金属窗,"[""百叶窗"",""铝合金百叶"",""百叶"",""透气窗""]",2,百叶窗(成品),主材,MAT-DOO-011,FORMULA,1.0 m²/m²,0.0,m²,乙供,100,1.0,m²,m²,0,,[],[],,,,,
01,MAP-K018,010807,金属窗,"[""纱窗"",""金刚网"",""隐形纱窗""]",2,纱窗(成品),主材,MAT-DOO-012,FORMULA,1.0 m²/m²,0.0,m²,乙供,100,1.0,m²,m²,0,,[],[],,,,,
01,MAP-K019,010804,厂库房大门、特种门,"[""特种门"",""保温门"",""隔音门"",""防射线门"",""屏蔽门""]",2,特种门(成品),主材,MAT-DOO-013,FORMULA,1.0 樘/樘,0.0,樘,乙供,100,1.0,樘,樘,0,,[],[],,,,,
01,MAP-K030,010804,厂库房大门、特种门,"[""钢制保温门"",""钢质保温门"",""保温钢门"",""钢保温门""]",1,钢制保温门(成品),主材,MAT-DOO-017,FORMULA,1.0 樘/樘,0.00,樘,乙供,100,1.0,樘,樘,0,,[],[],,,,,
01,MAP-K031,010802,金属门,"[""钢制保温门"",""钢质保温门"",""保温钢门"",""钢保温门""]",1,钢制保温门(成品),主材,MAT-DOO-017,FORMULA,1.0 樘/樘,0.00,樘,乙供,100,1.0,樘,樘,0,,[],[],,,,,
01,MAP-K020,010805,其他门,"[""感应门"",""自动门"",""电子感应门"",""电动感应门"",""自动感应门""]",2,电子感应门(成品),主材,MAT-DOO-014,FORMULA,1.0 樘/樘,0.0,樘,乙供,100,1.0,樘,樘,0,,[],[],,,,,
01,MAP-K021,010805,其他门,"[""全玻门"",""玻璃自由门"",""全玻自由门"",""玻璃地弹簧门""]",2,全玻自由门(成品),主材,MAT-DOO-015,FORMULA,1.0 樘/樘,0.0,樘,乙供,100,1.0,樘,樘,0,,[],[],,,,,
01,MAP-K022,010806,木窗,"[""防火窗"",""木质防火窗"",""木制防火窗""]",2,木窗(成品),主材,MAT-WOO-004,FORMULA,1.0 m²/m²,0.0,m²,乙供,100,1.0,m²,m²,0,,[],[],,,,,
01,MAP-K023,010807,金属窗,"[""执手锁"",""窗锁"",""窗执手"",""窗户把手"",""把手锁""]",3,窗用执手锁（铝合金）,辅材,MAT-HDW-001,FORMULA,1.5 把/m²,0.03,把,乙供,80,1.5,把,m²,0,,[],[],,,,,
01,MAP-K024,010807,金属窗,"[""铰链"",""窗铰链"",""摩擦铰链"",""滑撑"",""窗合页""]",4,窗用摩擦铰链（不锈钢）,辅材,MAT-HDW-002,FORMULA,3.0 只/m²,0.03,只,乙供,80,3.0,只,m²,0,,[],[],,,,,
01,MAP-K025,010807,金属窗,"[""预埋铁脚"",""铁脚"",""窗固定铁件"",""窗锚固件""]",5,预埋铁脚（镀锌）,辅材,MAT-PRE-003,FORMULA,3.0 只/m²,0.05,只,乙供,70,3.0,只,m²,0,,[],[],,,,,
01,MAP-K026,010807,金属窗,"[""发泡剂"",""聚氨酯发泡"",""发泡填缝"",""泡沫填缝"",""窗缝""]",6,聚氨酯发泡剂 750ml,辅材,MAT-SEA-004,FORMULA,0.15 支/m²,0.05,支,乙供,70,0.15,支,m²,0,,[],[],,,,,
01,MAP-K027,010807,金属窗,"[""密封胶"",""硅酮胶"",""耐候胶"",""窗密封"",""窗收口""]",7,硅酮耐候密封胶,辅材,MAT-SEA-001,FORMULA,0.25 支/m²,0.05,支,乙供,70,0.25,支,m²,0,,[],[],,,,,
