省份编码,专业编码,T2映射编码,参数名,基准损耗率,覆盖损耗率,基准值描述,覆盖值描述,差异标签,定额出处,子目验证,active_flag,active_flag
GD,03,MAP-A008,steel_loss_rate,0.06,0.05,0.060 (陕西6.0%),0.050 (广东5.0%),MINOR,广东2018 第四册 附录 型钢损耗率5.0%,1,1,1
GD,03,MAP-B005,welding_rod_base,0.05,0.05,0.350 kg/10m(结422陕西),0.765 kg/10m(合金钢广东),MAJOR,广东2018 第一册C.1.9.14 合金钢焊条，子目消耗[0.765]kg/10m,1,1,1
GD,03,MAP-B006,pipe_loss_rate,0.02,0.02,0.020 (陕西2.0%),0.020 (广东2.0%[10.200]),SAME,广东2018 第八册 低压碳钢管[10.200]m/10m,1,1,1
GD,03,MAP-B012,pipe_loss_rate,0.02,0.03,0.020 (陕西2.0%),0.030 (广东3.0%),MINOR,广东2018 第八册 附录 塑料管损耗率3.0%,1,1,1
GD,03,MAP-B014,steel_loss_rate,0.06,0.05,0.060 (陕西6.0%),0.050 (广东5.0%),MINOR,广东2018 第四册 附录 型钢损耗率5.0%,1,1,1
GD,03,MAP-C003,steel_loss_rate,0.06,0.062,0.060 (陕西6.0%),0.062 (广东6.2%),SAME,广东2018 第三册 附录 油罐钢板损耗率6.2%,1,1,1
GD,03,MAP-C004,welding_rod_base,0.05,0.05,0.350 kg/10m(结422陕西),0.765 kg/10m(合金钢广东),MAJOR,广东2018 第一册C.1.9.14 合金钢焊条,1,1,1
GD,03,MAP-D011,cable_loss_rate,0.025,0.01,0.025 (陕西2.5%),0.010 (广东1.0%[101.000]),MAJOR,广东2018 第四册 p285 铜芯电缆[101.000]m/100m,1,1,1
GD,03,MAP-D012,cable_loss_rate,0.025,0.01,0.025 (陕西2.5%),0.010 (广东1.0%),MAJOR,广东2018 第四册 附录 电力电缆损耗率1.0%,1,1,1
GD,03,MAP-D013,cable_loss_rate,0.025,0.015,0.025 (陕西2.5%),0.015 (广东1.5%[101.500]),MINOR,广东2018 第四册 p293 控制电缆[101.500]m/100m,1,1,1
GD,03,MAP-D015,cable_loss_rate,0.025,0.01,0.025 (陕西2.5%),0.010 (广东1.0%),MAJOR,广东2018 第四册 附录 电力电缆损耗率1.0%,1,1,1
GD,03,MAP-D021,cable_loss_rate,0.025,0.01,0.025 (陕西2.5%),0.010 (广东1.0%),MAJOR,广东2018 第四册 附录 电力电缆损耗率1.0%,1,1,1
GD,03,MAP-D027,cable_loss_rate,0.025,0.01,0.025 (陕西2.5%),0.010 (广东1.0%),MAJOR,广东2018 第四册 附录 电力电缆损耗率1.0%,1,1,1
GD,03,AN-MAP-D005,bus_loss_rate,0.025,0.023,0.025 (陕西2.5%),0.023 (广东2.3%[10.230]),SAME,广东2018 第四册 p89 带形母线[10.230]m/10m,1,1,1
GD,03,MAP-D009,conduit_loss_rate,0.06,0.03,0.060 (陕西6.0%),0.030 (广东3.0%[10.300]),MAJOR,广东2018 第四册 p295 钢管[10.300]m/10m,1,1,1
GD,03,MAP-D023,conduit_loss_rate,0.06,0.03,0.060 (陕西6.0%),0.030 (广东3.0%),MAJOR,广东2018 第四册 附录 管材管件损耗率3.0%,1,1,1
GD,03,MAP-D028,conduit_loss_rate,0.06,0.03,0.060 (陕西6.0%),0.030 (广东3.0%),MAJOR,广东2018 第四册 附录 管材管件损耗率3.0%,1,1,1
GD,03,MAP-D030,conduit_loss_rate,0.06,0.03,0.060 (陕西6.0%),0.030 (广东3.0%),MAJOR,广东2018 第四册 附录 管材管件损耗率3.0%,1,1,1
GD,03,MAP-D024,wire_loss_rate,0.025,0.018,0.025 (陕西2.5%),0.018 (广东1.8%),MINOR,广东2018 第四册 附录 绝缘导线损耗率1.8%,1,1,1
GD,03,AN-MAP-D006,steel_loss_rate,0.06,0.05,0.060 (陕西6.0%),0.050 (广东5.0%),MINOR,广东2018 第四册 附录 型钢损耗率5.0%,1,1,1
GD,03,MAP-D014,steel_loss_rate,0.06,0.05,0.060 (陕西6.0%),0.050 (广东5.0%),MINOR,广东2018 第四册 附录 型钢损耗率5.0%,1,1,1
GD,03,MAP-D016,steel_loss_rate,0.06,0.05,0.060 (陕西6.0%),0.050 (广东5.0%),MINOR,广东2018 第四册 附录 型钢损耗率5.0%,1,1,1
GD,03,MAP-D017,steel_loss_rate,0.06,0.05,0.060 (陕西6.0%),0.050 (广东5.0%),MINOR,广东2018 第四册 附录 型钢损耗率5.0%,1,1,1
GD,03,MAP-D022,steel_loss_rate,0.06,0.05,0.060 (陕西6.0%),0.050 (广东5.0%),MINOR,广东2018 第四册 附录 型钢损耗率5.0%,1,1,1
GD,03,AN-MAP-D002,ground_loss_rate,0.06,0.05,0.060 (陕西6.0%),0.050 (广东5.0%),MINOR,广东2018 第四册 附录 型钢损耗率5.0%,1,1,1
GD,03,MAP-D029,ground_loss_rate,0.06,0.05,0.060 (陕西6.0%),0.050 (广东5.0%),MINOR,广东2018 第四册 附录 型钢损耗率5.0%,1,1,1
GD,03,MAP-D033,ground_loss_rate,0.06,0.05,0.060 (陕西6.0%),0.050 (广东5.0%),MINOR,广东2018 第四册 附录 型钢损耗率5.0%,1,1,1
GD,03,MAP-D018,termination_loss,0.03,0.02,0.030 (陕西3.0%),0.020 (广东2.0%[1.020]),MINOR,广东2018 第四册 p312 热缩式电缆终端头[1.020]套/套,1,1,1
GD,03,MAP-D019,firestop_loss,0.05,0.05,0.050 (陕西5.0%),0.050 (广东5.0%),SAME,广东2018 第四册 附录 水泥/防火泥4.0%~5.0%,1,1,1
GD,03,MAP-D034,insulation_loss,0.05,0.05,0.050 (陕西5.0%),0.050 (广东5.0%),SAME,广东2018 第四册 附录 塑料制品5.0%,1,1,1
GD,03,MAP-D020,fireproof_coating,0.05,0.05,0.550 kg/m²(陕西),0.550 kg/m²(广东),SAME,两省定额防火涂料用量一致,1,1,1
GD,03,AN-MAP-E001,cable_loss_rate,0.025,0.02,0.025 (陕西2.5%),0.020 (广东2.0%),MINOR,广东2018 第五册 附录 各类线缆损耗率2.0%,1,1,1
GD,03,AN-MAP-E003,cable_loss_rate,0.025,0.02,0.025 (陕西2.5%),0.020 (广东2.0%),MINOR,广东2018 第五册 附录 各类线缆损耗率2.0%,1,1,1
GD,03,AN-MAP-E005,cable_loss_rate,0.025,0.02,0.025 (陕西2.5%),0.020 (广东2.0%),MINOR,广东2018 第五册 附录 各类线缆损耗率2.0%,1,1,1
GD,03,AN-MAP-E007,cable_loss_rate,0.025,0.02,0.025 (陕西2.5%),0.020 (广东2.0%),MINOR,广东2018 第五册 附录 各类线缆损耗率2.0%,1,1,1
GD,03,AN-MAP-E008,cable_loss_rate,0.025,0.02,0.025 (陕西2.5%),0.020 (广东2.0%),MINOR,广东2018 第五册 附录 各类线缆损耗率2.0%,1,1,1
GD,03,MAP-E009,cable_loss_rate,0.025,0.02,0.025 (陕西2.5%),0.020 (广东2.0%),MINOR,广东2018 第五册 附录 各类线缆损耗率2.0%,1,1,1
GD,03,MAP-E010,cable_loss_rate,0.025,0.02,0.025 (陕西2.5%),0.020 (广东2.0%),MINOR,广东2018 第五册 附录 各类线缆损耗率2.0%,1,1,1
GD,03,MAP-E011,cable_loss_rate,0.025,0.02,0.025 (陕西2.5%),0.020 (广东2.0%),MINOR,广东2018 第五册 附录 各类线缆损耗率2.0%,1,1,1
GD,03,AN-MAP-E002,conduit_loss_rate,0.06,0.03,0.060 (陕西6.0%),0.030 (广东3.0%),MAJOR,广东2018 第四册 附录 管材管件损耗率3.0%,1,1,1
GD,03,AN-MAP-E004,conduit_loss_rate,0.06,0.03,0.060 (陕西6.0%),0.030 (广东3.0%),MAJOR,广东2018 第四册 附录 管材管件损耗率3.0%,1,1,1
GD,03,AN-MAP-E006,conduit_loss_rate,0.06,0.03,0.060 (陕西6.0%),0.030 (广东3.0%),MAJOR,广东2018 第四册 附录 管材管件损耗率3.0%,1,1,1
GD,03,MAP-E012,conduit_loss_rate,0.06,0.03,0.060 (陕西6.0%),0.030 (广东3.0%),MAJOR,广东2018 第四册 附录 管材管件损耗率3.0%,1,1,1
GD,03,AN-MAP-F007,tubing_loss_rate,0.03,0.03,0.030 (陕西3.0%),0.030 (广东3.0%),SAME,广东2018 第六册 附录 不锈钢管损耗率3.0%,1,1,1
GD,03,AN-MAP-F004,cable_loss_rate,0.025,0.02,0.025 (陕西2.5%),0.020 (广东2.0%),MINOR,广东2018 第六册 附录 电缆损耗率2.0%,1,1,1
GD,03,AN-MAP-F009,steel_loss_rate,0.06,0.04,0.060 (陕西6.0%),0.040 (广东4.0%),MINOR,广东2018 第六册 附录 型钢损耗率4.0%,1,1,1
GD,03,AN-MAP-G005,duct_loss_rate,0.06,0.138,0.060 (陕西6.0%),0.138 (广东13.80%[11.380]),MAJOR,广东2018 第七册 p75-77 镀锌钢板咬口风管[11.380]m²/10m²,1,1,1
GD,03,AN-MAP-G006,steel_loss_rate,0.06,0.04,0.060 (陕西6.0%),0.040 (广东4.0%),MINOR,广东2018 第七册 附录 型钢损耗率4.0%,1,1,1
GD,03,AN-MAP-H001,pipe_loss_rate,0.02,0.02,0.020 (陕西2.0%),0.020 (广东2.0%[10.200]),SAME,广东2018 第八册 p75 C.8.2.1 碳钢管[10.200]m/10m,1,1,1
GD,03,AN-MAP-H006,pipe_loss_rate,0.02,0.02,0.020 (陕西2.0%),0.020 (广东2.0%),SAME,广东2018 第八册 C.8.3 中压管道消耗量同低压,1,1,1
GD,03,AN-MAP-H009,pipe_loss_rate,0.02,0.036,0.020 (陕西2.0%),0.036 (全国统一定额3.6%[全网检索]),MAJOR,全国统一安装工程预算定额第六册附录:高压碳管3.6%;广东第八册附录同;C.8.4.1子目[9.690]m/10m计量方法不同;建议按国标3.6%,0,1,1
GD,03,MAP-H025,steel_loss_rate,0.06,0.05,0.060 (陕西6.0%),0.050 (广东5.0%),MINOR,广东2018 第三册 附录 型钢损耗率5.0%,1,1,1
GD,03,AN-MAP-I001,pipe_loss_rate,0.02,0.02,0.020 (陕西2.0%),0.020 (广东2.0%[10.200]),SAME,广东2018 第八册 低压碳钢管[10.200]m/10m 消防适用,1,1,1
GD,03,MAP-I006,pipe_loss_rate,0.02,0.036,0.020 (陕西2.0%),0.036 (全国统一定额不锈管3.6%[全网检索]),MAJOR,全国统一安装工程预算定额第六册附录:低中高压不锈管3.6%;广东第八册C.8.3.3[9.840]m/10m计量不同;消防低压建议按行业标准3.6%,0,1,1
GD,03,MAP-I011,cable_loss_rate,0.025,0.01,0.025 (陕西2.5%),0.010 (广东1.0%),MAJOR,广东2018 第四册 附录 电力电缆损耗率1.0%,1,1,1
GD,03,MAP-I012,cable_loss_rate,0.025,0.01,0.025 (陕西2.5%),0.010 (广东1.0%),MAJOR,广东2018 第四册 附录 电力电缆损耗率1.0%,1,1,1
GD,03,MAP-J001,pipe_loss_rate,0.02,0.02,0.020 (陕西2.0%),0.020 (广东2.0%[10.200]),SAME,广东2018 第八册 低压碳钢管[10.200]m/10m,1,1,1
GD,03,MAP-J002,pipe_loss_rate,0.02,0.03,0.020 (陕西2.0%),0.030 (广东3.0%),MINOR,广东2018 第八册 附录 塑料管损耗率3.0%,1,1,1
GD,03,MAP-J003,pipe_loss_rate,0.02,0.02,0.020 (陕西2.0%),0.020 (广东2.0%),SAME,广东2018 第八册 附录 承插铸铁管损耗率2.0%,1,1,1
GD,03,MAP-J027,pipe_loss_rate,0.02,0.02,0.020 (陕西2.0%),0.020 (广东2.0%),SAME,广东2018 第八册 低压不锈钢管[10.200]m/10m,1,1,1
GD,03,AN-MAP-K001,cable_loss_rate,0.025,0.02,0.025 (陕西2.5%),0.020 (广东2.0%),MINOR,广东2018 第五册 附录 各类线缆损耗率2.0%,1,1,1
GD,03,AN-MAP-K003,cable_loss_rate,0.025,0.02,0.025 (陕西2.5%),0.020 (广东2.0%),MINOR,广东2018 第五册 附录 各类线缆损耗率2.0%,1,1,1
GD,03,AN-MAP-K004,cable_loss_rate,0.025,0.02,0.025 (陕西2.5%),0.020 (广东2.0%),MINOR,广东2018 第五册 附录 各类线缆损耗率2.0%,1,1,1
GD,03,AN-MAP-K002,conduit_loss_rate,0.06,0.03,0.060 (陕西6.0%),0.030 (广东3.0%),MAJOR,广东2018 第四册 附录 管材管件损耗率3.0%,1,1,1
GD,03,AN-MAP-K005,conduit_loss_rate,0.06,0.03,0.060 (陕西6.0%),0.030 (广东3.0%),MAJOR,广东2018 第四册 附录 管材管件损耗率3.0%,1,1,1
GD,03,AN-MAP-L001,paint_loss_rate,0.12,0.12,0.350 kg/m²(陕西0.35),0.350 kg/m²(广东0.35),SAME,两省定额防腐涂料消耗量一致,1,1,1
GD,03,AN-MAP-L002,paint_loss_rate,0.12,0.12,0.350 kg/m²(陕西0.35),0.350 kg/m²(广东0.35),SAME,两省定额防腐涂料消耗量一致,1,1,1
GD,03,AN-MAP-L003,paint_loss_rate,0.12,0.12,0.300 kg/m²(陕西0.30),0.300 kg/m²(广东0.30),SAME,两省定额面漆消耗量一致,1,1,1
GD,03,AN-MAP-L011,insulation_loss_rate,0.08,0.05,0.080 (陕西8.0%),0.050 (广东5.0%),MINOR,广东2018 第七册 附录 玻璃棉毛毡损耗率5.0%,1,1,1
GD,03,AN-MAP-L006,lining_loss_rate,0.06,0.04,0.060 (陕西6.0%),0.040 (广东4.0%),MINOR,广东2018 房建附录 耐酸陶瓷板平面损耗率4.0%,1,1,1
GD,01,MAP-G021,rebar_loss_rate,0.025,0.02,0.025 (陕西2.5%),0.020 (广东2.0%),MINOR,广东2018 房建下册 附录 圆钢Φ10以内损耗率2.0%,1,1,1
GD,01,MAP-G020,rebar_loss_rate,0.025,0.025,0.025 (陕西2.5%),0.025 (广东2.5%),SAME,广东2018 房建下册 附录 圆钢Φ10以外2.5%/螺纹钢2.5%,1,1,1
GD,03,AN-MAP-G004,rebar_loss_rate,0.025,0.025,0.025 (陕西2.5%),0.025 (广东2.5%),SAME,广东2018 房建下册 附录 螺纹钢损耗率2.5%,1,1,1
GD,03,AN-MAP-G006,rebar_loss_rate,0.025,0.025,0.025 (陕西2.5%),0.025 (广东2.5%),SAME,广东2018 房建下册 附录 螺纹钢损耗率2.5%,1,1,1
GD,03,AN-MAP-G008,rebar_loss_rate,0.025,0.025,0.025 (陕西2.5%),0.025 (广东2.5%),SAME,广东2018 房建下册 附录 螺纹钢损耗率2.5%,1,1,1
GD,03,AN-MAP-G010,rebar_loss_rate,0.025,0.025,0.025 (陕西2.5%),0.025 (广东2.5%),SAME,广东2018 房建下册 附录 螺纹钢损耗率2.5%,1,1,1
GD,01,MAP-G012,rebar_loss_rate,0.025,0.025,0.025 (陕西2.5%),0.025 (广东2.5%),SAME,广东2018 房建下册 附录 螺纹钢损耗率2.5%,1,1,1
GD,01,MAP-G014,rebar_loss_rate,0.025,0.025,0.025 (陕西2.5%),0.025 (广东2.5%),SAME,广东2018 房建下册 附录 螺纹钢损耗率2.5%,1,1,1
GD,03,AN-MAP-E002,rebar_loss_rate,0.025,0.025,0.025 (陕西2.5%),0.025 (广东2.5%),SAME,广东2018 房建下册 附录 螺纹钢损耗率2.5%,1,1,1
GD,03,AN-MAP-E006,rebar_loss_rate,0.025,0.025,0.025 (陕西2.5%),0.025 (广东2.5%),SAME,广东2018 房建下册 附录 螺纹钢损耗率2.5%,1,1,1
GD,03,AN-MAP-G003,concrete_loss_rate,0.02,0.01,0.020 (陕西2.0%),0.010 (广东1.0%),MINOR,广东2018 房建附录 混凝土普通构件损耗率1.0%,1,1,1
GD,03,AN-MAP-G005,concrete_loss_rate,0.02,0.01,0.020 (陕西2.0%),0.010 (广东1.0%),MINOR,广东2018 房建附录 混凝土普通构件损耗率1.0%,1,1,1
GD,03,AN-MAP-G007,concrete_loss_rate,0.02,0.01,0.020 (陕西2.0%),0.010 (广东1.0%),MINOR,广东2018 房建附录 混凝土普通构件损耗率1.0%,1,1,1
GD,03,AN-MAP-G009,concrete_loss_rate,0.02,0.01,0.020 (陕西2.0%),0.010 (广东1.0%),MINOR,广东2018 房建附录 混凝土普通构件损耗率1.0%,1,1,1
GD,03,AN-MAP-G011,concrete_loss_rate,0.02,0.01,0.020 (陕西2.0%),0.010 (广东1.0%),MINOR,广东2018 房建附录 混凝土普通构件损耗率1.0%,1,1,1
GD,01,MAP-G013,concrete_loss_rate,0.02,0.01,0.020 (陕西2.0%),0.010 (广东1.0%),MINOR,广东2018 房建附录 混凝土普通构件损耗率1.0%,1,1,1
GD,03,AN-MAP-G001,concrete_loss_rate,0.02,0.01,0.020 (陕西2.0%),0.010 (广东1.0%),MINOR,广东2018 房建附录 混凝土普通构件损耗率1.0%,1,1,1
GD,03,AN-MAP-E001,concrete_loss_rate,0.02,0.01,0.020 (陕西2.0%),0.010 (广东1.0%),MINOR,广东2018 房建附录 混凝土普通构件损耗率1.0%,1,1,1
GD,03,AN-MAP-E005,concrete_loss_rate,0.05,0.05,0.050 (陕西5.0%),0.050 (广东5.0%),SAME,两省定额灌注桩混凝土超灌系数一致,1,1,1
GD,03,AN-MAP-F007,block_loss_rate,0.04,0.02,0.040 (陕西4.0%),0.020 (广东2.0%),MINOR,广东2018 房建附录 轻质砌块直形墙损耗率2.0%,1,1,1
GD,03,AN-MAP-F001,brick_loss_rate,0.03,0.03,0.030 (陕西3.0%),0.030 (广东3.0%),SAME,两省定额砖砌体损耗率一致,1,1,1
GD,03,AN-MAP-F003,brick_loss_rate,0.03,0.03,0.030 (陕西3.0%),0.030 (广东3.0%),SAME,两省定额砖砌体损耗率一致,1,1,1
GD,03,AN-MAP-F005,brick_loss_rate,0.03,0.03,0.030 (陕西3.0%),0.030 (广东3.0%),SAME,两省定额砖砌体损耗率一致,1,1,1
GD,03,AN-MAP-F010,stone_loss_rate,0.05,0.05,0.050 (陕西5.0%),0.050 (广东5.0%),SAME,两省定额石砌体损耗率一致,1,1,1
GD,03,AN-MAP-H001,steel_loss_rate,0.03,0.03,0.030 (陕西3.0%),0.030 (广东3.0%),SAME,广东2018 房建附录 钢材(金属结构工程)损耗率6.0%,1,1,1
GD,03,AN-MAP-H002,steel_loss_rate,0.03,0.03,0.030 (陕西3.0%),0.030 (广东3.0%),SAME,广东2018 房建附录 钢材损耗率6.0%,1,1,1
GD,03,AN-MAP-H003,steel_loss_rate,0.03,0.03,0.030 (陕西3.0%),0.030 (广东3.0%),SAME,广东2018 房建附录 钢材损耗率6.0%,1,1,1
GD,03,AN-MAP-H004,steel_loss_rate,0.03,0.03,0.030 (陕西3.0%),0.030 (广东3.0%),SAME,广东2018 房建附录 钢材损耗率6.0%,1,1,1
GD,03,AN-MAP-L001,waterproof_loss,0.08,0.08,0.080 (陕西8.0%),0.080 (广东8.0%),SAME,广东房建上册A.1.10.2 SBS卷材[126.3]㎡/100㎡(含搭接26.3%); 全网检索SBS卷材采购损耗率通常5%~8%; T2值8.0%合理沿用[全网检索],0,1,1
GD,03,AN-MAP-L005,waterproof_loss,0.08,0.08,0.080 (陕西8.0%),0.080 (广东8.0%),SAME,"广东房建上册聚氨酯涂料[320]kg/100㎡(2mm厚);全网检索涂刷损耗率10%~15%;T2值8.0%为采购损耗率,在合理范围内[全网检索]",0,1,1
GD,03,AN-MAP-L007,waterproof_loss,0.08,0.08,0.080 (陕西8.0%),0.080 (广东8.0%),SAME,"广东房建上册JS涂料[420]kg/100㎡(2mm厚);全网检索JS涂料施工损耗率约10%;T2值8.0%为采购损耗率,在合理范围内[全网检索]",0,1,1
GD,01,MAP-M001,insulation_loss,0.05,0.05,0.050 (陕西5.0%),0.050 (广东5.0%),SAME,"广东2018 房建附录 聚苯乙烯泡沫板损耗率2.0%,建筑保温",1,1,1
GD,01,MAP-M002,insulation_loss,0.05,0.05,0.050 (陕西5.0%),0.050 (广东5.0%),SAME,广东2018 房建附录 聚苯板损耗率2.0%,1,1,1
GD,01,MAP-M004,insulation_loss,0.05,0.05,0.050 (陕西5.0%),0.050 (广东5.0%),SAME,两省定额保温材料损耗率一致,1,1,1
GD,01,MAP-N003,tile_loss_rate,0.04,0.04,0.040 (陕西4.0%),0.040 (广东4.0%),SAME,广东2018 房建附录 瓷片墙地柱面损耗率3.5%,1,1,1
GD,01,MAP-P003,tile_loss_rate,0.04,0.04,0.040 (陕西4.0%),0.040 (广东4.0%),SAME,广东2018 房建附录 瓷片损耗率3.5%,1,1,1
GD,01,MAP-P009,stone_loss_rate,0.03,0.02,0.030 (陕西3.0%),0.020 (广东2.0%),MINOR,广东2018 房建附录 石料块料地面墙面损耗率2.0%,1,1,1
GD,03,AN-MAP-H011,galv_steel_loss_roof,0.03,0.02,0.030 (陕西3.0%),0.020 (广东2.0%),MINOR,广东2018 房建附录 镀锌薄钢板屋面损耗率2.0%,1,1,1
GD,03,AN-MAP-I001,wood_loss_rate,0.08,0.08,0.080 (陕西8.0%),0.080 (广东8.0%),SAME,"广东2018 房建附录 木材损耗率5.0%,房建T2含加工",1,1,1
GD,03,AN-MAP-I002,wood_loss_rate,0.08,0.08,0.080 (陕西8.0%),0.080 (广东8.0%),SAME,广东2018 房建附录 木材损耗率5.0%,1,1,1
GD,01,MAP-R001,paint_loss_rate,0.08,0.08,0.080 (陕西8.0%),0.080 (广东8.0%),SAME,两省定额涂料损耗率一致,1,1,1
GD,01,MAP-R009,paint_loss_rate,0.05,0.05,0.050 (陕西5.0%),0.050 (广东5.0%),SAME,两省定额油漆损耗率一致,1,1,1
BJ,01,MAP-F007,block_base_coeff,0.98,0.80,0.98 m³/m³ (陕西),0.80 m³/m³ (北京概算子目4-7 190墙),MAJOR,北京2025 第四章 子目4-7 砌加气块墙190mm 0.1540m³/m²,1,1,1
BJ,01,MAP-F008,mortar_base_coeff,0.071,0.087,0.071 m³/m³ (陕西DM10),0.087 m³/m³ (北京DM7.5 子目4-7 0.0167m³/m²),MAJOR,北京2025 第四章 子目4-7 砌筑砂浆DM7.5,1,1,1
BJ,01,MAP-J001,concrete_coeff,1.01,1.015,1.01 m³/m³ (陕西),1.015 m³/m³ (北京纯混凝土损耗1.5%),MINOR,北京2025 第五章 子目5-16~5-42 现浇混凝土构件 纯混凝土损耗1.5%,1,1,1
BJ,01,MAP-M001,insulation_coeff,1.02,1.006,1.02 m²/m² (陕西50mm),"1.006 m²/m² (北京子目9-105 XPS板100mm: 0.1006 m³/m², 折50mm=0.0503→1.006 损耗0.6%)",MINOR,北京2025 第九章 子目9-105~9-108 挤塑聚苯板 干铺/粘贴/机械固定,1,1,1
BJ,01,MAP-L010,waterproof_coeff,1.05,1.2446,1.05 m²/m² (陕西),1.2446 m²/m² (北京子目9-64 SBS热熔标准24.46%搭接损耗),MAJOR,北京2025 第九章 子目9-63~9-64 SBS改性沥青油毡防水卷材3mm热熔,1,1,1
BJ,01,MAP-L011,waterproof_coating_base,3.40,3.0837,3.40 kg/m² (陕西 2mm聚氨酯),3.0837 kg/m² (北京子目9-71 聚氨酯防水涂料2mm刮涂法),MINOR,北京2025 第九章 子目9-71~9-74 聚氨酯防水涂料(刮涂法),1,1,1
BJ,01,MAP-L012,waterproof_coating_base,4.20,3.6793,4.20 kg/m² (陕西 JS涂料典型值),3.6793 kg/m² (北京子目9-82 聚合物水泥基JS防水涂料),MINOR,北京2025 第九章 子目9-82~9-91 聚合物水泥基(JS)防水涂料,1,1,1
BJ,01,MAP-M003,insulation_coeff,1.05,1.006,1.05 m²/m² (陕西 岩棉板100mm),1.006 m²/m² (北京子目9-100 岩棉保温板100mm: 0.1006m³/m²),MINOR,北京2025 第九章 子目9-100~9-104 岩棉板屋面保温,1,1,1
BJ,01,MAP-L013,waterproof_coeff,1.15,1.2323,1.15 m²/m² (陕西 PVC卷材1.5mm),1.2323 m²/m² (北京子目9-67 PVC防水卷材1.5mm 含搭接23.23%),MAJOR,北京2025 第九章 子目9-67~9-70 聚氯乙烯防水卷材(PVC),1,1,1
BJ,01,MAP-M004,insulation_coeff,1.05,1.006,1.05 m²/m² (陕西 硬泡聚氨酯板),1.006 m²/m² (北京子目9-117 硬泡聚氨酯板80mm: 0.0805m³/m²),MINOR,北京2025 第九章 子目9-117~9-120 硬泡聚氨酯板屋面保温,1,1,1
BJ,03,AN-MAP-E001,conduit_loss_rate,1.02,1.03,1.02 m/m (陕西 镀锌钢管配管),1.03 m/m (北京子目11-xx 镀锌钢管配管DN15~100: 含3%切截/弯曲损耗),MINOR,北京2025 电气第一册 配管章节 子目11-xx,1,1,1
BJ,03,AN-MAP-C001,pipe_loss_rate,1.02,1.015,1.02 m/m (陕西 镀锌钢管给水),1.015 m/m (北京子目2-xx 室内镀锌钢管螺纹连接: 钢塑复合管(1.0150)m/m),MINOR,北京2025 给排水第五册 室内管道章节,1,0,0
BJ,03,AN-MAP-E010,busbar_al_loss,1.02,1.013,1.02 m/m (陕西 铝母线),1.013 m/m (北京子目 铝母线安装: (1.0130)m/m),MINOR,北京2025 电气第一册 母线安装章节,1,0,0
BJ,03,AN-MAP-E010,busbar_steel_loss,1.02,1.04,1.02 m/m (陕西 钢母线),1.04 m/m (北京子目 钢母线安装: (1.0400)m/m),MINOR,北京2025 电气第一册 母线安装章节,1,0,0
BJ,03,AN-MAP-E005,cable_power_loss,1.025,1.018,1.025 m/m (陕西 电力电缆),1.018 m/m (北京电气一册 架空绝缘导线1018m/km→1.018m/m),MINOR,北京2025 电气第一册 架空导线架设章节,1,1,1
BJ,03,AN-MAP-E005,cable_control_loss,1.015,1.010,1.015 m/m (陕西 控制电缆),1.010 m/m (北京电气一册 集束导线1010m/km→1.010m/m),SAME,北京2025 电气第一册 导线架设章节,1,1,1
BJ,03,AN-MAP-V001,duct_sheet_loss,1.18,1.13~1.25,1.18 m²/m² (陕西 镀锌钢板矩形风管),1.13~1.25 m²/m² (北京 δ0.6mm=1.13/0.75mm=1.13/1.0mm=1.212/1.2mm=1.249),MINOR,北京2025 通风空调第三册 子目1-xx 薄钢板风管制作安装,1,0,0
BJ,03,AN-MAP-V005,duct_insul_rubber_loss,1.08,1.05,1.08 m²/m² (陕西 橡塑海绵风管保温),1.05 m²/m² (北京通风空调三册 橡塑海绵风管保温δ30mm: 含5%接缝损耗),MINOR,北京2025 通风空调第三册 风机盘管/风管保温,1,0,0
BJ,03,AN-MAP-C010,valve_loss_rate,1.01,1.01,1.01 个/个 (陕西 螺纹/法兰阀门),1.01 个/个 (北京给排水五册 阀门安装: 含1%垫片/试压损耗),SAME,北京2025 给排水第五册 阀门章节,1,0,0
BJ,03,AN-MAP-C005,fire_pipe_welded_loss,1.02,0.995,1.02 m/m (陕西 消防钢管焊接),"0.995 m/m (北京消防四册 钢管焊接: (0.9950)m/m, 0.5%切截损耗)",MINOR,北京2025 消防第四册 水灭火系统管道,1,0,0
BJ,03,AN-MAP-C005,fire_pipe_grooved_loss,1.02,1.02,1.02 m/m (陕西 消防钢管沟槽),"1.02 m/m (北京消防四册 钢管沟槽: (1.0200)m/m, 含2%沟槽加工损耗)",SAME,北京2025 消防第四册 钢管(沟槽连接),1,0,0
BJ,03,AN-MAP-V001,duct_sheet_0_6mm_loss,1.18,1.13,1.18 m²/m² (陕西 δ0.6mm风管),1.13 m²/m² (北京 δ0.6mm: 镀锌钢板4.746kg/m²),MINOR,北京2025 通风空调第三册 薄钢板风管,1,0,0
BJ,03,AN-MAP-V001,duct_sheet_1_0mm_loss,1.18,1.212,1.18 m²/m² (陕西 δ1.0mm风管),1.212 m²/m² (北京 δ1.0mm: 镀锌钢板9.511kg/m²),MINOR,北京2025 通风空调第三册 薄钢板风管,1,0,0
