省份编码,专业编码,映射编码,分部编码,维度名称,条件JSON,系数,分子单位,分母单位,是否含损耗,来源说明,验证状态
BJ,03,AN-MAP-C001,031001,镀锌钢管_给水_螺纹连接,"{""pipe_type"":""镀锌钢管"",""connection"":""螺纹"",""用途"":""给水""}",1.015,m,m,1,"北京2025 给排水第五册 子目2-xx 室内镀锌钢管(螺纹): 钢塑复合管(1.0150)m/m, 含1.5%管件/切截损耗",EXTRACTED
BJ,03,AN-MAP-C005,030901,钢管_消防_焊接连接,"{""pipe_type"":""钢管"",""connection"":""焊接"",""用途"":""消防""}",0.995,m,m,1,"北京2025 消防第四册 子目2-xx 钢管(焊接): (0.9950)m/m, 0.5%切截损耗(焊接余量小)",EXTRACTED
BJ,03,AN-MAP-C005,031001,镀锌钢管_消防_沟槽连接,"{""pipe_type"":""镀锌钢管"",""connection"":""沟槽"",""用途"":""消防""}",1.020,m,m,1,"北京2025 消防第四册 子目3-xx 钢管(沟槽连接): (1.0200)m/m, 沟槽直接头0.1667套/m",EXTRACTED
BJ,03,AN-MAP-C010,031003,法兰阀门_DN65~200,"{""valve_type"":""法兰阀门"",""dn_min"":65,""dn_max"":200}",1.010,个,个,1,北京2025 给排水第五册 法兰阀门: 含1%垫片/螺栓损耗,EXTRACTED
BJ,03,AN-MAP-C010,031003,螺纹阀门_DN15~50,"{""valve_type"":""螺纹阀门"",""dn_min"":15,""dn_max"":50}",1.010,个,个,1,北京2025 给排水第五册 阀门安装: 含1%垫片/试压损耗,EXTRACTED
BJ,03,AN-MAP-C015,031004,坐便器_连体式_含配件,"{""fixture_type"":""坐便器"",""type"":""连体式""}",1.005,套,套,1,北京2025 给排水第五册 坐便器: 含0.5%密封件损耗,EXTRACTED
BJ,03,AN-MAP-C015,031004,洗脸盆_台下式_含配件,"{""fixture_type"":""洗脸盆"",""mount"":""台下式""}",1.010,套,套,1,北京2025 给排水第五册 卫生器具: 含1%配件/密封件损耗,EXTRACTED
BJ,03,AN-MAP-E001,030411,镀锌钢管DN15~25_电气配管,"{""pipe_type"":""镀锌钢管"",""dn_min"":15,""dn_max"":25,""用途"":""电气配管""}",1.03,m,m,1,北京2025 电气第一册 子目11-xx 镀锌钢管配管: DN15~25消耗量1.030m/m(含3%切截/弯曲损耗),EXTRACTED
BJ,03,AN-MAP-E001,030411,镀锌钢管DN32~50_电气配管,"{""pipe_type"":""镀锌钢管"",""dn_min"":32,""dn_max"":50,""用途"":""电气配管""}",1.03,m,m,1,北京2025 电气第一册 镀锌钢管配管DN32~50: 1.030m/m,EXTRACTED
BJ,03,AN-MAP-E001,030411,镀锌钢管DN65~100_电气配管,"{""pipe_type"":""镀锌钢管"",""dn_min"":65,""dn_max"":100,""用途"":""电气配管""}",1.03,m,m,1,北京2025 电气第一册 镀锌钢管配管DN65~100: 1.030m/m,EXTRACTED
BJ,03,AN-MAP-E005,030408,控制电缆_室内敷设,"{""cable_type"":""控制电缆"",""location"":""室内""}",1.010,m,m,1,"北京2025 电气第一册 集束导线(1010m/km)→1.010m/m, 控制电缆含1.0%预留",EXTRACTED
BJ,03,AN-MAP-E005,030408,电力电缆_1kV_室内敷设,"{""cable_type"":""电力电缆"",""voltage"":""1kV"",""location"":""室内""}",1.018,m,m,1,"北京2025 电气第一册 架空绝缘导线(1018m/km)→1.018m/m, 1kV电力电缆含1.8%波形/预留",EXTRACTED
BJ,03,AN-MAP-E010,030403,钢母线_配电,"{""busbar_type"":""钢母线""}",1.04,m,m,1,"北京2025 电气第一册 钢母线安装: (1.0400)m/m, 含4%连接/煨弯损耗(钢较铝加工难度大)",EXTRACTED
BJ,03,AN-MAP-E010,030403,铝母线_配电,"{""busbar_type"":""铝母线""}",1.013,m,m,1,"北京2025 电气第一册 铝母线安装: (1.0130)m/m, 含1.3%连接/煨弯损耗",EXTRACTED
BJ,03,AN-MAP-F001,030901,消火栓箱_室内_单栓,"{""equip_type"":""消火栓箱"",""location"":""室内"",""type"":""单栓""}",1.0,套,套,0,北京2025 消防第四册 消火栓箱安装: 成品设备1:1,EXTRACTED
BJ,03,AN-MAP-F002,030901,喷淋头_标准响应,"{""equip_type"":""喷淋头"",""response"":""标准""}",1.030,个,个,1,北京2025 消防第四册 喷淋头安装: 含3%试压/更换损耗,EXTRACTED
BJ,03,AN-MAP-V001,030701,镀锌钢板风管_δ0.6mm_净化,"{""duct_type"":""矩形风管"",""material"":""镀锌钢板"",""thickness"":0.6,""clean"":""是""}",1.064,m²,m²,1,北京2025 净化风管: δ0.5~0.65mm镀锌钢板5.011kg/m²→约1.064m²/m²(净化风管密封要求高),EXTRACTED
BJ,03,AN-MAP-V001,030701,镀锌钢板风管_δ0.6mm_矩形,"{""duct_type"":""矩形风管"",""material"":""镀锌钢板"",""thickness"":0.6}",1.13,m²,m²,1,北京2025 通风空调第三册 子目1-xx δ0.5~0.65mm: 镀锌钢板4.746kg/m²(板材3.925~5.10kg/m²)→约1.13m²/m²,EXTRACTED
BJ,03,AN-MAP-V001,030701,镀锌钢板风管_δ0.75mm_矩形,"{""duct_type"":""矩形风管"",""material"":""镀锌钢板"",""thickness"":0.75}",1.130,m²,m²,1,北京2025 通风空调第三册 子目1-xx 薄钢板风管: δ0.7~0.9mm镀锌钢板7.093kg/m²(板材约6.28kg/m²)→1.13m²/m²,EXTRACTED
BJ,03,AN-MAP-V001,030701,镀锌钢板风管_δ0.8mm_净化,"{""duct_type"":""矩形风管"",""material"":""镀锌钢板"",""thickness"":0.8,""clean"":""是""}",1.169,m²,m²,1,北京2025 净化风管: δ0.7~0.9mm镀锌钢板7.339kg/m²→约1.169m²/m²,EXTRACTED
BJ,03,AN-MAP-V001,030701,镀锌钢板风管_δ1.0mm_净化,"{""duct_type"":""矩形风管"",""material"":""镀锌钢板"",""thickness"":1.0,""clean"":""是""}",1.253,m²,m²,1,北京2025 净化风管: δ1.0~1.5mm镀锌钢板9.836kg/m²→约1.253m²/m²,EXTRACTED
BJ,03,AN-MAP-V001,030701,镀锌钢板风管_δ1.0mm_矩形,"{""duct_type"":""矩形风管"",""material"":""镀锌钢板"",""thickness"":1.0}",1.212,m²,m²,1,北京2025 通风空调第三册 子目1-xx 薄钢板风管: δ1.0~1.5mm镀锌钢板9.511kg/m²(板材约7.85kg/m²)→1.212m²/m²,EXTRACTED
BJ,03,AN-MAP-V001,030701,镀锌钢板风管_δ1.2mm_矩形,"{""duct_type"":""矩形风管"",""material"":""镀锌钢板"",""thickness"":1.2}",1.249,m²,m²,1,北京2025 通风空调第三册 子目1-xx δ1.0~1.5mm: 镀锌钢板11.765kg/m²(板材约9.42kg/m²)→1.249m²/m²,EXTRACTED
BJ,03,AN-MAP-V005,030701,橡塑海绵保温_风管_δ30mm,"{""insul_type"":""橡塑海绵"",""application"":""风管"",""thickness"":30}",1.050,m²,m²,1,北京2025 通风空调第三册 橡塑海绵风管保温: 含5%接缝/搭接损耗,EXTRACTED
BJ,03,AN-MAP-V005,030701,离心玻璃棉保温_风管_δ40mm,"{""insul_type"":""离心玻璃棉"",""application"":""风管"",""thickness"":40}",1.080,m²,m²,1,北京2025 通风空调第三册 玻璃棉风管保温: 含8%搭接/压缩损耗,EXTRACTED
BJ,01,MAP-F003,010401,标准砖_实心砖墙240,"{""brick_type"":""实心砖"",""wall_thickness"":240}",0.528,千块,m³,0,"北京2025 第四章 砖砌体 标准砖240×115×53 暂用陕西值(北京未给出砖消耗量, 砌体子目含圈梁构造柱)",ESTIMATED
BJ,01,MAP-F005,010401,多孔砖墙240,"{""brick_type"":""多孔砖"",""wall_thickness"":240}",0.333,千块,m³,0,北京2025 第四章 多孔砖墙 暂用陕西值,ESTIMATED
BJ,01,MAP-F007,010402,加气块_190隔墙,"{""wall_type"":""隔墙"",""thickness"":190}",0.8,m³,m³,0,北京2025 子目4-7 砌加气块墙190mm: 0.1540m³/m²÷0.19m≈0.81,EXTRACTED
BJ,01,MAP-F007,010402,加气块_240内墙,"{""wall_type"":""框架间内墙"",""thickness"":240}",0.74,m³,m³,0,北京2025 子目4-9 砌加气块墙240mm: 0.1782m³/m²÷0.24m≈0.7425,EXTRACTED
BJ,01,MAP-F008,010402,砌筑砂浆_190墙_DM7.5,"{""wall_type"":""隔墙"",""thickness"":190}",0.087,m³,m³,0,北京2025 子目4-7 DM7.5砂浆: 0.0167m³/m²÷0.19m≈0.088,EXTRACTED
BJ,01,MAP-F008,010402,砌筑砂浆_240墙_DM7.5,"{""wall_type"":""框架间内墙"",""thickness"":240}",0.075,m³,m³,0,北京2025 子目4-9 DM7.5砂浆: 0.0181m³/m²÷0.24m≈0.075,EXTRACTED
BJ,01,MAP-G020,010506,钢筋HRB400E_基础,"{""component"":""基础"",""grade"":""HRB400E""}",0.1,t,m³,0,北京2025 现浇基础 钢筋ϕ10以内10~46+ϕ10以外54~81kg/m³≈91~100kg/m³=0.10t/m³,EXTRACTED
BJ,01,MAP-G020,010506,钢筋HRB400E_墙,"{""component"":""墙"",""grade"":""HRB400E""}",0.15,t,m³,0,北京2025 现浇墙 钢筋含量约150kg/m³,ESTIMATED
BJ,01,MAP-G020,010506,钢筋HRB400E_板,"{""component"":""板"",""grade"":""HRB400E""}",0.2,t,m³,0,"北京2025 现浇板 钢筋ϕ10以内33~51+ϕ10以外100~206kg/m³≈133~257kg/m³, 取中值0.200t/m³",EXTRACTED
BJ,01,MAP-G020,010506,钢筋HRB400E_柱,"{""component"":""柱"",""grade"":""HRB400E""}",0.2,t,m³,0,北京2025 现浇柱 钢筋ϕ10以内50~81+ϕ10以外172~225kg/m³≈223kg/m³=0.223t/m³(含损耗),EXTRACTED
BJ,01,MAP-G020,010506,钢筋HRB400E_梁,"{""component"":""梁"",""grade"":""HRB400E""}",0.255,t,m³,0,北京2025 现浇梁 钢筋ϕ10以内51+ϕ10以外204kg/m³≈255kg/m³=0.255t/m³(含损耗),EXTRACTED
BJ,01,MAP-G021,010506,钢筋HPB300_板分布筋,"{""component"":""板"",""grade"":""HPB300""}",0.03,t,m³,0,"北京2025 板构件: HPB300分布筋约占板筋总量15%, 取ϕ10以内筋量的15%≈0.03t/m³",ESTIMATED
BJ,01,MAP-J001,010501,预拌混凝土C15_垫层,"{""component"":""垫层"",""grade"":""C15""}",1.015,m³,m³,0,"北京2025 子目5-1~5-4 现浇钢筋混凝土垫层: C15消耗0.8858~1.0100m³/m³(含钢筋置换), 纯混凝土损耗≈1.5%",EXTRACTED
BJ,01,MAP-J001,010202,预拌混凝土C20_喷射,"{""component"":""喷射混凝土"",""grade"":""C20""}",1.02,m³,m³,0,"北京2025 喷射混凝土: C20消耗约1.02(含回弹损耗), 喷射混凝土回弹率高于现浇",ESTIMATED
BJ,01,MAP-J001,010501,预拌混凝土C20_垫层,"{""component"":""垫层"",""grade"":""C20""}",1.015,m³,m³,0,"北京2025: C20垫层损耗同C15约1.5%, 待子目实测验证",ESTIMATED
BJ,01,MAP-J001,010201,预拌混凝土C25_地基处理,"{""component"":""地基处理"",""grade"":""C25""}",1.02,m³,m³,0,"北京2025 地基处理旋喷桩/搅拌桩: C25消耗含超灌约1.20, 纯混凝土损耗约2%",ESTIMATED
BJ,01,MAP-J001,010502,预拌混凝土C30_其他构件,"{""component"":""其他构件"",""grade"":""C30""}",1.015,m³,m³,0,北京2025 现浇其他构件(挑檐/雨篷/栏板等): C30损耗1.5%,ESTIMATED
BJ,01,MAP-J001,010502,预拌混凝土C30_基础,"{""component"":""基础"",""grade"":""C30""}",1.015,m³,m³,0,"北京2025 子目5-5~5-7 现浇混凝土基础: C30消耗0.8918~0.9514m³/m³(含钢筋), 纯混凝土损耗≈1.5%",EXTRACTED
BJ,01,MAP-J001,010502,预拌混凝土C30_墙,"{""component"":""墙"",""grade"":""C30""}",1.015,m³,m³,0,北京2025 子目5-38~5-42 现浇混凝土墙: C30消耗基准1.015,ESTIMATED
BJ,01,MAP-J001,010502,预拌混凝土C30_板,"{""component"":""板"",""grade"":""C30""}",1.015,m³,m³,0,"北京2025 子目5-31~5-37 现浇混凝土板: C30消耗0.7585~0.9606m³/m³, 纯混凝土损耗≈1.5%",EXTRACTED
BJ,01,MAP-J001,010502,预拌混凝土C30_柱,"{""component"":""柱"",""grade"":""C30""}",1.015,m³,m³,0,"北京2025 子目5-16~5-21 现浇混凝土柱: C30消耗0.9950m³/m³(含钢筋置换), 纯混凝土损耗≈1.5%",EXTRACTED
BJ,01,MAP-J001,010502,预拌混凝土C30_梁,"{""component"":""梁"",""grade"":""C30""}",1.015,m³,m³,0,"北京2025 子目5-22~5-30 现浇混凝土梁: C30消耗0.9950m³/m³, 纯混凝土损耗≈1.5%",EXTRACTED
BJ,01,MAP-J001,010502,预拌混凝土C30_楼梯,"{""component"":""楼梯"",""grade"":""C30""}",1.015,m³,m³,0,"北京2025 现浇楼梯: C30损耗1.5%, 待子目实测验证",ESTIMATED
BJ,01,MAP-J001,010302,预拌混凝土C35_灌注桩,"{""component"":""灌注桩"",""grade"":""C35""}",1.2,m³,m³,0,"北京2025 灌注桩后注浆: C35消耗含超灌系数约1.20, 纯混凝土损耗含充盈",EXTRACTED
BJ,01,MAP-J001,010502,预拌混凝土C35_高强构件,"{""component"":""柱/梁"",""grade"":""C35""}",1.015,m³,m³,0,"北京2025: C35损耗与C30一致约1.5%, 高强混凝土施工规范同",ESTIMATED
BJ,01,MAP-J001,010502,预拌混凝土C40_高强构件,"{""component"":""柱/梁"",""grade"":""C40""}",1.015,m³,m³,0,"北京2025: C40及以上高强混凝土损耗1.5%, 待子目实测验证",ESTIMATED
BJ,01,MAP-L010,010902,SBS卷材_屋面防水_含附加层,"{""waterproof_type"":""卷材"",""material"":""SBS"",""附加层"":""是""}",1.3094,m²,m²,1,北京2025 子目9-63 SBS改性沥青油毡防水卷材3mm热熔(含附加层): 1.3094m²/m²,EXTRACTED
BJ,01,MAP-L010,010902,SBS卷材_屋面防水_标准,"{""waterproof_type"":""卷材"",""material"":""SBS"",""附加层"":""否""}",1.2446,m²,m²,1,北京2025 子目9-64 SBS改性沥青油毡防水卷材3mm热熔(无附加层): 1.2446m²/m²(含搭接损耗24.46%),EXTRACTED
BJ,01,MAP-L011,010902,聚氨酯防水涂料_2mm,"{""waterproof_type"":""涂膜"",""material"":""聚氨酯"",""thickness"":2}",3.0837,kg,m²,1,北京2025 子目9-71 聚氨酯防水涂料(刮涂法)2mm厚: 3.0837kg/m²(已含损耗),EXTRACTED
BJ,01,MAP-L012,010902,JS防水涂料_标准,"{""waterproof_type"":""涂膜"",""material"":""聚合物水泥基JS""}",3.6793,kg,m²,1,北京2025 子目9-82~9-84 聚合物水泥基(JS)防水涂料: 3.6793kg/m²(已含损耗),EXTRACTED
BJ,01,MAP-L013,010902,PVC防水卷材_1.5mm,"{""waterproof_type"":""卷材"",""material"":""PVC"",""thickness"":1.5}",1.2323,m²,m²,1,北京2025 子目9-67 聚氯乙烯防水卷材(PVC)1.5mm: 1.2323m²/m²(含搭接23.23%),EXTRACTED
BJ,01,MAP-M001,011001,XPS保温板_100mm_干铺,"{""insul_type"":""XPS"",""thickness"":100,""method"":""干铺""}",1.006,m²,m²,0,北京2025 子目9-105 挤塑聚苯板100mm干铺: 0.1006m³/m²,EXTRACTED
BJ,01,MAP-M001,011001,XPS保温板_50mm_干铺,"{""insul_type"":""XPS"",""thickness"":50,""method"":""干铺""}",1.006,m²,m²,0,"北京2025 子目9-105 挤塑聚苯板100mm干铺: 0.1006m³/m², 折50mm=0.0503m³/m²→1.006m²/m²",EXTRACTED
BJ,01,MAP-M003,011001,岩棉保温板_100mm,"{""insul_type"":""岩棉"",""thickness"":100}",1.006,m²,m²,0,北京2025 子目9-100 岩棉保温板100mm: 0.1006m³/m²→1.006m²/m²,EXTRACTED
BJ,01,MAP-M004,011001,硬泡聚氨酯板_80mm,"{""insul_type"":""硬泡聚氨酯"",""thickness"":80}",1.006,m²,m²,0,"北京2025 子目9-117 硬泡聚氨酯板80mm: 0.0805m³/m², 折系数=0.0805/0.08=1.006",EXTRACTED
