clause_id,standard_id,chapter_no,table_no,clause_title,clause_type,raw_text,data_json,search_keys,source_page,confidence,review_status
GB1499.2-2024-4.1-表1,GB 1499.2-2024,4.1,表1,钢筋牌号构成及含义,grade,钢筋牌号构成：HRB400/HRB500/HRB600/HRB400E/HRB500E/HRBF400/HRBF500/HRBF400E/HRBF500E。HRB=热轧带肋钢筋缩写，E=地震(Earthquake)首字母，HRBF=细晶粒热轧钢筋,"{""grades"": [{""code"": ""HRB400"", ""yield"": 400, ""seismic"": false}, {""code"": ""HRB400E"", ""yield"": 400, ""seismic"": true}, {""code"": ""HRB500"", ""yield"": 500, ""seismic"": false}, {""code"": ""HRB500E"", ""yield"": 500, ""seismic"": true}, {""code"": ""HRB600"", ""yield"": 600, ""seismic"": false}, {""code"": ""HRBF400"", ""yield"": 400, ""fine_grain"": true}, {""code"": ""HRBF400E"", ""yield"": 400, ""fine_grain"": true, ""seismic"": true}, {""code"": ""HRBF500"", ""yield"": 500, ""fine_grain"": true}, {""code"": ""HRBF500E"", ""yield"": 500, ""fine_grain"": true, ""seismic"": true}]}","[""HRB400"",""HRB500"",""HRB600"",""HRB400E"",""HRB500E"",""HRBF400"",""HRBF500"",""牌号""]",8,0.95,待复核
GB1499.2-2024-5.1-公称直径,GB 1499.2-2024,5.1,,公称直径范围,dimension,钢筋的公称直径范围为6mm~50mm,"{""min"": 6, ""max"": 50, ""unit"": ""mm""}","[""直径"",""公称直径""]",9,0.95,待复核
GB1499.2-2024-5.2-表2,GB 1499.2-2024,5.2,表2,公称横截面面积与理论单位重量,dimension,钢筋公称直径6~50mm对应公称横截面面积和理论单位重量。理论单位重量按密度7.85g/cm³计算。,"{""diameters"": [{""d"": 6, ""area"": 28.27, ""weight"": 0.222}, {""d"": 8, ""area"": 50.27, ""weight"": 0.395}, {""d"": 10, ""area"": 78.54, ""weight"": 0.617}, {""d"": 12, ""area"": 113.1, ""weight"": 0.888}, {""d"": 14, ""area"": 153.9, ""weight"": 1.21}, {""d"": 16, ""area"": 201.1, ""weight"": 1.58}, {""d"": 18, ""area"": 254.5, ""weight"": 2.0}, {""d"": 20, ""area"": 314.2, ""weight"": 2.47}, {""d"": 22, ""area"": 380.1, ""weight"": 2.98}, {""d"": 25, ""area"": 490.9, ""weight"": 3.85}, {""d"": 28, ""area"": 615.8, ""weight"": 4.83}, {""d"": 32, ""area"": 804.2, ""weight"": 6.31}, {""d"": 36, ""area"": 1018, ""weight"": 7.99}, {""d"": 40, ""area"": 1257, ""weight"": 9.87}, {""d"": 50, ""area"": 1964, ""weight"": 15.42}]}","[""直径"",""理论重量"",""截面面积"",""重量表""]",9,0.95,待复核
GB1499.2-2024-5.3-表3,GB 1499.2-2024,5.3,表3,钢筋尺寸及允许偏差,tolerance,月牙肋钢筋内径d1、横肋高h、纵肋高h1、横肋宽b、纵肋宽a、横肋间距l、横肋末端最大间隙fi的公称尺寸及允许偏差,"{""rib_dimensions"": [{""d"": 6, ""d1"": 5.8, ""d1_tol"": ""±0.3"", ""h"": 0.6, ""h_tol"": ""±0.3"", ""h1"": 0.8, ""b"": 0.4, ""a"": 1.0, ""l"": 4.0, ""fi"": 1.8}, {""d"": 8, ""d1"": 7.7, ""d1_tol"": ""±0.3"", ""h"": 0.8, ""h_tol"": ""+0.4/-0.3"", ""h1"": 1.1, ""b"": 0.5, ""a"": 1.5, ""l"": 5.5, ""fi"": 2.5}, {""d"": 10, ""d1"": 9.6, ""d1_tol"": ""±0.3"", ""h"": 1.0, ""h_tol"": ""±0.4"", ""h1"": 1.3, ""b"": 0.6, ""a"": 1.5, ""l"": 7.0, ""fi"": 3.1}, {""d"": 12, ""d1"": 11.5, ""d1_tol"": ""±0.4"", ""h"": 1.2, ""h_tol"": ""+0.4"", ""h1"": 1.6, ""b"": 0.7, ""a"": 1.5, ""l"": 8.0, ""fi"": 3.7}, {""d"": 14, ""d1"": 13.4, ""d1_tol"": ""±0.4"", ""h"": 1.4, ""h_tol"": ""+0.4/-0.5"", ""h1"": 1.8, ""b"": 0.8, ""a"": 1.8, ""l"": 9.0, ""fi"": 4.3}, {""d"": 16, ""d1"": 15.4, ""d1_tol"": ""±0.4"", ""h"": 1.5, ""h_tol"": ""+0.4/-0.5"", ""h1"": 1.9, ""b"": 0.9, ""a"": 1.8, ""l"": 10.0, ""fi"": 5.0}, {""d"": 18, ""d1"": 17.3, ""d1_tol"": ""±0.4"", ""h"": 1.6, ""h_tol"": ""±0.5"", ""h1"": 2.0, ""b"": 1.0, ""a"": 2.0, ""l"": 10.0, ""fi"": 5.6}, {""d"": 20, ""d1"": 19.3, ""d1_tol"": ""±0.4"", ""h"": 1.7, ""h_tol"": ""±0.5"", ""h1"": 2.1, ""b"": 1.2, ""a"": 2.0, ""l"": 10.0, ""fi"": 6.2}, {""d"": 22, ""d1"": 21.3, ""d1_tol"": ""±0.5"", ""h"": 1.9, ""h_tol"": ""±0.6"", ""h1"": 2.4, ""b"": 1.3, ""a"": 2.5, ""l"": 10.5, ""fi"": 6.8}, {""d"": 25, ""d1"": 24.2, ""d1_tol"": ""±0.5"", ""h"": 2.1, ""h_tol"": ""±0.6"", ""h1"": 2.6, ""b"": 1.5, ""a"": 2.5, ""l"": 12.5, ""fi"": 7.7}, {""d"": 28, ""d1"": 27.2, ""d1_tol"": ""±0.6"", ""h"": 2.2, ""h_tol"": ""±0.6"", ""h1"": 2.7, ""b"": 1.7, ""a"": 3.0, ""l"": 12.5, ""fi"": 8.6}, {""d"": 32, ""d1"": 31.0, ""d1_tol"": ""±0.6"", ""h"": 2.4, ""h_tol"": ""+0.8/-0.7"", ""h1"": 3.0, ""b"": 1.9, ""a"": 3.0, ""l"": 14.0, ""fi"": 9.9}, {""d"": 36, ""d1"": 35.0, ""d1_tol"": ""±0.6"", ""h"": 2.6, ""h_tol"": ""+1.0/-0.8"", ""h1"": 3.2, ""b"": 2.1, ""a"": 3.5, ""l"": 15.0, ""fi"": 11.1}, {""d"": 40, ""d1"": 38.7, ""d1_tol"": ""±0.7"", ""h"": 2.9, ""h_tol"": ""±1.1"", ""h1"": 3.5, ""b"": 2.2, ""a"": 3.5, ""l"": 15.0, ""fi"": 12.4}, {""d"": 50, ""d1"": 48.5, ""d1_tol"": ""±0.8"", ""h"": 3.2, ""h_tol"": ""±1.2"", ""h1"": 3.8, ""b"": 2.5, ""a"": 4.0, ""l"": 16.0, ""fi"": 15.5}]}","[""肋尺寸"",""横肋"",""纵肋"",""内径"",""肋间距"",""允许偏差""]",10,0.90,待复核
GB1499.2-2024-5.6-表4,GB 1499.2-2024,5.6,表4,钢筋实际重量与理论重量的允许偏差,tolerance,钢筋实际重量与理论重量允许偏差：6~12mm为±5.5%，14~20mm为±4.5%，22~50mm为±3.5%,"{""weight_deviation"": [{""d_range"": ""6~12"", ""deviation"": ""±5.5%""}, {""d_range"": ""14~20"", ""deviation"": ""±4.5%""}, {""d_range"": ""22~50"", ""deviation"": ""±3.5%""}]}","[""重量偏差"",""允许偏差"",""理论重量""]",14,0.95,待复核
GB1499.2-2024-6.2-表5,GB 1499.2-2024,6.2,表5,钢筋化学成分和碳当量,chemical,"钢筋化学成分(熔炼分析)：HRB400/HRB400E/HRBF400/HRBF400E:C≤0.25%,Si≤0.80%,Mn≤1.60%,P≤0.045%,S≤0.045%,Ceq≤0.54%；HRB500同但Ceq≤0.55%；HRB600:C≤0.28%,Ceq≤0.58%","{""chemistry"": [{""grade"": ""HRB400/HRB400E/HRBF400/HRBF400E"", ""C"": 0.25, ""Si"": 0.80, ""Mn"": 1.60, ""P"": 0.045, ""S"": 0.045, ""Ceq"": 0.54}, {""grade"": ""HRB500/HRB500E/HRBF500/HRBF500E"", ""C"": 0.25, ""Si"": 0.80, ""Mn"": 1.60, ""P"": 0.045, ""S"": 0.045, ""Ceq"": 0.55}, {""grade"": ""HRB600"", ""C"": 0.28, ""Si"": 0.80, ""Mn"": 1.60, ""P"": 0.045, ""S"": 0.045, ""Ceq"": 0.58}]}","[""化学成分"",""碳当量"",""熔炼分析"",""C"",""Si"",""Mn"",""P"",""S"",""Ceq""]",14,0.95,待复核
GB1499.2-2024-6.3-表6,GB 1499.2-2024,6.3,表6,钢筋力学性能,mechanical,钢筋力学性能特征值：下屈服强度ReL、抗拉强度Rm、断后伸长率A、最大力总延伸率Agt。牌号带E的还需满足R°m/R°eL≥1.25和R°eL/ReL≤1.30。直径28~40mm断后伸长率可降1%，>40mm可降2%。,"{""mechanical"": [{""grade"": ""HRB400"", ""ReL"": 400, ""Rm"": 540, ""A"": 16, ""Agt"": 7.5, ""Rm_R0eL"": null, ""ReL_ratio"": null}, {""grade"": ""HRB400E"", ""ReL"": 400, ""Rm"": 540, ""A"": null, ""Agt"": 9.0, ""Rm_R0eL"": 1.25, ""ReL_ratio"": 1.30}, {""grade"": ""HRB500"", ""ReL"": 500, ""Rm"": 630, ""A"": 15, ""Agt"": 7.5, ""Rm_R0eL"": null, ""ReL_ratio"": null}, {""grade"": ""HRB500E"", ""ReL"": 500, ""Rm"": 630, ""A"": null, ""Agt"": 9.0, ""Rm_R0eL"": 1.25, ""ReL_ratio"": 1.30}, {""grade"": ""HRB600"", ""ReL"": 600, ""Rm"": 730, ""A"": 14, ""Agt"": 7.5, ""Rm_R0eL"": null, ""ReL_ratio"": null}]}","[""力学性能"",""屈服强度"",""抗拉强度"",""断后伸长率"",""强屈比"",""超强比""]",15,0.95,待复核
GB1499.2-2024-6.4-表7,GB 1499.2-2024,6.4,表7,钢筋弯曲性能,performance,"弯曲性能：按牌号和直径范围使用不同弯心直径弯曲180°后，钢筋受弯曲部位表面不应产生裂纹。HRB400:6~25mm用4d,28~40mm用5d,>40~50mm用6d；HRB500:6~25mm用6d,28~40mm用7d,>40~50mm用8d","{""bending"": [{""grade"": ""HRB400/HRBF400/HRB400E/HRBF400E"", ""d_range"": ""6~25"", ""mandrel"": ""4d""}, {""grade"": ""HRB400/HRBF400/HRB400E/HRBF400E"", ""d_range"": ""28~40"", ""mandrel"": ""5d""}, {""grade"": ""HRB400/HRBF400/HRB400E/HRBF400E"", ""d_range"": "">40~50"", ""mandrel"": ""6d""}, {""grade"": ""HRB500/HRBF500/HRB500E/HRBF500E"", ""d_range"": ""6~25"", ""mandrel"": ""6d""}, {""grade"": ""HRB500/HRBF500/HRB500E/HRBF500E"", ""d_range"": ""28~40"", ""mandrel"": ""7d""}, {""grade"": ""HRB500/HRBF500/HRB500E/HRBF500E"", ""d_range"": "">40~50"", ""mandrel"": ""8d""}, {""grade"": ""HRB600"", ""d_range"": ""6~25"", ""mandrel"": ""6d""}, {""grade"": ""HRB600"", ""d_range"": ""28~40"", ""mandrel"": ""7d""}, {""grade"": ""HRB600"", ""d_range"": "">40~50"", ""mandrel"": ""8d""}]}","[""弯曲性能"",""冷弯"",""弯心直径"",""弯曲180度""]",16,0.95,待复核
GB1499.2-2024-6.4.2-反向弯曲,GB 1499.2-2024,6.4.2,,反向弯曲性能,performance,牌号带E的钢筋应进行反向弯曲试验。正向弯曲90°→100±10°C保温≥30min→自然冷却→反向弯曲20°。弯曲压头直径比弯曲试验相应增加1个钢筋公称直径。两个弯曲角度均应在保持载荷时测量。,"{""reverse_bending"": {""applicable"": ""牌号带E"", ""procedure"": ""正向90°→100°C保温30min→反向20°"", ""mandrel"": ""弯曲试验+1d""}}","[""反向弯曲"",""抗震钢筋"",""E牌号""]",16,0.90,待复核
GB1499.2-2024-6.7-晶粒度,GB 1499.2-2024,6.7,,晶粒度,technical_requirement,细晶粒热轧钢筋(HRBF系列)晶粒度为9级或更细。经供需双方协商，准许不做晶粒度检验。,"{""fine_grain"": {""min_grain_size"": 9, ""applicable"": ""HRBF系列"", ""optional_test"": true}}","[""晶粒度"",""细晶粒"",""HRBF""]",17,0.90,待复核
GB1499.2-2024-9.1-标志,GB 1499.2-2024,9.1,,钢筋表面标志,marking,"钢筋表面轧制标志：HRB400=4,HRB500=5,HRB600=6,HRBF400=C4,HRBF500=C5,HRB400E=4E,HRB500E=5E,HRBF400E=C4E,HRBF500E=C5E。应同时轧制生产企业序号和公称直径毫米数。","{""marking"": [{""grade"": ""HRB400"", ""mark"": ""4""}, {""grade"": ""HRB500"", ""mark"": ""5""}, {""grade"": ""HRB600"", ""mark"": ""6""}, {""grade"": ""HRBF400"", ""mark"": ""C4""}, {""grade"": ""HRBF500"", ""mark"": ""C5""}, {""grade"": ""HRB400E"", ""mark"": ""4E""}, {""grade"": ""HRB500E"", ""mark"": ""5E""}, {""grade"": ""HRBF400E"", ""mark"": ""C4E""}, {""grade"": ""HRBF500E"", ""mark"": ""C5E""}]}","[""表面标志"",""牌号标志"",""轧制标志""]",22,0.95,待复核
GB14902-2012-4.1-表1,GB/T 14902-2012,4.1,表1,预拌混凝土分类,classification,"预拌混凝土分为常规品(代号A,强度等级代号C)和特制品(代号B)。特制品包括：高强混凝土(H)、自密实混凝土(S)、纤维混凝土(F/CF)、轻骨料混凝土(L/LC)、重混凝土(W)。","{""categories"": [{""code"": ""A"", ""name"": ""常规品"", ""strength_prefix"": ""C"", ""special"": false}, {""code"": ""B"", ""name"": ""特制品"", ""subtypes"": [{""code"": ""H"", ""name"": ""高强混凝土""}, {""code"": ""S"", ""name"": ""自密实混凝土""}, {""code"": ""F"", ""name"": ""纤维混凝土(合成纤维)""}, {""code"": ""CF"", ""name"": ""纤维混凝土(钢纤维)""}, {""code"": ""L"", ""name"": ""轻骨料混凝土"", ""strength_prefix"": ""LC""}, {""code"": ""W"", ""name"": ""重混凝土""}]}]}","[""预拌混凝土"",""分类"",""常规品"",""特制品"",""高强"",""自密实"",""纤维"",""轻骨料"",""重混凝土""]",3,0.95,待复核
GB14902-2012-4.2.1-强度等级,GB/T 14902-2012,4.2.1,,混凝土强度等级,grade,混凝土强度等级C10~C100共21个等级：C10/C15/C20/C25/C30/C35/C40/C45/C50/C55/C60/C65/C70/C75/C80/C85/C90/C95/C100,"{""grades"": [""C10"", ""C15"", ""C20"", ""C25"", ""C30"", ""C35"", ""C40"", ""C45"", ""C50"", ""C55"", ""C60"", ""C65"", ""C70"", ""C75"", ""C80"", ""C85"", ""C90"", ""C95"", ""C100""]}","[""强度等级"",""C10"",""C15"",""C20"",""C25"",""C30"",""C35"",""C40""]",4,0.95,待复核
GB14902-2012-4.2.2-表2,GB/T 14902-2012,4.2.2,表2,混凝土坍落度等级,grade,"坍落度等级：S1(10~40mm),S2(50~90mm),S3(100~150mm),S4(160~210mm),S5(≥220mm)","{""slump_grades"": [{""grade"": ""S1"", ""range"": ""10~40"", ""min"": 10, ""max"": 40}, {""grade"": ""S2"", ""range"": ""50~90"", ""min"": 50, ""max"": 90}, {""grade"": ""S3"", ""range"": ""100~150"", ""min"": 100, ""max"": 150}, {""grade"": ""S4"", ""range"": ""160~210"", ""min"": 160, ""max"": 210}, {""grade"": ""S5"", ""range"": ""≥220"", ""min"": 220, ""max"": null}]}","[""坍落度"",""S1"",""S2"",""S3"",""S4"",""S5"",""混凝土坍落度""]",4,0.95,待复核
GB14902-2012-4.2.2-表3,GB/T 14902-2012,4.2.2,表3,混凝土扩展度等级,grade,"扩展度等级：F1(≤340mm),F2(350~410mm),F3(420~480mm),F4(490~550mm),F5(560~620mm),F6(≥630mm)","{""flow_grades"": [{""grade"": ""F1"", ""range"": ""≤340"", ""max"": 340}, {""grade"": ""F2"", ""range"": ""350~410"", ""min"": 350, ""max"": 410}, {""grade"": ""F3"", ""range"": ""420~480"", ""min"": 420, ""max"": 480}, {""grade"": ""F4"", ""range"": ""490~550"", ""min"": 490, ""max"": 550}, {""grade"": ""F5"", ""range"": ""560~620"", ""min"": 560, ""max"": 620}, {""grade"": ""F6"", ""range"": ""≥630"", ""min"": 630, ""max"": null}]}","[""扩展度"",""F1"",""F2"",""F3"",""F4"",""F5"",""F6"",""扩展直径""]",5,0.95,待复核
GB14902-2012-4.2.3-表4,GB/T 14902-2012,4.2.3,表4,混凝土耐久性能等级,grade,"耐久性能等级：抗冻(快冻F50~>F400,慢冻D50~>D200)、抗渗(P4~>P12)、抗硫酸盐(KS30~KS150)、抗氯离子渗透RCM(Ⅰ~Ⅴ)、电通量Q(Ⅰ~Ⅴ)、抗碳化T(Ⅰ~Ⅴ)","{""durability"": {""frost_fast"": [""F50"", ""F100"", ""F150"", ""F200"", ""F250"", ""F300"", ""F350"", ""F400"", "">F400""], ""frost_slow"": [""D50"", ""D100"", ""D150"", ""D200"", "">D200""], ""impermeability"": [""P4"", ""P6"", ""P8"", ""P10"", ""P12"", "">P12""], ""sulfate"": [""KS30"", ""KS60"", ""KS90"", ""KS120"", ""KS150"", "">KS150""], ""chloride_rcm"": [""RCM-Ⅰ(≥4.5)"", ""RCM-Ⅱ(3.5~4.5)"", ""RCM-Ⅲ(2.5~3.5)"", ""RCM-Ⅳ(1.5~2.5)"", ""RCM-Ⅴ(<1.5)""], ""chloride_q"": [""Q-Ⅰ(≥4000C)"", ""Q-Ⅱ(2000~4000C)"", ""Q-Ⅲ(1000~2000C)"", ""Q-Ⅳ(500~1000C)"", ""Q-Ⅴ(<500C)""], ""carbonation"": [""T-Ⅰ(≥30mm)"", ""T-Ⅱ(20~30mm)"", ""T-Ⅲ(10~20mm)"", ""T-Ⅳ(0.1~10mm)"", ""T-Ⅴ(<0.1mm)""]}}","[""耐久性"",""抗冻"",""抗渗"",""抗硫酸盐"",""氯离子"",""碳化""]",6,0.90,待复核
GB14902-2012-6.1-强度,GB/T 14902-2012,6.1,,混凝土强度要求,performance,混凝土强度应满足设计要求，检验评定应符合GB/T 50107的规定。,,"[""强度"",""检验"",""GB/T50107""]",11,0.90,待复核
GB14902-2012-6.2-表8,GB/T 14902-2012,6.2,表8,混凝土坍落度允许偏差,tolerance,坍落度允许偏差：控制目标值≤40mm:±10mm；50~90mm:±20mm；≥100mm:±30mm。常规品泵送混凝土坍落度控制目标值不宜大于180mm，坍落度经时损失不宜大于30mm/h。扩展度≥350mm允许偏差±30mm。,"{""slump_tolerance"": [{""target"": ""≤40"", ""deviation"": ""±10""}, {""target"": ""50~90"", ""deviation"": ""±20""}, {""target"": ""≥100"", ""deviation"": ""±30""}], ""flow_tolerance"": {""target"": ""≥350"", ""deviation"": ""±30""}, ""pumping_recommendation"": {""max_slump"": 180, ""max_loss"": 30}}","[""坍落度允许偏差"",""经时损失"",""泵送"",""稠度偏差""]",11,0.95,待复核
GB14902-2012-6.4-含气量,GB/T 14902-2012,6.4,,混凝土含气量,performance,混凝土含气量实测值不宜大于7%，与合同规定值的允许偏差不宜超过±1.0%。,"{""max"": 7, ""deviation"": ""±1.0"", ""unit"": ""%""}","[""含气量""]",11,0.90,待复核
GB14902-2012-6.5-表9,GB/T 14902-2012,6.5,表9,水溶性氯离子最大含量,chemical,混凝土拌合物中水溶性氯离子最大含量(水泥用量质量百分比)：钢筋混凝土：干燥0.3%/潮湿不含氯0.2%/潮湿含氯0.1%/除冰盐0.06%；预应力混凝土：0.06%；素混凝土：潮湿不含氯1.0%,"{""chloride_limits"": [{""environment"": ""干燥环境"", ""reinforced"": 0.3, ""prestressed"": 0.06, ""plain"": 1.0}, {""environment"": ""潮湿但不含氯离子"", ""reinforced"": 0.2, ""prestressed"": 0.06, ""plain"": 1.0}, {""environment"": ""潮湿含氯离子/盐渍土"", ""reinforced"": 0.1, ""prestressed"": 0.06, ""plain"": 1.0}, {""environment"": ""除冰盐等侵蚀性腐蚀"", ""reinforced"": 0.06, ""prestressed"": 0.06, ""plain"": 1.0}]}","[""氯离子"",""水溶性氯离子"",""氯离子含量"",""限值""]",12,0.95,待复核
GB14902-2012-4.3-标记,GB/T 14902-2012,4.3,,预拌混凝土标记方法,marking,标记顺序：a)常规品/特制品代号 b)特制品种类代号 c)强度等级 d)坍落度控制目标值(等级代号) e)耐久性能等级代号 f)标准号。示例：A-C50-180(S4)-F250Q-Ⅲ(1000)-GB/T14902,"{""format"": ""[分类代号]-[强度等级]-[坍落度目标]([坍落度等级])-[耐久性]-GB/T14902""}","[""标记"",""规格表示""]",4,0.90,待复核
GB3091-2025-5-分类,GB/T 3091-2025,5,,钢管分类代号,classification,焊接钢管按制造工艺分为：HFW(直缝高频电阻焊)、SAWL(直缝埋弧焊)、SAWH(螺旋缝埋弧焊)。可按表面状态分为不镀锌管和镀锌管。,"{""types"": [""HFW(直缝高频电阻焊)"", ""SAWL(直缝埋弧焊)"", ""SAWH(螺旋缝埋弧焊)""], ""surface"": [""不镀锌"", ""镀锌""]}","[""焊接钢管"",""HFW"",""SAWL"",""SAWH"",""直缝"",""螺旋缝"",""镀锌""]",分类,0.85,待复核
GB3091-2025-6-表1,GB/T 3091-2025,6,表1,钢管外径和壁厚(小口径),dimension,"DN6~DN200公称通径对应的三个系列外径和最小壁厚。系列1(通用系列)、系列2(沿用系列)、系列3(特殊系列)。举例：DN15:外径21.3mm(系列1);DN50:外径60.3mm,最小壁厚3.8mm。","{""dn_table_small"": [{""dn"": 15, ""od_s1"": 21.3, ""od_s2"": 21.0, ""od_s3"": 20.0, ""wt_min"": 2.0}, {""dn"": 20, ""od_s1"": 26.9, ""od_s2"": 26.0, ""od_s3"": 25.0, ""wt_min"": 2.0}, {""dn"": 25, ""od_s1"": 33.7, ""od_s2"": 33.0, ""od_s3"": 32.0, ""wt_min"": 2.3}, {""dn"": 32, ""od_s1"": 42.4, ""od_s2"": 42.0, ""od_s3"": 40.0, ""wt_min"": 2.6}, {""dn"": 40, ""od_s1"": 48.3, ""od_s2"": 48.0, ""od_s3"": 47.0, ""wt_min"": 2.9}, {""dn"": 50, ""od_s1"": 60.3, ""od_s2"": 60.0, ""od_s3"": 59.0, ""wt_min"": 3.2}, {""dn"": 65, ""od_s1"": 76.1, ""od_s2"": 76.0, ""od_s3"": 75.0, ""wt_min"": 3.2}, {""dn"": 80, ""od_s1"": 88.9, ""od_s2"": 89.0, ""od_s3"": 88.0, ""wt_min"": 3.6}, {""dn"": 100, ""od_s1"": 114.3, ""od_s2"": 114.0, ""od_s3"": 113.0, ""wt_min"": 4.0}, {""dn"": 125, ""od_s1"": 139.7, ""od_s2"": 140.0, ""od_s3"": 138.0, ""wt_min"": 4.0}, {""dn"": 150, ""od_s1"": 165.1, ""od_s2"": 165.0, ""od_s3"": null, ""wt_min"": 4.5}, {""dn"": 200, ""od_s1"": 219.1, ""od_s2"": 219.0, ""od_s3"": null, ""wt_min"": 6.0}]}","[""DN"",""外径"",""壁厚"",""公称通径"",""钢管规格""]",最小壁厚,0.80,待复核
GB3091-2025-6-外径允许偏差,GB/T 3091-2025,6,,钢管外径允许偏差,tolerance,外径允许偏差：D≤48.3mm:±0.5mm；48.3mm<D≤219.1mm:±1%D；D>219.1mm:±0.75%D或±1.0%D(按尺寸分档),"{""od_tolerance"": [{""range"": ""D≤48.3"", ""deviation"": ""±0.5mm""}, {""range"": ""48.3<D≤219.1"", ""deviation"": ""±1%D""}, {""range"": ""D>219.1"", ""deviation"": ""±0.75%D或±1.0%D""}]}","[""外径允许偏差""]",公差,0.80,待复核
GB3091-2025-6-壁厚允许偏差,GB/T 3091-2025,6,,钢管壁厚允许偏差,tolerance,钢管壁厚允许偏差为±10%t(t为公称壁厚)。,,"[""壁厚允许偏差"",""公差"",""壁厚""]",±10%,0.80,待复核
